cell_id,center_lat,center_lon,ndvi_2018,ndvi_2021,ndvi_2024,ndvi_change_2015_2018,ndvi_change_2018_2021,ndvi_change_2021_2024,ndvi_total_change,ndvi_mean,ndvi_std,ndvi_accel,fragmentation_index,road_length_km,building_count,infra_pressure,urban_proximity_score,dist_to_cbd_km,rainfall_anomaly,rainfall_stress,gbif_observations,gbif_species_count,biodiversity_density,lag_stress_score,ecological_vulnerability_score,degradation_label,predicted_label,pred_confidence,latent_stress_1,latent_stress_2,latent_stress_3,latent_stress_score,latent_stress_norm,cluster,cluster_name
0,12.7045,77.3045,0.113,0.5839,0.2955,-0.6665,0.4709,-0.2884,-0.484,0.3308,0.237426346474017,-0.7593,0.7177,0.0,0,0.0,0.022627,43.1946,124.62999999999988,0,0.0,0.0,0.0,0.2,0.2519,stable,stable,0.945,-0.7558,67.2589,10.3239,67.2632,0.0835,0,Vegetation-loss zone
1,12.7045,77.3135,0.2557,0.0966,0.0403,-0.5862,-0.1590999999999999,-0.0563,-0.8016,0.1308666666666666,0.1117136667258457,0.1027999999999999,0.8536,0.0,0,0.0,0.022993,42.4911,56.040899653979245,0,0.0,0.0,0.0,0.2236,0.3941,at_risk,at_risk,0.805,-2.8117,-0.8285,13.251,2.9312,0.0022,0,Vegetation-loss zone
2,12.7045,77.3225,0.3322,0.4778,0.2408,-0.3515,0.1456,-0.237,-0.4428999999999999,0.3502666666666666,0.1195284624402628,-0.3826,0.3412,0.0,0,0.0,0.023365,41.7985,56.040899653979245,0,0.0,0.0,0.0,0.1054,0.2122,stable,stable,0.995,-2.811,-0.873,12.5593,2.9434,0.0022,0,Vegetation-loss zone
3,12.7045,77.3315,0.0146,0.3895,0.3282,-0.7779,0.3749,-0.0613,-0.4643,0.2440999999999999,0.2011022376802406,-0.4362,0.8238,0.0,0,0.0,0.023743,41.1174,56.040899653979245,0,0.0,0.0,0.0,0.2334,0.2502,stable,stable,0.955,-2.8102,-0.9152,11.8933,2.9555,0.0022,0,Vegetation-loss zone
4,12.7045,77.3405,0.1946,0.3476,0.3024,-0.4171,0.153,-0.0452,-0.3093,0.2815333333333333,0.0786054281416578,-0.1982,0.2792,0.0,0,0.0,0.024126,40.4483,56.040899653979245,0,0.0,0.0,0.0,0.1251,0.1523,stable,stable,1.0,-2.8089,-0.9604,11.2197,2.9685,0.0023,0,Vegetation-loss zone
5,12.7045,77.3495,0.0262,0.2459,0.3425,-0.6424,0.2197,0.0966,-0.3260999999999999,0.2048666666666666,0.1620932550519402,-0.1231,0.7912,0.0,0,0.0,0.024515,39.7917,88.69000000000005,0,0.0,0.0,0.0,0.1927,0.1901,stable,stable,0.985,-1.8286,31.3853,8.8461,31.4386,0.0382,0,Vegetation-loss zone
6,12.7045,77.3585,0.2606,0.2977,0.1925,-0.4995,0.0371,-0.1052,-0.5676,0.2502666666666667,0.0533558181769648,-0.1423,0.2132,0.0,0,0.0,0.024908,39.1485,56.040899653979245,0,0.0,0.0,0.0,0.1498,0.2574,stable,stable,0.995,-2.8069,-1.044,9.9305,2.9948,0.0023,0,Vegetation-loss zone
7,12.7045,77.3675,0.3387,0.6991,0.4097,-0.3698,0.3604,-0.2894,-0.2988,0.4825,0.1909107644948288,-0.6497999999999999,0.3957,0.0,0,0.0,0.025304,38.5191,56.040899653979245,0,0.0,0.0,0.0,0.1109,0.1551,stable,stable,1.0,-2.8067,-1.0842,9.3063,3.0089,0.0023,0,Vegetation-loss zone
8,12.7045,77.3765,0.2503,0.5071,0.292,-0.3404999999999999,0.2568,-0.2151,-0.2988,0.3498,0.1378121547614723,-0.4719,0.394,0.0,0,0.0,0.025704,37.9044,56.040899653979245,0,0.0,0.0,0.0,0.1021,0.155,stable,stable,1.0,-2.8056,-1.1243,8.6958,3.0225,0.0023,0,Vegetation-loss zone
9,12.7045,77.3855,0.1801,0.3877,0.3131,-0.5128999999999999,0.2075999999999999,-0.0746,-0.3798999999999999,0.2936333333333333,0.1051601318624759,-0.2821999999999999,0.3581,0.0,0,0.0,0.026106,37.305,56.040899653979245,0,0.0,0.0,0.0,0.1539,0.1872,stable,stable,1.0,-2.8046,-1.1628,8.1026,3.036,0.0023,0,Vegetation-loss zone
10,12.7045,77.3945,0.2528,0.1571,0.0961,-0.2532999999999999,-0.0957,-0.0609999999999999,-0.41,0.1686666666666666,0.0789877416649782,0.0347,0.4683,0.0,0,0.0,0.02651,36.7217,74.73000000000002,0,0.0,0.0,0.0,0.1047,0.2066,stable,stable,1.0,-2.2429,17.3372,6.5302,17.4816,0.0206,0,Vegetation-loss zone
11,12.7045,77.4035,0.2957,0.1449,0.1236,-0.5054000000000001,-0.1508,-0.0213,-0.6775,0.1880666666666667,0.093819631918556,0.1295,0.4989,0.0,0,0.0,0.026914,36.1552,56.040899653979245,0,0.0,0.0,0.0,0.1969,0.3214,stable,stable,0.86,-2.8026,-1.238,6.9602,3.0639,0.0024,0,Vegetation-loss zone
12,12.7045,77.4125,0.1185,0.7986,0.4482,-0.7727999999999999,0.6800999999999999,-0.3504,-0.4431,0.4551,0.340102499255739,-1.0305,0.7473,0.0,0,0.0,0.027318,35.6064,56.040899653979245,0,0.0,0.0,0.0,0.2318,0.2374,stable,stable,0.915,-2.8031,-1.2698,6.4262,3.0772,0.0024,0,Vegetation-loss zone
13,12.7045,77.4215,0.2557,0.2329,0.2346,-0.5972999999999999,-0.0227999999999999,0.0017,-0.6184,0.2410666666666666,0.0127013122681608,0.0244999999999999,0.0527,0.0,0,0.0,0.027719,35.0761,56.040899653979245,0,0.0,0.0,0.0,0.186,0.2699,stable,stable,0.995,-2.801,-1.3069,5.889,3.0909,0.0024,0,Vegetation-loss zone
14,12.7045,77.4305,0.4902,0.5285,0.3492,-0.1901,0.0382999999999999,-0.1792999999999999,-0.3311,0.4559666666666666,0.0944249084369867,-0.2175999999999998,0.2071,0.0,0,0.0,0.028117,34.5652,56.040899653979245,0,0.0,0.0,0.0,0.057,0.158,stable,stable,1.0,-2.8008,-1.3413,5.3764,3.1054,0.0024,0,Vegetation-loss zone
67,12.7135,77.3045,0.1314,0.5016,0.3109,-0.2489,0.3702000000000001,-0.1907,-0.0694,0.3146333333333333,0.1851282348355683,-0.5609000000000001,0.5884,0.0,0,0.0,0.022981,42.5142,56.040899653979245,0,0.0,0.0,0.0,0.0747,0.0693,stable,stable,0.915,-2.8122,-0.8269,13.2708,2.9313,0.0022,0,Vegetation-loss zone
68,12.7135,77.3135,0.4878,0.3971,0.243,0.091,-0.0907,-0.1541,-0.1538,0.3759666666666666,0.1237607503747991,-0.0633999999999999,0.3292,0.0,0,0.0,0.023365,41.7994,56.040899653979245,0,0.0,0.0,0.0,0.0272,0.0895,stable,stable,0.995,-2.8108,-0.8757,12.5514,2.9441,0.0022,0,Vegetation-loss zone
69,12.7135,77.3225,0.4198,0.3488,0.1666,-0.3829999999999999,-0.071,-0.1822,-0.6362,0.3117333333333333,0.1306063296066976,-0.1112,0.419,0.0,0,0.0,0.023756,41.0952,56.040899653979245,0,0.0,0.0,0.0,0.1362,0.2985,stable,stable,1.0,-2.8098,-0.9189,11.8606,2.9563,0.0022,0,Vegetation-loss zone
70,12.7135,77.3315,0.3192,0.6219,0.1671,-0.2537999999999999,0.3027,-0.4548,-0.4058999999999999,0.3694,0.2315184441896584,-0.7575000000000001,0.6267,0.0,0,0.0,0.024153,40.4023,88.69000000000005,0,18.0,18.0,1.0,0.0761,0.2138,stable,stable,1.0,18.8231,32.3666,7.8611,37.442,0.0458,0,Vegetation-loss zone
71,12.7135,77.3405,0.1791,0.5346,0.3225,-0.4619999999999999,0.3554999999999999,-0.2120999999999999,-0.3186,0.3454,0.1788529284076724,-0.5675999999999999,0.5178,0.0,0,0.0,0.024557,39.7211,56.040899653979245,0,0.0,0.0,0.0,0.1386,0.1706,stable,stable,1.0,-2.8083,-1.0063,10.5016,2.9832,0.0023,0,Vegetation-loss zone
72,12.7135,77.3495,0.3359,0.3069,0.1528,-0.3157,-0.0289999999999999,-0.1541,-0.4987999999999999,0.2652,0.0984152935269717,-0.1251000000000001,0.3711,0.0,0,0.0,0.024967,39.0524,56.040899653979245,0,0.0,0.0,0.0,0.1034,0.2379,stable,stable,1.0,-2.8069,-1.0511,9.8328,2.9972,0.0023,0,Vegetation-loss zone
73,12.7135,77.3585,0.3299,0.4139,0.1003,-0.3455999999999999,0.0839999999999999,-0.3136,-0.5751999999999999,0.2813666666666667,0.1623356194226434,-0.3975999999999999,0.577,0.0,0,0.0,0.025383,38.3969,56.040899653979245,0,0.0,0.0,0.0,0.1037,0.2826,stable,stable,0.995,-2.8063,-1.0927,9.1852,3.0115,0.0023,0,Vegetation-loss zone
74,12.7135,77.3675,0.2499,0.515,0.1966,-0.363,0.2651,-0.3184,-0.4163,0.3205,0.1705371220585125,-0.5835,0.5321,0.0,0,0.0,0.025803,37.755,56.040899653979245,0,0.0,0.0,0.0,0.1089,0.2129,stable,stable,0.99,-2.8056,-1.1336,8.5493,3.0259,0.0023,0,Vegetation-loss zone
75,12.7135,77.3765,0.3217,0.4361,0.0734,-0.1497,0.1144,-0.3626999999999999,-0.3979999999999999,0.2770666666666667,0.1854236320789055,-0.4770999999999999,0.6692,0.0,0,0.0,0.026228,37.1277,74.73000000000002,0,0.0,0.0,0.0,0.0449,0.2135,stable,stable,1.0,-2.244,17.3641,6.9347,17.5085,0.0206,0,Vegetation-loss zone
76,12.7135,77.3855,0.1258,0.4546,0.4926,-0.5002,0.3288,0.0379999999999999,-0.1334,0.3576666666666666,0.2016993141617822,-0.2908,0.5639,0.0,0,0.0,0.026656,36.5156,56.040899653979245,0,0.0,0.0,0.0,0.1501,0.0956,stable,stable,1.0,-2.8036,-1.214,7.3198,3.0552,0.0024,0,Vegetation-loss zone
77,12.7135,77.3945,0.1842,0.5113,0.1366,-0.5816,0.3270999999999999,-0.3747,-0.6292,0.2773666666666667,0.2039853998043324,-0.7017999999999999,0.7354,0.0,0,0.0,0.027086,35.9195,56.040899653979245,0,0.0,0.0,0.0,0.1745,0.3152,stable,stable,0.995,-2.8031,-1.2509,6.7331,3.0696,0.0024,0,Vegetation-loss zone
78,12.7135,77.4035,0.4077,0.6986,0.435,-0.1235,0.2909,-0.2636,-0.0962,0.5137666666666667,0.1606513097778332,-0.5545,0.3127,0.0,0,0.0,0.027518,35.3402,56.040899653979245,0,0.0,0.0,0.0,0.037,0.0651,stable,stable,1.0,-2.8022,-1.2908,6.1468,3.0852,0.0024,0,Vegetation-loss zone
79,12.7135,77.4125,0.5452,0.7577,0.4743,-0.0750999999999999,0.2125,-0.2834,-0.1459999999999999,0.5924,0.1474780322624356,-0.4959,0.2489,0.0,0,0.0,0.02795,34.7786,56.040899653979245,0,0.0,0.0,0.0,0.0225,0.0824,stable,stable,1.0,-2.8014,-1.3274,5.5874,3.1,0.0024,0,Vegetation-loss zone
80,12.7135,77.4215,0.4662,0.5902,0.4069,-0.3348,0.1239999999999999,-0.1832999999999999,-0.3941,0.4877666666666667,0.0935337550477544,-0.3072999999999998,0.1918,0.0,0,0.0,0.02838,34.2355,103.44999999999982,0,1.0,1.0,1.0,0.1004,0.1837,stable,stable,1.0,-0.2181,45.7232,2.451,45.7238,0.0563,0,Vegetation-loss zone
81,12.7135,77.4305,0.5511,0.4677,0.3059,-0.1726999999999999,-0.0834,-0.1618,-0.4179,0.4415666666666667,0.1246714615833685,-0.0784,0.2823,0.0,0,0.0,0.028809,33.7119,56.040899653979245,0,0.0,0.0,0.0,0.0768,0.1992,stable,stable,1.0,-2.7995,-1.3968,4.5289,3.1286,0.0025,0,Vegetation-loss zone
134,12.7225,77.3045,0.5819,0.2227,0.1439,-0.0031999999999999,-0.3591999999999999,-0.0788,-0.4411999999999999,0.3161666666666666,0.2334802204327667,0.2803999999999999,0.7385,0.0,0,0.0,0.023339,41.8467,56.040899653979245,0,0.0,0.0,0.0,0.1087,0.2353,stable,stable,0.985,-2.8108,-0.8732,12.5997,2.9433,0.0022,0,Vegetation-loss zone
135,12.7225,77.3135,0.4178,0.5229,0.4617,-0.346,0.1051,-0.0612,-0.3021,0.4674666666666667,0.052786772332975,-0.1663,0.1129,0.0,0,0.0,0.023742,41.1203,124.62999999999988,0,0.0,0.0,0.0,0.1038,0.1392,stable,stable,1.0,-0.7523,67.1222,8.2531,67.1264,0.0834,0,Vegetation-loss zone
136,12.7225,77.3225,0.5808,0.3633,0.1498,-0.0272,-0.2174999999999999,-0.2135,-0.4582,0.3646333333333333,0.2155030935586153,0.0039999999999998,0.591,0.0,0,0.0,0.024152,40.4043,56.040899653979245,0,0.0,0.0,0.0,0.0734,0.2338,stable,stable,1.0,-2.8089,-0.9655,11.1693,2.9702,0.0023,0,Vegetation-loss zone
137,12.7225,77.3315,0.4044,-0.0004,0.0258,-0.3636,-0.4048,0.0262,-0.7422,0.1432666666666666,0.2265272021928786,0.431,1.5811,0.0,0,0.0,0.02457,39.6994,56.040899653979245,0,0.0,0.0,0.0,0.2305,0.413,at_risk,at_risk,0.88,-2.8079,-1.0109,10.4784,2.9843,0.0023,0,Vegetation-loss zone
138,12.7225,77.3405,0.2219,0.7381,0.1091,-0.3633,0.5162,-0.629,-0.4761000000000001,0.3563666666666666,0.3353672812504722,-1.1452,0.9411,0.0,0,0.0,0.024996,39.006,56.040899653979245,0,0.0,0.0,0.0,0.109,0.2625,stable,stable,0.975,-2.808,-1.0515,9.7958,2.9984,0.0023,0,Vegetation-loss zone
139,12.7225,77.3495,0.1977,0.3224,0.1696,-0.4764,0.1247,-0.1528,-0.5045000000000001,0.2299,0.0813301297183276,-0.2774999999999999,0.3538,0.0,0,0.0,0.025429,38.3249,56.040899653979245,0,0.0,0.0,0.0,0.1429,0.2394,stable,stable,1.0,-2.8059,-1.097,9.1145,3.0127,0.0023,0,Vegetation-loss zone
140,12.7225,77.3585,0.1374,0.2073,0.0779,-0.5015000000000001,0.0699,-0.1294,-0.561,0.1408666666666666,0.0647696173628757,-0.1992999999999999,0.4598,0.0,0,0.0,0.025869,37.6567,56.040899653979245,0,0.0,0.0,0.0,0.1504,0.2696,stable,stable,1.0,-2.8049,-1.1402,8.4525,3.0278,0.0023,0,Vegetation-loss zone
141,12.7225,77.3675,0.2733,0.5106,0.2102,-0.0615,0.2373,-0.3004,-0.1245999999999999,0.3313666666666666,0.1583945811362666,-0.5377000000000001,0.478,0.0,0,0.0,0.026314,37.0021,56.040899653979245,0,0.0,0.0,0.0,0.0184,0.0867,stable,stable,1.0,-2.8045,-1.1836,7.7971,3.044,0.0024,0,Vegetation-loss zone
142,12.7225,77.3765,0.219,0.7109,0.1855,-0.1933,0.4919,-0.5254,-0.2268,0.3717999999999999,0.2941465111130846,-1.0173,0.7911,0.0,0,0.0,0.026765,36.3618,56.040899653979245,0,0.0,0.0,0.0,0.058,0.1487,stable,stable,1.0,-2.8041,-1.2233,7.1678,3.0594,0.0024,0,Vegetation-loss zone
143,12.7225,77.3855,0.2,0.3536,0.1729,-0.5144,0.1536,-0.1807,-0.5415000000000001,0.2421666666666667,0.0974507225901036,-0.3343,0.4024,0.0,0,0.0,0.027221,35.7367,56.040899653979245,0,0.0,0.0,0.0,0.1543,0.2583,stable,stable,0.995,-2.8024,-1.2638,6.5472,3.0742,0.0024,0,Vegetation-loss zone
144,12.7225,77.3945,0.2617,0.5726,0.4278,-0.4868,0.3109,-0.1447999999999999,-0.3207,0.4207,0.1555715590974134,-0.4556999999999999,0.3698,0.0,0,0.0,0.02768,35.1274,56.040899653979245,0,0.0,0.0,0.0,0.146,0.1632,stable,stable,1.0,-2.8018,-1.3032,5.9415,3.09,0.0024,0,Vegetation-loss zone
145,12.7225,77.4035,0.2329,0.1519,0.1124,-0.5831,-0.0809999999999999,-0.0395,-0.7036,0.1657333333333333,0.0614294988855788,0.0414999999999999,0.3707,0.0,0,0.0,0.028141,34.5349,56.040899653979245,0,0.0,0.0,0.0,0.1992,0.3249,stable,stable,0.84,-2.8003,-1.342,5.3536,3.1053,0.0024,0,Vegetation-loss zone
146,12.7225,77.4125,0.3457,0.5172,0.3409,-0.4889,0.1714999999999999,-0.1763,-0.4937,0.4012666666666666,0.1004298926283073,-0.3477999999999999,0.2503,0.0,0,0.0,0.028604,33.96,56.040899653979245,0,0.0,0.0,0.0,0.1467,0.2293,stable,stable,1.0,-2.8,-1.3787,4.7818,3.121,0.0025,0,Vegetation-loss zone
147,12.7225,77.4215,0.2366,0.4882,0.3626,-0.4633999999999999,0.2516,-0.1256,-0.3374,0.3624666666666666,0.1258000529941595,-0.3772,0.3471,0.0,0,0.0,0.029067,33.4037,56.040899653979245,0,0.0,0.0,0.0,0.139,0.1692,stable,stable,1.0,-2.7992,-1.4147,4.2305,3.1364,0.0025,0,Vegetation-loss zone
148,12.7225,77.4305,-0.0047,0.681,0.2876,-0.6219,0.6857000000000001,-0.3934,-0.3295999999999999,0.3213,0.3440899446365732,-1.0791000000000002,1.0709,0.0,0,0.0,0.029527,32.8668,56.040899653979245,0,0.0,0.0,0.0,0.1866,0.2094,stable,stable,1.0,-2.7993,-1.4472,3.7082,3.1513,0.0025,0,Vegetation-loss zone
201,12.7315,77.3045,0.6123,0.3629,0.3277,-0.1598,-0.2493999999999999,-0.0352,-0.4444,0.4342999999999999,0.1551539880248006,0.2141999999999999,0.3572,0.0,0,0.0,0.023701,41.1926,56.040899653979245,0,0.0,0.0,0.0,0.1228,0.2138,stable,stable,0.99,-2.8098,-0.9146,11.9508,2.9549,0.0022,0,Vegetation-loss zone
202,12.7315,77.3135,0.6357,0.4599,0.2266,0.0532,-0.1758,-0.2332999999999999,-0.3559,0.4407333333333333,0.20522237532329,-0.0574999999999998,0.4656,0.0,0,0.0,0.024123,40.4545,56.040899653979245,0,0.0,0.0,0.0,0.0527,0.1831,stable,stable,1.0,-2.8091,-0.9624,11.2172,2.9694,0.0023,0,Vegetation-loss zone
203,12.7315,77.3225,0.4951,0.3942,0.1684,-0.276,-0.1008999999999999,-0.2258,-0.6027,0.3525666666666667,0.1672818679156032,-0.1249000000000001,0.4745,0.0,0,0.0,0.024554,39.7266,56.040899653979245,0,0.0,0.0,0.0,0.1131,0.2878,stable,stable,1.0,-2.808,-1.0078,10.5009,2.9834,0.0023,0,Vegetation-loss zone
204,12.7315,77.3315,0.1235,0.1663,0.2306,-0.702,0.0428,0.0643,-0.5949,0.1734666666666666,0.0539084718141159,0.0215,0.3108,0.0,0,0.0,0.024994,39.0095,56.040899653979245,0,0.0,0.0,0.0,0.2106,0.2748,stable,stable,1.0,-2.8066,-1.0525,9.7957,2.9975,0.0023,0,Vegetation-loss zone
205,12.7315,77.3405,0.1704,0.2515,0.0976,-0.3093,0.0811,-0.1538999999999999,-0.3821,0.1731666666666666,0.0769872933238552,-0.2349999999999999,0.4446,0.0,0,0.0,0.025443,38.3037,56.040899653979245,0,0.0,0.0,0.0,0.0928,0.1932,stable,stable,1.0,-2.8059,-1.0991,9.0916,3.0135,0.0023,0,Vegetation-loss zone
206,12.7315,77.3495,0.2309,0.5933,0.1659,-0.1835,0.3624,-0.4274,-0.2485,0.3300333333333333,0.2303003546096561,-0.7898000000000001,0.6978,0.0,0,0.0,0.0259,37.6099,56.040899653979245,0,0.0,0.0,0.0,0.055,0.1521,stable,stable,1.0,-2.8056,-1.1433,8.4047,3.0296,0.0023,0,Vegetation-loss zone
207,12.7315,77.3585,0.1144,-0.0038,0.0227,-0.4633,-0.1182,0.0265,-0.5549999999999999,0.0444333333333333,0.0620246993812411,0.1447,1.3959,0.0,0,0.0,0.026365,36.9288,56.040899653979245,0,0.0,0.0,0.0,0.1744,0.3233,stable,stable,0.92,-2.804,-1.1886,7.7324,3.0455,0.0024,0,Vegetation-loss zone
208,12.7315,77.3675,0.1344,0.3004,0.0991,-0.3939,0.166,-0.2013,-0.4292,0.1779666666666666,0.1074893638149065,-0.3673,0.604,0.0,0,0.0,0.026838,36.2611,56.040899653979245,0,0.0,0.0,0.0,0.1182,0.2229,stable,stable,1.0,-2.8032,-1.2304,7.0674,3.0614,0.0024,0,Vegetation-loss zone
209,12.7315,77.3765,0.1348,0.2083,0.0487,-0.3924999999999999,0.0735,-0.1596,-0.4785999999999999,0.1306,0.0798828517267629,-0.2330999999999999,0.6117,0.0,0,0.0,0.027317,35.6075,56.040899653979245,0,0.0,0.0,0.0,0.1177,0.2443,stable,stable,1.0,-2.8022,-1.2729,6.4183,3.0777,0.0024,0,Vegetation-loss zone
210,12.7315,77.3855,0.151,0.6345,0.3396,-0.6084999999999999,0.4834999999999999,-0.2948999999999999,-0.4198999999999999,0.3750333333333333,0.2436897686266974,-0.7783999999999998,0.6498,0.0,0,0.0,0.027802,34.9689,56.040899653979245,0,0.0,0.0,0.0,0.1825,0.2219,stable,stable,1.0,-2.8019,-1.3121,5.7897,3.0939,0.0024,0,Vegetation-loss zone
211,12.7315,77.3945,0.1737,0.2911,0.2159,-0.2933,0.1174,-0.0752,-0.2511,0.2269,0.0594679745745556,-0.1926,0.2621,0.0,0,0.0,0.028292,34.3461,56.040899653979245,0,0.0,0.0,0.0,0.088,0.1276,stable,stable,1.0,-2.8003,-1.3549,5.1627,3.1108,0.0024,0,Vegetation-loss zone
212,12.7315,77.4035,0.1101,0.3965,0.3428,-0.722,0.2864,-0.0537,-0.4892999999999999,0.2831333333333333,0.1522377198112653,-0.3400999999999999,0.5377,0.0,0,0.0,0.028785,33.7399,56.040899653979245,0,0.0,0.0,0.0,0.2166,0.2447,stable,stable,1.0,-2.7997,-1.392,4.5692,3.1266,0.0025,0,Vegetation-loss zone
213,12.7315,77.4125,0.4129,0.8456,0.4376,-0.4766999999999999,0.4327,-0.408,-0.4519999999999999,0.5653666666666667,0.2430032167139631,-0.8407,0.4298,0.0,0,0.0,0.029281,33.1513,56.040899653979245,0,0.0,0.0,0.0,0.143,0.2226,stable,stable,1.0,-2.7994,-1.4299,3.9818,3.1435,0.0025,0,Vegetation-loss zone
214,12.7315,77.4215,0.4993,0.5164,0.2747,-0.3218,0.0170999999999999,-0.2416999999999999,-0.5464,0.4301333333333333,0.1348804779548669,-0.2587999999999998,0.3136,0.0,0,0.0,0.029779,32.5812,56.040899653979245,0,0.0,0.0,0.0,0.0965,0.2555,stable,stable,1.0,-2.798,-1.4687,3.4104,3.1601,0.0025,0,Vegetation-loss zone
215,12.7315,77.4305,0.7602,0.815,0.4521,0.0017,0.0547999999999999,-0.3628999999999999,-0.3063999999999999,0.6757666666666666,0.195629351921774,-0.4176999999999998,0.2895,0.0,0,0.0,0.030275,32.0306,56.040899653979245,0,0.0,0.0,0.0,0.0,0.1529,stable,stable,1.0,-2.7976,-1.5054,2.8581,3.1769,0.0025,0,Vegetation-loss zone
268,12.7405,77.3045,0.6339,0.5322,0.1045,0.0686,-0.1017,-0.4277,-0.4608,0.4235333333333334,0.2809313498585256,-0.326,0.6633,0.0,0,0.0,0.024066,40.5526,56.040899653979245,0,0.0,0.0,0.0,0.0305,0.2392,stable,stable,0.99,-2.8095,-0.9555,11.3169,2.9676,0.0023,0,Vegetation-loss zone
269,12.7405,77.3135,0.2908,0.4529,0.2346,-0.326,0.1621,-0.2183,-0.3822,0.3261,0.1133502977499397,-0.3803999999999999,0.3476,0.0,0,0.0,0.024508,39.8026,56.040899653979245,0,0.0,0.0,0.0,0.0978,0.1872,stable,stable,1.0,-2.8082,-1.002,10.5785,2.9816,0.0023,0,Vegetation-loss zone
270,12.7405,77.3225,0.153,0.1812,0.1411,-0.1853,0.0282,-0.0401,-0.1972,0.1584333333333333,0.0205947404288894,-0.0683,0.13,0.0,0,0.0,0.024961,39.0626,83.34000000000015,0,0.0,0.0,0.0,0.0556,0.0962,stable,stable,1.0,-1.9878,26.0294,8.3959,26.1052,0.0315,0,Vegetation-loss zone
271,12.7405,77.3315,0.3322,0.6614,0.2969,-0.3532,0.3292,-0.3645,-0.3885,0.4301666666666666,0.2010302547710999,-0.6937,0.4673,0.0,0,0.0,0.025424,38.3331,56.040899653979245,0,0.0,0.0,0.0,0.106,0.1972,stable,stable,1.0,-2.8065,-1.0961,9.1224,3.013,0.0023,0,Vegetation-loss zone
272,12.7405,77.3405,0.2879,0.2826,0.1493,-0.3261,-0.0052999999999999,-0.1333,-0.4647,0.2399333333333333,0.0785354909154665,-0.1280000000000001,0.3273,0.0,0,0.0,0.025897,37.6147,56.040899653979245,0,0.0,0.0,0.0,0.0994,0.2211,stable,stable,1.0,-2.8049,-1.1438,8.4063,3.0291,0.0023,0,Vegetation-loss zone
273,12.7405,77.3495,0.0513,0.4697,0.1213,-0.5528,0.4184,-0.3484,-0.4827999999999999,0.2140999999999999,0.2241060463262872,-0.7667999999999999,1.0467,0.0,0,0.0,0.02638,36.908,56.040899653979245,0,0.0,0.0,0.0,0.1658,0.2719,stable,stable,0.995,-2.8046,-1.1872,7.716,3.0456,0.0024,0,Vegetation-loss zone
274,12.7405,77.3585,0.1107,-0.0398,0.0374,-0.4637,-0.1505,0.0772,-0.537,0.0361,0.0752584214556749,0.2277,2.0847,0.0,0,0.0,0.026872,36.2138,56.040899653979245,0,0.0,0.0,0.0,0.1843,0.3571,at_risk,at_risk,0.725,-2.8033,-1.2353,7.0255,3.0633,0.0024,0,Vegetation-loss zone
275,12.7405,77.3675,0.1574,0.0835,0.047,-0.4427,-0.0739,-0.0365,-0.5530999999999999,0.0959666666666666,0.0562459183704323,0.0373999999999999,0.5861,0.0,0,0.0,0.027373,35.5327,83.34000000000015,0,0.0,0.0,0.0,0.155,0.2742,stable,stable,1.0,-1.9829,25.8022,4.8986,25.8783,0.0312,0,Vegetation-loss zone
276,12.7405,77.3765,0.1419,0.1914,0.0661,-0.2835999999999999,0.0494999999999999,-0.1252999999999999,-0.3594,0.1331333333333333,0.0631083459879383,-0.1747999999999998,0.474,0.0,0,0.0,0.027882,34.8655,56.040899653979245,0,0.0,0.0,0.0,0.0851,0.1859,stable,stable,1.0,-2.801,-1.3214,5.6794,3.0971,0.0024,0,Vegetation-loss zone
277,12.7405,77.3855,0.1143,0.4465,0.0883,-0.1057,0.3322,-0.3582,-0.1316999999999999,0.2163666666666666,0.19972484405635,-0.6904,0.9231,0.0,0,0.0,0.028399,34.2131,56.040899653979245,0,0.0,0.0,0.0,0.0317,0.1168,stable,stable,0.995,-2.8008,-1.3632,5.0341,3.115,0.0024,0,Vegetation-loss zone
278,12.7405,77.3945,0.1395,0.2731,0.1115,-0.6446000000000001,0.1336,-0.1616,-0.6726,0.1747,0.0863592496493571,-0.2952,0.4943,0.0,0,0.0,0.028922,33.5763,56.040899653979245,0,0.0,0.0,0.0,0.1934,0.3194,stable,stable,0.98,-2.7993,-1.4028,4.4059,3.1311,0.0025,0,Vegetation-loss zone
279,12.7405,77.4035,0.1633,0.6914,0.2762,-0.6449,0.5281,-0.4152,-0.532,0.3769666666666666,0.2780968236663866,-0.9433,0.7377,0.0,0,0.0,0.02945,32.956,56.040899653979245,0,0.0,0.0,0.0,0.1935,0.2748,stable,stable,1.0,-2.7992,-1.4415,3.7941,3.1486,0.0025,0,Vegetation-loss zone
280,12.7405,77.4125,0.2755,0.3226,0.307,-0.5907,0.0470999999999999,-0.0156,-0.5591999999999999,0.3017,0.0239931240150172,-0.0626999999999999,0.0795,0.0,0,0.0,0.029982,32.3532,63.38999999999987,0,64.0,15.0,4.2667,0.1772,0.247,stable,stable,0.985,63.0213,4.348,2.4774,63.1711,0.0784,3,Vegetation-loss zone
281,12.7405,77.4215,0.1517,0.1104,0.3961,-0.5978000000000001,-0.0413,0.2857,-0.3534,0.2194,0.1544136975789389,0.327,0.7038,0.0,0,0.0,0.030517,31.7688,56.040899653979245,0,0.0,0.0,0.0,0.1917,0.1976,stable,stable,0.99,-2.7964,-1.5217,2.6084,3.1836,0.0025,0,Vegetation-loss zone
282,12.7405,77.4305,0.4711,0.7908,0.4419,-0.1918,0.3196999999999999,-0.3488999999999999,-0.221,0.5679333333333333,0.1935596118340117,-0.6685999999999998,0.3408,0.0,0,0.0,0.031052,31.2039,56.040899653979245,0,0.0,0.0,0.0,0.0575,0.1202,stable,stable,1.0,-2.7966,-1.5573,2.0435,3.2009,0.0026,0,Vegetation-loss zone
335,12.7495,77.3045,0.3566,0.4572,0.2273,-0.4618,0.1006,-0.2299,-0.5911,0.3470333333333333,0.1152481814751683,-0.3305,0.3321,0.0,0,0.0,0.024434,39.9272,56.040899653979245,0,0.0,0.0,0.0,0.1385,0.2744,stable,stable,1.0,-2.8083,-0.9935,10.7035,2.9789,0.0023,0,Vegetation-loss zone
336,12.7495,77.3135,0.2279,-0.0915,-0.0013,-0.6004,-0.3194,0.0902,-0.8296,0.0450333333333333,0.1646638191386721,0.4096,3.6564,0.0,0,0.0,0.024897,39.1654,56.040899653979245,0,0.0,0.0,0.0,0.2759,0.5743,at_risk,at_risk,0.915,-2.808,-1.0452,9.9622,2.9962,0.0023,0,Vegetation-loss zone
337,12.7495,77.3225,0.2301,0.245,0.1694,-0.5855,0.0148999999999999,-0.0756,-0.6462,0.2148333333333333,0.0400455157705995,-0.0904999999999999,0.1864,0.0,0,0.0,0.025372,38.4132,56.040899653979245,0,0.0,0.0,0.0,0.1756,0.2891,stable,stable,0.995,-2.8058,-1.0912,9.2019,3.0105,0.0023,0,Vegetation-loss zone
338,12.7495,77.3315,0.1859,0.4983,0.148,-0.4735,0.3124,-0.3503,-0.5114,0.2774,0.1922412806865372,-0.6627000000000001,0.693,0.0,0,0.0,0.025859,37.6712,56.040899653979245,0,0.0,0.0,0.0,0.142,0.2627,stable,stable,1.0,-2.8055,-1.1384,8.4693,3.0277,0.0023,0,Vegetation-loss zone
339,12.7495,77.3405,0.1209,0.4574,0.1881,-0.5458,0.3364999999999999,-0.2693,-0.4785999999999999,0.2554666666666667,0.1780779698147228,-0.6057999999999999,0.6971,0.0,0,0.0,0.026357,36.9399,56.040899653979245,0,0.0,0.0,0.0,0.1637,0.2492,stable,stable,1.0,-2.8044,-1.1854,7.7446,3.0447,0.0024,0,Vegetation-loss zone
340,12.7495,77.3495,0.1335,0.3574,0.0845,-0.3959999999999999,0.2239,-0.2729,-0.4449999999999999,0.1918,0.1454914774136272,-0.4967999999999999,0.7586,0.0,0,0.0,0.026867,36.2201,56.040899653979245,0,0.0,0.0,0.0,0.1188,0.2388,stable,stable,1.0,-2.8033,-1.2328,7.0282,3.0624,0.0024,0,Vegetation-loss zone
341,12.7495,77.3585,0.1615,0.8208,0.4161,-0.0424999999999999,0.6593,-0.4046999999999999,0.2121,0.4661333333333333,0.3324855234943821,-1.0639999999999998,0.7133,0.0,0,0.0,0.027388,35.5125,56.040899653979245,0,0.0,0.0,0.0,0.0127,0.0485,stable,stable,1.0,-2.803,-1.2789,6.3223,3.081,0.0024,0,Vegetation-loss zone
342,12.7495,77.3675,0.1131,0.4433,0.2296,-0.5126000000000001,0.3302,-0.2137,-0.3961,0.262,0.1674673998126202,-0.5439,0.6392,0.0,0,0.0,0.027919,34.8177,56.040899653979245,0,0.0,0.0,0.0,0.1538,0.2112,stable,stable,1.0,-2.8014,-1.3228,5.6375,3.098,0.0024,0,Vegetation-loss zone
343,12.7495,77.3765,0.1685,0.7632,0.3292,-0.6155,0.5947,-0.434,-0.4548,0.4202999999999999,0.3076384728866011,-1.0287,0.7319,0.0,0,0.0,0.02846,34.1367,56.040899653979245,0,0.0,0.0,0.0,0.1846,0.2417,stable,stable,1.0,-2.801,-1.3653,4.9655,3.116,0.0024,0,Vegetation-loss zone
344,12.7495,77.3855,0.1205,0.5464,0.2902,-0.5625,0.4259,-0.2562,-0.3928,0.3190333333333333,0.2144090094500073,-0.6820999999999999,0.6721,0.0,0,0.0,0.029011,33.4701,56.040899653979245,0,0.0,0.0,0.0,0.1687,0.2121,stable,stable,1.0,-2.7997,-1.4093,4.3016,3.1344,0.0025,0,Vegetation-loss zone
345,12.7495,77.3945,0.1654,0.7842,0.2191,-0.6302,0.6188,-0.5651,-0.5765,0.3895666666666666,0.3428155821040423,-1.1839,0.88,0.0,0,0.0,0.029569,32.8189,56.040899653979245,0,0.0,0.0,0.0,0.1891,0.3021,stable,stable,1.0,-2.7993,-1.4499,3.6598,3.1525,0.0025,0,Vegetation-loss zone
346,12.7495,77.4035,0.2094,0.6175,0.3358,-0.6464,0.4081,-0.2817,-0.52,0.3875666666666666,0.2089168335327082,-0.6898,0.539,0.0,0,0.0,0.030135,32.1841,56.040899653979245,0,0.0,0.0,0.0,0.1939,0.258,stable,stable,1.0,-2.7978,-1.492,3.0255,3.1708,0.0025,0,Vegetation-loss zone
347,12.7495,77.4125,0.3645,0.1983,0.1129,-0.4699,-0.1662,-0.0854,-0.7215,0.2252333333333333,0.1279441023780828,0.0807999999999999,0.568,0.0,0,0.0,0.030706,31.5665,56.040899653979245,0,0.0,0.0,0.0,0.1908,0.3448,at_risk,at_risk,0.77,-2.7963,-1.5344,2.4064,3.1896,0.0025,0,Vegetation-loss zone
348,12.7495,77.4215,0.2738,0.4052,0.2411,-0.2045,0.1314,-0.1641,-0.2372,0.3067,0.0868562605688271,-0.2955,0.2832,0.0,0,0.0,0.031282,30.9673,56.040899653979245,0,0.0,0.0,0.0,0.0614,0.1236,stable,stable,1.0,-2.7957,-1.5732,1.8085,3.208,0.0026,0,Vegetation-loss zone
349,12.7495,77.4305,0.5863,0.5269,0.3926,-0.2036,-0.0594,-0.1343,-0.3973,0.5019333333333333,0.0992341842982212,-0.0749,0.1977,0.0,0,0.0,0.03186,30.3876,56.040899653979245,0,0.0,0.0,0.0,0.0789,0.1861,stable,stable,1.0,-2.7948,-1.6114,1.2297,3.2261,0.0026,0,Vegetation-loss zone
402,12.7585,77.3045,0.4726,0.4143,0.1978,-0.3805999999999999,-0.0583,-0.2165,-0.6554,0.3615666666666666,0.1447907570714834,-0.1582,0.4005,0.0,0,0.0,0.024803,39.3174,56.040899653979245,0,0.0,0.0,0.0,0.1317,0.3057,stable,stable,0.88,-2.8074,-1.0337,10.0962,2.9916,0.0023,0,Vegetation-loss zone
403,12.7585,77.3135,0.1734,0.048,0.0159,-0.2539,-0.1254,-0.0321,-0.4114,0.0790999999999999,0.0832284206266104,0.0933,1.0522,0.0,0,0.0,0.025289,38.5435,56.040899653979245,0,0.0,0.0,0.0,0.1138,0.2419,stable,stable,0.97,-2.8062,-1.0849,9.3301,3.0086,0.0023,0,Vegetation-loss zone
404,12.7585,77.3225,0.2668,0.7362,0.2061,-0.421,0.4694,-0.5301,-0.4816999999999999,0.4030333333333333,0.2901226349896424,-0.9995,0.7198,0.0,0,0.0,0.025787,37.779,56.040899653979245,0,0.0,0.0,0.0,0.1263,0.2517,stable,stable,1.0,-2.8061,-1.1309,8.5768,3.0254,0.0023,0,Vegetation-loss zone
405,12.7585,77.3315,0.2236,0.3969,0.2043,-0.3304,0.1732999999999999,-0.1925999999999999,-0.3497,0.2749333333333333,0.1060661271723132,-0.3658999999999998,0.3858,0.0,0,0.0,0.026299,37.0243,83.34000000000015,0,0.0,0.0,0.0,0.0991,0.1762,stable,stable,1.0,-1.9853,25.899,6.3774,25.975,0.0313,0,Vegetation-loss zone
406,12.7585,77.3405,0.142,0.2131,0.1755,-0.5759,0.0711,-0.0376,-0.5424,0.1768666666666666,0.035569696840616,-0.1086999999999999,0.2011,0.0,0,0.0,0.026824,36.2801,56.040899653979245,0,0.0,0.0,0.0,0.1728,0.2465,stable,stable,1.0,-2.8028,-1.2289,7.0856,3.0604,0.0024,0,Vegetation-loss zone
407,12.7585,77.3495,0.1771,0.5387,0.1954,-0.3832,0.3615999999999999,-0.3432999999999999,-0.3649,0.3037333333333333,0.2036927179192553,-0.7048999999999999,0.6706,0.0,0,0.0,0.027362,35.547,56.040899653979245,0,0.0,0.0,0.0,0.115,0.1999,stable,stable,1.0,-2.8026,-1.2759,6.3601,3.0793,0.0024,0,Vegetation-loss zone
408,12.7585,77.3585,0.1175,0.3832,0.191,-0.5882000000000001,0.2657,-0.1921999999999999,-0.5146999999999999,0.2305666666666666,0.1371978984289968,-0.4578999999999998,0.595,0.0,0,0.0,0.027913,34.8257,56.040899653979245,0,0.0,0.0,0.0,0.1765,0.2586,stable,stable,0.99,-2.8013,-1.3221,5.6461,3.0976,0.0024,0,Vegetation-loss zone
409,12.7585,77.3675,0.1366,0.6085,0.1777,-0.478,0.4719,-0.4308,-0.4369,0.3076,0.2613960787770161,-0.9027,0.8498,0.0,0,0.0,0.028476,34.1171,56.040899653979245,0,0.0,0.0,0.0,0.1434,0.2412,stable,stable,1.0,-2.8008,-1.3674,4.9446,3.1168,0.0024,0,Vegetation-loss zone
410,12.7585,77.3765,0.1912,0.7159,0.2463,-0.5184,0.5246999999999999,-0.4696,-0.4633,0.3844666666666667,0.2883488223200042,-0.9943,0.75,0.0,0,0.0,0.029051,33.4217,69.38000000000011,0,0.0,0.0,0.0,0.1555,0.2465,stable,stable,1.0,-2.3998,11.8204,3.5487,12.0615,0.0138,0,Vegetation-loss zone
411,12.7585,77.3855,0.1811,0.3069,0.2615,-0.4307999999999999,0.1258,-0.0453999999999999,-0.3504,0.2498333333333333,0.0637063052871011,-0.1711999999999999,0.255,0.0,0,0.0,0.029638,32.7407,56.040899653979245,0,0.0,0.0,0.0,0.1292,0.1693,stable,stable,1.0,-2.798,-1.458,3.5712,3.1551,0.0025,0,Vegetation-loss zone
412,12.7585,77.3945,0.0912,0.3364,0.2607,-0.5368999999999999,0.2451999999999999,-0.0756999999999999,-0.3674,0.2294333333333333,0.1255546229070571,-0.3208999999999998,0.5472,0.0,0,0.0,0.030235,32.0747,56.040899653979245,0,0.0,0.0,0.0,0.1611,0.1941,stable,stable,1.0,-2.7973,-1.5003,2.9144,3.1743,0.0025,0,Vegetation-loss zone
413,12.7585,77.4035,0.1407,0.4042,0.2286,-0.6616,0.2635,-0.1756,-0.5737,0.2578333333333333,0.134160364241207,-0.4391,0.5203,0.0,0,0.0,0.03084,31.4249,56.040899653979245,0,0.0,0.0,0.0,0.1985,0.2797,stable,stable,1.0,-2.7965,-1.5414,2.2717,3.1932,0.0025,0,Vegetation-loss zone
414,12.7585,77.4125,0.2235,0.6662,0.424,-0.4214,0.4427,-0.2422,-0.2209,0.4379,0.2216770849682032,-0.6849,0.5062,0.0,0,0.0,0.031454,30.7922,56.040899653979245,0,0.0,0.0,0.0,0.1264,0.1301,stable,stable,1.0,-2.7959,-1.5829,1.6405,3.2129,0.0026,0,Vegetation-loss zone
415,12.7585,77.4215,0.3807,0.7143,0.121,-0.0721,0.3336,-0.5933,-0.3318,0.4053333333333333,0.2974160777989874,-0.9269,0.7338,0.0,0,0.0,0.032074,30.1777,63.38999999999987,0,0.0,0.0,0.0,0.0216,0.1907,stable,stable,1.0,-2.5749,5.6668,0.639,6.2244,0.0064,0,Vegetation-loss zone
416,12.7585,77.4305,0.7207,0.7322,0.5495,-0.128,0.0114999999999999,-0.1826999999999999,-0.2992,0.6674666666666668,0.1023238160612344,-0.1941999999999998,0.1533,0.0,0,0.0,0.032698,29.5825,56.040899653979245,0,0.0,0.0,0.0,0.0384,0.1423,stable,stable,1.0,-2.7939,-1.6635,0.4288,3.2516,0.0026,0,Vegetation-loss zone
469,12.7675,77.3045,0.5361,0.3796,0.1512,-0.1255999999999999,-0.1565,-0.2284,-0.5105,0.3556333333333333,0.1935660180231368,-0.0718999999999999,0.5443,0.0,0,0.0,0.025174,38.7237,56.040899653979245,0,0.0,0.0,0.0,0.0846,0.2533,stable,stable,1.0,-2.8066,-1.0734,9.5034,3.0049,0.0023,0,Vegetation-loss zone
470,12.7675,77.3135,0.495,0.7476,0.3403,-0.019,0.2526,-0.4073,-0.1737,0.5276333333333333,0.2056016131583926,-0.6598999999999999,0.3897,0.0,0,0.0,0.025682,37.9378,83.34000000000015,0,0.0,0.0,0.0,0.0057,0.102,stable,stable,1.0,-1.9871,25.9572,7.279,26.0332,0.0314,0,Vegetation-loss zone
471,12.7675,77.3225,-0.021,-0.1463,0.0128,-0.3642,-0.1253,0.1591,-0.3304,-0.0515,0.0838205821979303,0.2844,-1.6276,0.0,0,0.0,0.026205,37.1608,56.040899653979245,0,0.0,0.0,0.0,0.1468,0.0473,stable,stable,0.905,-2.8028,-1.173,7.9478,3.0383,0.0023,0,Vegetation-loss zone
472,12.7675,77.3315,0.4358,0.6284,0.221,-0.3735,0.1925999999999999,-0.4074,-0.5883,0.4284,0.2038007850819029,-0.5999999999999999,0.4757,0.0,0,0.0,0.026743,36.3934,56.040899653979245,0,0.0,0.0,0.0,0.112,0.2823,stable,stable,1.0,-2.8037,-1.2215,7.1971,3.0582,0.0024,0,Vegetation-loss zone
473,12.7675,77.3405,0.1398,0.1255,0.0467,-0.4519999999999999,-0.0143,-0.0788,-0.5451,0.104,0.0501357158121832,-0.0645,0.4821,0.0,0,0.0,0.027295,35.6361,56.040899653979245,0,0.0,0.0,0.0,0.1399,0.2646,stable,stable,1.0,-2.802,-1.2712,6.4462,3.0768,0.0024,0,Vegetation-loss zone
474,12.7675,77.3495,0.2132,0.5413,0.206,-0.4674,0.3281,-0.3353,-0.4746,0.3201666666666666,0.1915409181698086,-0.6634,0.5983,0.0,0,0.0,0.027863,34.8895,56.040899653979245,0,0.0,0.0,0.0,0.1402,0.2419,stable,stable,1.0,-2.8016,-1.318,5.7081,3.0962,0.0024,0,Vegetation-loss zone
475,12.7675,77.3585,0.1527,0.6664,0.2152,-0.2672,0.5137,-0.4512,-0.2047,0.3447666666666666,0.2802901413416699,-0.9649,0.813,0.0,0,0.0,0.028446,34.1544,83.34000000000015,0,0.0,0.0,0.0,0.0802,0.141,stable,stable,1.0,-1.982,25.7147,3.5337,25.791,0.0311,0,Vegetation-loss zone
476,12.7675,77.3675,0.0829,0.3802,0.1666,-0.6408,0.2973,-0.2135999999999999,-0.5571,0.2098999999999999,0.1533068491620645,-0.5108999999999999,0.7304,0.0,0,0.0,0.029043,33.4315,56.040899653979245,0,0.0,0.0,0.0,0.1922,0.2849,stable,stable,1.0,-2.7994,-1.4118,4.2644,3.1353,0.0025,0,Vegetation-loss zone
477,12.7675,77.3765,0.1146,0.5054,0.2703,-0.6509999999999999,0.3908,-0.2350999999999999,-0.4952999999999999,0.2967666666666667,0.1967397350138841,-0.6258999999999999,0.6629,0.0,0,0.0,0.029654,32.7217,56.040899653979245,0,0.0,0.0,0.0,0.1953,0.2549,stable,stable,1.0,-2.7985,-1.4574,3.56,3.1553,0.0025,0,Vegetation-loss zone
478,12.7675,77.3855,0.1893,0.3708,0.1371,-0.6006,0.1815,-0.2337,-0.6528,0.2324,0.1226667436593961,-0.4152,0.5278,0.0,0,0.0,0.030279,32.0258,56.040899653979245,0,0.0,0.0,0.0,0.1802,0.3134,stable,stable,0.97,-2.7973,-1.5029,2.8671,3.1755,0.0025,0,Vegetation-loss zone
479,12.7675,77.3945,0.1262,0.7771,0.3755,-0.4131,0.6509,-0.4016,-0.1638,0.4262666666666666,0.3284062169529275,-1.0525,0.7704,0.0,0,0.0,0.030917,31.3447,56.040899653979245,0,0.0,0.0,0.0,0.1239,0.1217,stable,stable,1.0,-2.7971,-1.5464,2.1923,3.1961,0.0025,0,Vegetation-loss zone
480,12.7675,77.4035,0.1849,0.4213,0.2015,-0.5401,0.2364,-0.2198,-0.5235,0.2692333333333334,0.1319548912823368,-0.4562,0.4901,0.0,0,0.0,0.031566,30.6795,63.38999999999987,0,0.0,0.0,0.0,0.162,0.2568,stable,stable,1.0,-2.575,5.7002,1.1411,6.2548,0.0064,0,Vegetation-loss zone
481,12.7675,77.4125,0.33,0.6107,0.1274,-0.1392999999999999,0.2807,-0.4833,-0.3419,0.3560333333333333,0.2426994506242923,-0.764,0.6817,0.0,0,0.0,0.032226,30.0311,56.040899653979245,0,0.0,0.0,0.0,0.0418,0.1918,stable,stable,1.0,-2.795,-1.6329,0.8827,3.2371,0.0026,0,Vegetation-loss zone
482,12.7675,77.4215,0.314,0.5875,0.3639,-0.2575,0.2735,-0.2236,-0.2076,0.4218,0.145653252624169,-0.4971,0.3453,0.0,0,0.0,0.032894,29.4008,56.040899653979245,0,0.0,0.0,0.0,0.0772,0.1152,stable,stable,1.0,-2.7938,-1.6738,0.2554,3.2568,0.0026,0,Vegetation-loss zone
483,12.7675,77.4305,0.36,0.508,0.2596,-0.3657,0.148,-0.2484,-0.4661,0.3758666666666666,0.1249578062120703,-0.3964,0.3325,0.0,0,0.0,0.033569,28.7896,56.040899653979245,0,0.0,0.0,0.0,0.1097,0.2236,stable,stable,1.0,-2.7928,-1.713,-0.35,3.2763,0.0026,0,Vegetation-loss zone
536,12.7765,77.3045,0.2453,0.7277,0.3798,-0.5615,0.4824,-0.3479,-0.4269999999999999,0.4509333333333333,0.2489425703517446,-0.8303,0.5521,0.0,0,0.0,0.025545,38.1469,56.040899653979245,0,0.0,0.0,0.0,0.1684,0.2186,stable,stable,1.0,-2.8064,-1.107,8.9419,3.0168,0.0023,0,Vegetation-loss zone
537,12.7765,77.3135,0.1421,0.743,0.4012,-0.5376,0.6009,-0.3418,-0.2784999999999999,0.4287666666666667,0.3013969862711526,-0.9427,0.7029,0.0,0,0.0,0.026076,37.3489,56.040899653979245,0,0.0,0.0,0.0,0.1613,0.1651,stable,stable,1.0,-2.8054,-1.1584,8.1513,3.0352,0.0023,0,Vegetation-loss zone
538,12.7765,77.3225,0.6469,0.8589,0.3917,-0.0236999999999999,0.2119999999999999,-0.4672,-0.2789,0.6325,0.2339326398773801,-0.6791999999999999,0.3699,0.0,0,0.0,0.026624,36.5595,56.040899653979245,0,0.0,0.0,0.0,0.0071,0.1454,stable,stable,1.0,-2.8042,-1.2122,7.3551,3.055,0.0024,0,Vegetation-loss zone
539,12.7765,77.3315,0.1409,0.4513,0.2195,-0.4821,0.3104,-0.2317999999999999,-0.4034999999999999,0.2705666666666667,0.1613781067348769,-0.5421999999999999,0.5964,0.0,0,0.0,0.027189,35.7792,56.040899653979245,0,0.0,0.0,0.0,0.1446,0.2117,stable,stable,1.0,-2.8027,-1.2608,6.5909,3.0733,0.0024,0,Vegetation-loss zone
540,12.7765,77.3405,0.2278,0.617,0.4101,-0.4422,0.3892,-0.2068999999999999,-0.2599,0.4183,0.1947295303748252,-0.5960999999999999,0.4655,0.0,0,0.0,0.027771,35.0087,56.040899653979245,0,0.0,0.0,0.0,0.1327,0.1433,stable,stable,1.0,-2.8017,-1.3107,5.8244,3.0932,0.0024,0,Vegetation-loss zone
541,12.7765,77.3495,0.0855,0.3055,0.2604,-0.7177,0.2199999999999999,-0.0450999999999999,-0.5428,0.2171333333333333,0.1162067267129288,-0.2650999999999998,0.5352,0.0,0,0.0,0.02837,34.2485,56.040899653979245,0,0.0,0.0,0.0,0.2153,0.267,stable,stable,1.0,-2.8003,-1.3593,5.0739,3.1128,0.0024,0,Vegetation-loss zone
542,12.7765,77.3585,0.1841,0.4877,0.1428,-0.4095999999999999,0.3036,-0.3449,-0.4508999999999999,0.2715333333333333,0.1883412948169714,-0.6485,0.6936,0.0,0,0.0,0.028986,33.4994,56.040899653979245,0,0.0,0.0,0.0,0.1229,0.2379,stable,stable,1.0,-2.7997,-1.4081,4.3285,3.1338,0.0025,0,Vegetation-loss zone
543,12.7765,77.3675,0.279,0.381,0.1871,-0.4581999999999999,0.1019999999999999,-0.1939,-0.5501,0.2823666666666666,0.096993831418979,-0.2958999999999999,0.3435,0.0,0,0.0,0.029619,32.7621,56.040899653979245,0,0.0,0.0,0.0,0.1375,0.2589,stable,stable,1.0,-2.7982,-1.4562,3.5936,3.1544,0.0025,0,Vegetation-loss zone
544,12.7765,77.3765,0.3092,0.6369,0.1542,-0.0719,0.3277,-0.4827,-0.2269,0.3667666666666666,0.2464452542317123,-0.8104,0.6719,0.0,0,0.0,0.030269,32.0375,56.040899653979245,0,0.0,0.0,0.0,0.0216,0.1423,stable,stable,1.0,-2.7979,-1.5036,2.8729,3.1763,0.0025,0,Vegetation-loss zone
545,12.7765,77.3855,0.0473,0.3745,0.1859,-0.6478,0.3272,-0.1886,-0.5092000000000001,0.2025666666666666,0.1642354813471599,-0.5158,0.8108,0.0,0,0.0,0.030934,31.3265,56.040899653979245,0,0.0,0.0,0.0,0.1943,0.2699,stable,stable,0.995,-2.7965,-1.5478,2.1761,3.1962,0.0025,0,Vegetation-loss zone
546,12.7765,77.3945,0.014,0.2022,0.1481,-0.7655,0.1881999999999999,-0.0540999999999999,-0.6314,0.1214333333333333,0.0968924317649904,-0.2422999999999998,0.7979,0.0,0,0.0,0.031616,30.6299,56.040899653979245,0,0.0,0.0,0.0,0.2296,0.3208,stable,stable,0.87,-2.7952,-1.5929,1.4855,3.2172,0.0026,0,Vegetation-loss zone
547,12.7765,77.4035,0.0665,0.4791,0.1614,-0.7395,0.4126,-0.3177,-0.6446000000000001,0.2356666666666667,0.216093367166448,-0.7303,0.9169,0.0,0,0.0,0.032311,29.9489,56.040899653979245,0,0.0,0.0,0.0,0.2218,0.3336,at_risk,at_risk,0.67,-2.7948,-1.6358,0.8119,3.2383,0.0026,0,Vegetation-loss zone
548,12.7765,77.4125,0.3214,0.3116,0.2958,0.1474,-0.0098,-0.0157999999999999,0.1218,0.3096,0.012916655913974,-0.0059999999999999,0.0417,0.0,0,0.0,0.03302,29.2844,56.040899653979245,0,0.0,0.0,0.0,0.0029,0.0094,stable,stable,1.0,-2.793,-1.6841,0.1305,3.2615,0.0026,0,Vegetation-loss zone
549,12.7765,77.4215,0.4191,0.4328,0.0984,0.262,0.0137,-0.3344,-0.0586999999999999,0.3167666666666667,0.1892351006904726,-0.3480999999999999,0.5974,0.0,0,0.0,0.033741,28.6376,56.040899653979245,0,0.0,0.0,0.0,0.0,0.0676,stable,stable,1.0,-2.7927,-1.7256,-0.5087,3.2828,0.0027,0,Vegetation-loss zone
550,12.7765,77.4305,0.1449,0.4925,0.3865,-0.6775,0.3476,-0.1059999999999999,-0.4359,0.3413,0.1781536415569437,-0.4535999999999999,0.522,0.0,0,0.0,0.034471,28.0098,63.38999999999987,0,0.0,0.0,0.0,0.2032,0.2224,stable,stable,0.98,-2.5713,5.5282,-1.5064,6.097,0.0062,0,Vegetation-loss zone
603,12.7855,77.3045,0.1689,0.1481,0.0534,-0.4614,-0.0207999999999999,-0.0947,-0.5769,0.1234666666666666,0.0615643024270829,-0.0739000000000001,0.4986,0.0,0,0.0,0.025915,37.5878,56.040899653979245,0,0.0,0.0,0.0,0.1447,0.2787,stable,stable,0.995,-2.8047,-1.1451,8.383,3.0295,0.0023,0,Vegetation-loss zone
604,12.7855,77.3135,0.4066,0.12,0.2466,-0.3752,-0.2866,0.1266,-0.5352,0.2577333333333333,0.143623999851464,0.4132,0.5573,0.0,0,0.0,0.026471,36.7778,56.040899653979245,0,0.0,0.0,0.0,0.1985,0.2647,stable,stable,0.92,-2.8034,-1.1992,7.5741,3.0491,0.0024,0,Vegetation-loss zone
605,12.7855,77.3225,0.6661,0.6778,0.3815,-0.1222999999999999,0.0116999999999999,-0.2962999999999999,-0.4069,0.5751333333333334,0.1677933947845782,-0.3079999999999998,0.2917,0.0,0,0.0,0.027045,35.9759,83.34000000000015,0,0.0,0.0,0.0,0.0367,0.1948,stable,stable,1.0,-1.984,25.8301,5.3304,25.9062,0.0313,0,Vegetation-loss zone
606,12.7855,77.3315,0.3541,0.1651,0.2341,-0.18,-0.189,0.069,-0.3,0.2511,0.095639949811781,0.258,0.3809,0.0,0,0.0,0.027637,35.1828,56.040899653979245,0,0.0,0.0,0.0,0.1107,0.1552,stable,stable,1.0,-2.8012,-1.3026,5.9887,3.0892,0.0024,0,Vegetation-loss zone
607,12.7855,77.3405,0.232,0.3852,0.15,-0.6019,0.1531999999999999,-0.2352,-0.6839,0.2557333333333333,0.1193826341363488,-0.3883999999999998,0.4668,0.0,0,0.0,0.028249,34.3989,56.040899653979245,0,0.0,0.0,0.0,0.1806,0.3224,stable,stable,0.88,-2.8006,-1.3497,5.2214,3.1089,0.0024,0,Vegetation-loss zone
608,12.7855,77.3495,0.5436,0.8145,0.4182,-0.159,0.2709,-0.3963,-0.2844,0.5921,0.202552733874416,-0.6672,0.3421,0.0,0,0.0,0.028881,33.625,56.040899653979245,0,0.0,0.0,0.0,0.0477,0.1465,stable,stable,1.0,-2.8,-1.4011,4.4453,3.131,0.0025,0,Vegetation-loss zone
609,12.7855,77.3585,0.6068,0.729,0.2163,0.0321,0.1221999999999999,-0.5126999999999999,-0.3584,0.5173666666666666,0.2677948157327421,-0.6348999999999998,0.5176,0.0,0,0.0,0.029532,32.8617,56.040899653979245,0,0.0,0.0,0.0,0.0,0.1884,stable,stable,1.0,-2.7989,-1.4513,3.686,3.1528,0.0025,0,Vegetation-loss zone
610,12.7855,77.3675,0.4029,0.4631,0.2114,-0.2707,0.0602,-0.2517,-0.4621999999999999,0.3591333333333333,0.1314338743754186,-0.3118999999999999,0.366,0.0,0,0.0,0.030202,32.1099,83.34000000000015,0,9.0,9.0,1.0,0.0812,0.2232,stable,stable,1.0,8.3549,26.0539,0.7031,27.3607,0.0331,0,Vegetation-loss zone
611,12.7855,77.3765,0.3105,0.2206,0.026,-0.5135,-0.0899,-0.1946,-0.7979999999999999,0.1857,0.1454254791981102,-0.1047,0.7831,0.0,0,0.0,0.030893,31.3703,56.040899653979245,0,0.0,0.0,0.0,0.181,0.3901,at_risk,at_risk,0.63,-2.7962,-1.5464,2.2147,3.1954,0.0025,0,Vegetation-loss zone
612,12.7855,77.3855,0.6788,0.4095,0.2227,-0.0165,-0.2693,-0.1867999999999999,-0.4726,0.437,0.2292901873172944,0.0825,0.5247,0.0,0,0.0,0.031602,30.6438,56.040899653979245,0,0.0,0.0,0.0,0.0857,0.2374,stable,stable,0.99,-2.7952,-1.5961,1.482,3.2188,0.0026,0,Vegetation-loss zone
613,12.7855,77.3945,0.4307,0.4419,0.184,-0.0822999999999999,0.0111999999999999,-0.2579,-0.329,0.3522,0.1457730770752953,-0.2690999999999999,0.4139,0.0,0,0.0,0.03233,29.9314,56.040899653979245,0,0.0,0.0,0.0,0.0247,0.1704,stable,stable,0.995,-2.7943,-1.6408,0.7785,3.2405,0.0026,0,Vegetation-loss zone
614,12.7855,77.4035,0.071,0.4957,0.1686,-0.7539,0.4246999999999999,-0.3270999999999999,-0.6563,0.2450999999999999,0.2224448470969826,-0.7517999999999998,0.9076,0.0,0,0.0,0.033075,29.2341,56.040899653979245,0,0.0,0.0,0.0,0.2262,0.3382,at_risk,at_risk,0.795,-2.7938,-1.6819,0.1028,3.261,0.0026,0,Vegetation-loss zone
615,12.7855,77.4125,0.1954,0.653,0.1997,-0.5817,0.4576,-0.4533,-0.5774,0.3493666666666666,0.2629629695096504,-0.9109,0.7527,0.0,0,0.0,0.033838,28.553,63.38999999999987,0,0.0,0.0,0.0,0.1745,0.2958,stable,stable,1.0,-2.5726,5.5641,-0.9651,6.13,0.0063,0,Vegetation-loss zone
616,12.7855,77.4215,0.1803,0.6863,0.2644,0.1409,0.506,-0.4219,0.225,0.377,0.2711421582860179,-0.9279,0.7192,0.0,0,0.0,0.034615,27.8894,56.040899653979245,0,0.0,0.0,0.0,0.0,0.0503,stable,stable,1.0,-2.7922,-1.7721,-1.2453,3.3071,0.0027,0,Vegetation-loss zone
617,12.7855,77.4305,0.3128,0.6853,0.3868,-0.4908999999999999,0.3725,-0.2985,-0.4169,0.4616333333333333,0.1972031524426861,-0.671,0.4272,0.0,0,0.0,0.035405,27.2444,56.040899653979245,0,0.0,0.0,0.0,0.1473,0.2089,stable,stable,1.0,-2.7909,-1.8117,-1.8799,3.3274,0.0027,0,Vegetation-loss zone
670,12.7945,77.3045,0.274,0.6171,0.3651,-0.4511999999999999,0.3430999999999999,-0.252,-0.3601,0.4187333333333333,0.1777267659451815,-0.5951,0.4244,0.0,0,0.0,0.026283,37.0473,56.040899653979245,0,2.0,2.0,1.0,0.1354,0.1828,stable,stable,1.0,-0.4978,-1.0712,7.6676,1.1812,0.0,0,Vegetation-loss zone
671,12.7945,77.3135,0.0127,0.4289,0.2934,-0.7689999999999999,0.4162,-0.1355,-0.4882999999999999,0.245,0.2122793678151506,-0.5517000000000001,0.8664,0.0,0,0.0,0.026864,36.2252,56.040899653979245,0,0.0,0.0,0.0,0.2307,0.2635,stable,stable,0.945,-2.8034,-1.2309,7.0394,3.0618,0.0024,0,Vegetation-loss zone
672,12.7945,77.3225,0.048,0.4633,0.2116,-0.5687,0.4153,-0.2517,-0.4051,0.2409666666666666,0.2092016331994885,-0.667,0.8682,0.0,0,0.0,0.027464,35.4109,56.040899653979245,0,0.0,0.0,0.0,0.1706,0.2287,stable,stable,1.0,-2.8024,-1.284,6.229,3.0826,0.0024,0,Vegetation-loss zone
673,12.7945,77.3315,0.257,0.2645,0.1892,-0.3279999999999999,0.0075,-0.0753,-0.3957999999999999,0.2369,0.0414792719318938,-0.0828,0.1751,0.0,0,0.0,0.028086,34.6048,56.040899653979245,0,0.0,0.0,0.0,0.0984,0.1833,stable,stable,1.0,-2.8005,-1.3383,5.4186,3.1038,0.0024,0,Vegetation-loss zone
674,12.7945,77.3405,0.1499,0.5505,0.1654,-0.5446,0.4005999999999999,-0.3851,-0.5291,0.2886,0.2269444205086346,-0.7856999999999998,0.7864,0.0,0,0.0,0.028729,33.8076,56.040899653979245,0,0.0,0.0,0.0,0.1634,0.2763,stable,stable,1.0,-2.8003,-1.3873,4.6375,3.1251,0.0025,0,Vegetation-loss zone
675,12.7945,77.3495,0.2003,0.6907,0.1996,-0.4936999999999999,0.4903999999999999,-0.4911,-0.4943999999999999,0.3635333333333333,0.2833348607801965,-0.9814999999999998,0.7794,0.0,0,0.0,0.029395,33.0199,56.040899653979245,0,0.0,0.0,0.0,0.1481,0.2614,stable,stable,1.0,-2.7994,-1.4379,3.8557,3.1471,0.0025,0,Vegetation-loss zone
676,12.7945,77.3585,-0.0231,0.3856,0.1033,-0.6497,0.4087,-0.2823,-0.5233000000000001,0.1552666666666666,0.2092470390073258,-0.6910000000000001,1.3477,0.0,0,0.0,0.030082,32.2424,56.040899653979245,0,0.0,0.0,0.0,0.1949,0.3078,stable,stable,0.99,-2.7981,-1.4883,3.0889,3.1693,0.0025,0,Vegetation-loss zone
677,12.7945,77.3675,0.2162,0.4764,0.2991,-0.5811,0.2602,-0.1773,-0.4982,0.3305666666666667,0.1329233739164536,-0.4375,0.4021,0.0,0,0.0,0.030792,31.4758,56.040899653979245,0,0.0,0.0,0.0,0.1743,0.2407,stable,stable,1.0,-2.7966,-1.5385,2.3199,3.1918,0.0025,0,Vegetation-loss zone
678,12.7945,77.3765,0.0414,0.4124,0.2598,-0.434,0.371,-0.1526,-0.2156,0.2378666666666666,0.1864699797107656,-0.5236000000000001,0.7839,0.0,0,0.0,0.031525,30.721,56.040899653979245,0,0.0,0.0,0.0,0.1302,0.1445,stable,stable,1.0,-2.7957,-1.5878,1.5719,3.2151,0.0026,0,Vegetation-loss zone
679,12.7945,77.3855,0.0077,0.5442,0.267,-0.6659999999999999,0.5365,-0.2772,-0.4066999999999999,0.2729666666666667,0.2682997639457279,-0.8137,0.9829,0.0,0,0.0,0.03228,29.9788,56.040899653979245,0,0.0,0.0,0.0,0.1998,0.2372,stable,stable,0.995,-2.795,-1.6341,0.8412,3.2376,0.0026,0,Vegetation-loss zone
680,12.7945,77.3945,0.1191,0.4884,0.1856,-0.6178,0.3693,-0.3028,-0.5513,0.2643666666666667,0.1968470556887588,-0.6721,0.7446,0.0,0,0.0,0.033058,29.2503,56.040899653979245,0,0.0,0.0,0.0,0.1853,0.2841,stable,stable,0.985,-2.7937,-1.6816,0.1155,3.2608,0.0026,0,Vegetation-loss zone
681,12.7945,77.4035,0.2969,0.5264,0.2473,-0.3525999999999999,0.2294999999999999,-0.2791,-0.4022,0.3568666666666666,0.1488999776136092,-0.5085999999999999,0.4172,0.0,0,0.0,0.033857,28.5364,56.040899653979245,0,0.0,0.0,0.0,0.1058,0.2018,stable,stable,1.0,-2.7925,-1.7291,-0.6001,3.2845,0.0027,0,Vegetation-loss zone
682,12.7945,77.4125,0.1738,-0.1697,0.3168,-0.5493999999999999,-0.3435,0.4865,-0.4063999999999999,0.1069666666666667,0.2500411632778357,0.8300000000000001,2.3375,0.0,0,0.0,0.034676,27.8383,56.040899653979245,0,0.0,0.0,0.0,0.2679,0.3188,stable,stable,0.78,-2.7912,-1.7776,-1.2876,3.3092,0.0027,0,Vegetation-loss zone
683,12.7945,77.4215,0.0514,0.7819,0.2225,-0.4686,0.7305,-0.5594,-0.2975,0.3519333333333334,0.3820632190270785,-1.2899,1.0856,0.0,0,0.0,0.035515,27.1573,56.040899653979245,0,0.0,0.0,0.0,0.1406,0.198,stable,stable,0.93,-2.7915,-1.816,-1.9588,3.3302,0.0027,0,Vegetation-loss zone
684,12.7945,77.4305,0.2713,0.3198,0.3011,-0.5492,0.0484999999999999,-0.0186999999999999,-0.5194000000000001,0.2973999999999999,0.0244607849424338,-0.0671999999999998,0.0822,0.0,0,0.0,0.036371,26.4945,56.040899653979245,0,0.0,0.0,0.0,0.1648,0.2317,stable,stable,0.995,-2.7891,-1.8611,-2.6273,3.353,0.0027,0,Vegetation-loss zone
737,12.8035,77.3045,0.1578,0.7219,0.0765,-0.657,0.5641,-0.6454,-0.7383,0.3187333333333333,0.3515109434048011,-1.2095,1.1028,0.0,0,0.0,0.026648,36.526,56.040899653979245,0,0.0,0.0,0.0,0.1971,0.3831,at_risk,at_risk,0.735,-2.8046,-1.2103,7.3405,3.0546,0.0024,0,Vegetation-loss zone
739,12.8035,77.3225,0.1104,0.385,0.2285,-0.6272,0.2746,-0.1565,-0.5091,0.2413,0.1377467603974772,-0.4311,0.5709,0.0,0,0.0,0.027882,34.8653,56.040899653979245,0,0.0,0.0,0.0,0.1882,0.2548,stable,stable,1.0,-2.8013,-1.3195,5.6856,3.0965,0.0024,0,Vegetation-loss zone
740,12.8035,77.3315,0.0053,0.2495,0.3871,-0.7383000000000001,0.2442,0.1376,-0.3565,0.2139666666666666,0.1933643538332061,-0.1066,0.9037,0.0,0,0.0,0.028534,34.0464,56.040899653979245,0,0.0,0.0,0.0,0.2215,0.2105,stable,stable,0.955,-2.8,-1.373,4.8745,3.1185,0.0024,0,Vegetation-loss zone
741,12.8035,77.3405,-0.0132,0.5918,0.2288,-0.7493,0.605,-0.363,-0.5073,0.2691333333333333,0.3045099888892535,-0.968,1.1314,0.0,0,0.0,0.029209,33.2358,56.040899653979245,0,0.0,0.0,0.0,0.2248,0.2879,stable,stable,0.795,-2.7997,-1.4231,4.0762,3.1406,0.0025,0,Vegetation-loss zone
742,12.8035,77.3495,0.0243,0.2972,0.4094,-0.6487,0.2729,0.1121999999999999,-0.2636,0.2436333333333333,0.1980594439387663,-0.1607,0.8129,0.0,0,0.0,0.029909,32.4343,56.040899653979245,0,0.0,0.0,0.0,0.1946,0.1662,stable,stable,1.0,-2.7978,-1.4773,3.2731,3.1639,0.0025,0,Vegetation-loss zone
743,12.8035,77.3585,0.1421,0.4168,0.2298,-0.4881999999999999,0.2747,-0.187,-0.4004999999999999,0.2628999999999999,0.1403094080951095,-0.4617,0.5337,0.0,0,0.0,0.030635,31.6425,56.040899653979245,0,0.0,0.0,0.0,0.1465,0.2074,stable,stable,1.0,-2.7968,-1.5281,2.4853,3.1871,0.0025,0,Vegetation-loss zone
744,12.8035,77.3675,-0.0208,0.4494,0.2237,-0.7325,0.4702,-0.2257,-0.488,0.2174333333333333,0.2351626316686674,-0.6959,1.0815,0.0,0,0.0,0.031386,30.861,56.040899653979245,0,0.0,0.0,0.0,0.2198,0.2772,stable,stable,0.97,-2.7961,-1.5771,1.7178,3.2102,0.0026,0,Vegetation-loss zone
745,12.8035,77.3765,0.0503,0.5532,0.3036,-0.5685,0.5029,-0.2496,-0.3152,0.3023666666666667,0.2514522684990798,-0.7525,0.8316,0.0,0,0.0,0.032164,30.0909,56.040899653979245,0,0.0,0.0,0.0,0.1706,0.1895,stable,stable,1.0,-2.795,-1.6274,0.9497,3.2343,0.0026,0,Vegetation-loss zone
746,12.8035,77.3855,0.107,0.5404,0.2826,-0.5673,0.4334,-0.2578,-0.3917,0.31,0.2179953210507051,-0.6912,0.7032,0.0,0,0.0,0.032968,29.3328,56.040899653979245,0,0.0,0.0,0.0,0.1702,0.2143,stable,stable,1.0,-2.7939,-1.6765,0.1963,3.2583,0.0026,0,Vegetation-loss zone
747,12.8035,77.3945,0.3671,0.2666,0.1942,-0.2807,-0.1004999999999999,-0.0723999999999999,-0.4536,0.2759666666666666,0.0868297376094925,0.0281,0.3146,0.0,0,0.0,0.033798,28.5879,56.040899653979245,0,0.0,0.0,0.0,0.1144,0.2173,stable,stable,1.0,-2.7921,-1.7274,-0.5534,3.2832,0.0027,0,Vegetation-loss zone
748,12.8035,77.4035,0.2552,0.5559,0.1435,-0.351,0.3006999999999999,-0.4124,-0.4627,0.3182,0.2132960149651183,-0.7130999999999998,0.6703,0.0,0,0.0,0.034654,27.8571,56.040899653979245,0,0.0,0.0,0.0,0.1053,0.2426,stable,stable,1.0,-2.7918,-1.7725,-1.2716,3.307,0.0027,0,Vegetation-loss zone
749,12.8035,77.4125,0.1103,0.3723,0.1398,-0.5393,0.262,-0.2325,-0.5097999999999999,0.2074666666666667,0.143509871902017,-0.4945,0.6917,0.0,0,0.0,0.035535,27.1416,56.040899653979245,0,0.0,0.0,0.0,0.1618,0.264,stable,stable,1.0,-2.7906,-1.8184,-1.9791,3.3308,0.0027,0,Vegetation-loss zone
750,12.8035,77.4215,0.1878,0.1446,0.1543,-0.4898,-0.0431999999999999,0.0096999999999999,-0.5233,0.1622333333333333,0.0226663480369761,0.0528999999999997,0.1397,0.0,0,0.0,0.03644,26.4426,101.40999999999984,0,1.0,1.0,1.0,0.1599,0.2368,stable,stable,1.0,-0.2678,43.1964,-5.1718,43.1972,0.0531,0,Vegetation-loss zone
751,12.8035,77.4305,0.2075,0.7069,0.3587,-0.6308,0.4993999999999999,-0.3481999999999999,-0.4796,0.4243666666666666,0.2560940712576793,-0.8475999999999998,0.6035,0.0,0,0.0,0.037367,25.7616,56.040899653979245,0,0.0,0.0,0.0,0.1892,0.2463,stable,stable,0.98,-2.789,-1.9064,-3.347,3.3783,0.0028,0,Vegetation-loss zone
804,12.8125,77.3045,0.5323,0.1107,0.1765,0.0664,-0.4216,0.0657999999999999,-0.2894,0.2731666666666666,0.2268148437235388,0.4873999999999999,0.8303,0.0,0,0.0,0.027009,36.0249,56.040899653979245,0,0.0,0.0,0.0,0.1265,0.1775,stable,stable,1.0,-2.8025,-1.25,6.8211,3.0686,0.0024,0,Vegetation-loss zone
805,12.8125,77.3135,0.1383,0.1058,0.1448,-0.6752,-0.0325,0.039,-0.6687,0.1296333333333333,0.020894576648818,0.0715,0.1612,0.0,0,0.0,0.02764,35.1791,107.36000000000011,0,0.0,0.0,0.0,0.2123,0.2976,stable,stable,0.985,-1.2616,49.608,3.2776,49.624,0.0612,0,Vegetation-loss zone
806,12.8125,77.3225,0.0893,0.473,0.4114,-0.7261,0.3837,-0.0615999999999999,-0.404,0.3245666666666666,0.2060617464095006,-0.4452999999999998,0.6349,0.0,0,0.0,0.028296,34.3401,56.040899653979245,0,0.0,0.0,0.0,0.2178,0.2144,stable,stable,1.0,-2.8007,-1.3531,5.1657,3.1104,0.0024,0,Vegetation-loss zone
807,12.8125,77.3315,0.2294,0.3792,0.3657,-0.5629,0.1498,-0.0134999999999999,-0.4266,0.3247666666666667,0.0828653325180882,-0.1632999999999999,0.2552,0.0,0,0.0,0.028978,33.5084,56.040899653979245,0,0.0,0.0,0.0,0.1689,0.2013,stable,stable,1.0,-2.7991,-1.408,4.3344,3.1333,0.0025,0,Vegetation-loss zone
808,12.8125,77.3405,0.3953,0.6183,0.3138,-0.3564,0.2229999999999999,-0.3044999999999999,-0.4379,0.4424666666666666,0.1576343342464874,-0.5274999999999997,0.3563,0.0,0,0.0,0.029687,32.6846,56.040899653979245,0,0.0,0.0,0.0,0.1069,0.2123,stable,stable,1.0,-2.7984,-1.4612,3.5155,3.1569,0.0025,0,Vegetation-loss zone
809,12.8125,77.3495,0.2033,0.3361,0.16,-0.5473,0.1328,-0.1761,-0.5906,0.2331333333333333,0.0917623197904964,-0.3089,0.3936,0.0,0,0.0,0.030424,31.8693,56.040899653979245,0,0.0,0.0,0.0,0.1642,0.2791,stable,stable,1.0,-2.7969,-1.5135,2.7097,3.1802,0.0025,0,Vegetation-loss zone
810,12.8125,77.3585,0.1702,0.4472,0.2115,-0.4730999999999999,0.277,-0.2357,-0.4317999999999999,0.2763,0.1494373781889926,-0.5127,0.5408,0.0,0,0.0,0.031189,31.0631,107.36000000000011,0,0.0,0.0,0.0,0.1419,0.2211,stable,stable,1.0,-1.2566,49.3425,-0.8056,49.3585,0.0609,0,Vegetation-loss zone
811,12.8125,77.3675,0.5106,0.3839,0.2384,0.0963,-0.1267,-0.1455,-0.1759,0.3776333333333333,0.1362081617720955,-0.0187999999999999,0.3607,0.0,0,0.0,0.031983,30.2668,56.040899653979245,0,0.0,0.0,0.0,0.038,0.1025,stable,stable,1.0,-2.7946,-1.6205,1.1068,3.2305,0.0026,0,Vegetation-loss zone
812,12.8125,77.3765,0.0897,0.1795,0.1275,-0.2683999999999999,0.0897999999999999,-0.0519999999999999,-0.2305999999999999,0.1322333333333333,0.0450867312336271,-0.1417999999999998,0.341,0.0,0,0.0,0.032807,29.4811,56.040899653979245,0,0.0,0.0,0.0,0.0805,0.1246,stable,stable,1.0,-2.7934,-1.6692,0.3354,3.2541,0.0026,0,Vegetation-loss zone
813,12.8125,77.3855,0.5097,0.3868,0.1908,-0.1599999999999999,-0.1229,-0.1959999999999999,-0.4789,0.3624333333333334,0.1608403038213163,-0.0730999999999999,0.4438,0.0,0,0.0,0.033662,28.7071,56.040899653979245,0,0.0,0.0,0.0,0.0849,0.2357,stable,stable,1.0,-2.7925,-1.72,-0.4365,3.2797,0.0027,0,Vegetation-loss zone
814,12.8125,77.3945,0.3591,0.5789,0.2988,-0.3728,0.2198,-0.2800999999999999,-0.4331,0.4122666666666666,0.1474246361139593,-0.4998999999999999,0.3576,0.0,0,0.0,0.034548,27.9455,56.040899653979245,0,0.0,0.0,0.0,0.1118,0.2114,stable,stable,1.0,-2.7917,-1.7672,-1.187,3.3041,0.0027,0,Vegetation-loss zone
815,12.8125,77.4035,0.046,0.2121,0.1612,-0.695,0.1661,-0.0509,-0.5798,0.1397666666666666,0.0850990207542562,-0.217,0.6089,0.0,0,0.0,0.035464,27.1975,101.40999999999984,0,0.0,0.0,0.0,0.2085,0.2885,stable,stable,0.99,-1.4293,43.1908,-4.3239,43.2145,0.0531,0,Vegetation-loss zone
816,12.8125,77.4125,0.1982,0.6464,0.2892,-0.4598,0.4482,-0.3571999999999999,-0.3688,0.3779333333333333,0.2369092934718545,-0.8053999999999999,0.6269,0.0,0,0.0,0.036411,26.4642,56.040899653979245,0,0.0,0.0,0.0,0.1379,0.2008,stable,stable,1.0,-2.79,-1.8619,-2.6521,3.3542,0.0027,0,Vegetation-loss zone
817,12.8125,77.4215,0.2412,0.3124,0.145,-0.433,0.0712,-0.1674,-0.5292,0.2328666666666666,0.084010554892426,-0.2385999999999999,0.3608,0.0,0,0.0,0.037388,25.7469,56.040899653979245,0,0.0,0.0,0.0,0.1299,0.2527,stable,stable,1.0,-2.7883,-1.9095,-3.3681,3.3794,0.0028,0,Vegetation-loss zone
818,12.8125,77.4305,0.1835,0.1491,0.1127,-0.509,-0.0343999999999999,-0.0364,-0.5798,0.1484333333333333,0.0354047077848883,-0.002,0.2385,0.0,0,0.0,0.038392,25.047,56.040899653979245,0,0.0,0.0,0.0,0.163,0.2669,stable,stable,1.0,-2.787,-1.9548,-4.0629,3.4042,0.0028,0,Vegetation-loss zone
871,12.8215,77.3045,0.5404,0.4219,0.2862,0.0847,-0.1185,-0.1357,-0.1694999999999999,0.4161666666666666,0.1271969470283518,-0.0171999999999999,0.3056,0.0,0,0.0,0.027364,35.5449,56.040899653979245,0,0.0,0.0,0.0,0.0356,0.0955,stable,stable,1.0,-2.802,-1.2797,6.3441,3.0804,0.0024,0,Vegetation-loss zone
872,12.8215,77.3135,0.1563,0.1945,0.1611,-0.4045999999999999,0.0382,-0.0334,-0.3997999999999999,0.1706333333333333,0.0208080112777106,-0.0716,0.1219,0.0,0,0.0,0.028021,34.6874,56.040899653979245,0,0.0,0.0,0.0,0.1214,0.1818,stable,stable,1.0,-2.8005,-1.3325,5.502,3.1014,0.0024,0,Vegetation-loss zone
873,12.8215,77.3225,0.3333,0.3197,0.1327,-0.2084999999999999,-0.0136,-0.1869999999999999,-0.4090999999999999,0.2619,0.1120969223484748,-0.1733999999999999,0.428,0.0,0,0.0,0.028706,33.8363,56.040899653979245,0,0.0,0.0,0.0,0.0666,0.2042,stable,stable,1.0,-2.7997,-1.3883,4.6556,3.125,0.0025,0,Vegetation-loss zone
874,12.8215,77.3315,0.0215,0.5292,0.3238,-0.7509,0.5077,-0.2054,-0.4486,0.2915,0.2553865501548584,-0.7131000000000001,0.8761,0.0,0,0.0,0.029419,32.992,56.040899653979245,0,0.0,0.0,0.0,0.2253,0.2479,stable,stable,0.925,-2.7991,-1.4394,3.8314,3.1475,0.0025,0,Vegetation-loss zone
875,12.8215,77.3405,0.4037,0.5998,0.4067,-0.4217,0.1961,-0.1931,-0.4187,0.4700666666666667,0.1123623750787305,-0.3892,0.239,0.0,0,0.0,0.030161,32.155,56.040899653979245,0,0.0,0.0,0.0,0.1265,0.1973,stable,stable,0.995,-2.7975,-1.4955,2.9893,3.1722,0.0025,0,Vegetation-loss zone
876,12.8215,77.3495,0.1426,0.4347,0.1696,-0.6023000000000001,0.2920999999999999,-0.2651,-0.5753,0.2489666666666666,0.1614153131934307,-0.5571999999999999,0.6483,0.0,0,0.0,0.030935,31.3259,56.040899653979245,0,0.0,0.0,0.0,0.1807,0.288,stable,stable,0.995,-2.7965,-1.5478,2.1739,3.1963,0.0025,0,Vegetation-loss zone
877,12.8215,77.3585,0.4173,0.3589,0.2114,-0.0978,-0.0584,-0.1475,-0.3036999999999999,0.3292,0.1061144193783295,-0.0890999999999999,0.3223,0.0,0,0.0,0.031741,30.5054,56.040899653979245,0,0.0,0.0,0.0,0.0469,0.1541,stable,stable,1.0,-2.7949,-1.6041,1.3471,3.2225,0.0026,0,Vegetation-loss zone
878,12.8215,77.3675,0.2913,0.4088,0.1962,-0.3004,0.1175,-0.2125999999999999,-0.3954999999999999,0.2987666666666667,0.1064964944649979,-0.3300999999999999,0.3565,0.0,0,0.0,0.032579,29.6942,56.040899653979245,0,0.0,0.0,0.0,0.0901,0.195,stable,stable,1.0,-2.794,-1.655,0.5471,3.2473,0.0026,0,Vegetation-loss zone
879,12.8215,77.3765,0.2867,0.4714,0.1946,-0.4090999999999999,0.1846999999999999,-0.2768,-0.5012,0.3175666666666666,0.140957877869005,-0.4614999999999999,0.4439,0.0,0,0.0,0.033453,28.8931,56.040899653979245,0,0.0,0.0,0.0,0.1227,0.245,stable,stable,1.0,-2.793,-1.7059,-0.2453,3.2728,0.0026,0,Vegetation-loss zone
880,12.8215,77.3855,0.4082,0.2124,0.1658,-0.0112999999999999,-0.1958,-0.0466,-0.2537,0.2621333333333333,0.1286253992543204,0.1492,0.4907,0.0,0,0.0,0.034361,28.1029,56.040899653979245,0,4.0,4.0,1.0,0.0621,0.1436,stable,stable,1.0,1.8086,-1.5482,-1.394,2.3808,0.0015,0,Vegetation-loss zone
881,12.8215,77.3945,0.2727,0.4602,0.1917,-0.2591,0.1875,-0.2684999999999999,-0.3401,0.3082,0.1377252700124417,-0.4559999999999999,0.4469,0.0,0,0.0,0.035305,27.3245,56.040899653979245,0,0.0,0.0,0.0,0.0777,0.1776,stable,stable,1.0,-2.7908,-1.8079,-1.804,3.3252,0.0027,0,Vegetation-loss zone
882,12.8215,77.4035,0.1229,-0.2428,0.3277,-0.4283,-0.3656999999999999,0.5705,-0.2235,0.0692666666666666,0.289006856896741,0.9362,4.1723,0.0,0,0.0,0.036286,26.5591,56.040899653979245,0,0.0,0.0,0.0,0.2382,0.3519,at_risk,at_risk,0.64,-2.7902,-1.8618,-2.5509,3.3544,0.0027,0,Vegetation-loss zone
883,12.8215,77.4125,0.0429,0.6143,0.3417,-0.5708,0.5713999999999999,-0.2725999999999999,-0.272,0.3329666666666667,0.2858000933053264,-0.8439999999999999,0.8583,0.0,0,0.0,0.037303,25.8078,56.040899653979245,0,0.0,0.0,0.0,0.1712,0.174,stable,stable,1.0,-2.7891,-1.9038,-3.3001,3.3769,0.0028,0,Vegetation-loss zone
884,12.8215,77.4215,0.2225,0.3508,0.1433,-0.3260999999999999,0.1283,-0.2075,-0.4053,0.2388666666666666,0.1047137208456147,-0.3358,0.4384,0.0,0,0.0,0.038356,25.0718,56.040899653979245,0,0.0,0.0,0.0,0.0978,0.2053,stable,stable,1.0,-2.7875,-1.9533,-4.0387,3.4037,0.0028,0,Vegetation-loss zone
885,12.8215,77.4305,0.2614,0.5024,0.1853,-0.2649999999999999,0.2409999999999999,-0.3170999999999999,-0.3410999999999999,0.3163666666666667,0.1655418476800755,-0.5580999999999998,0.5233,0.0,0,0.0,0.039444,24.3525,56.040899653979245,0,0.0,0.0,0.0,0.0795,0.1835,stable,stable,0.995,-2.7867,-1.9996,-4.7522,3.4299,0.0028,0,Vegetation-loss zone
938,12.8305,77.3045,0.1553,0.1495,0.3614,-0.5515,-0.0058,0.2119,-0.3454,0.2220666666666666,0.1207010494292959,0.2177,0.5435,0.0,0,0.0,0.027711,35.0867,56.040899653979245,0,0.0,0.0,0.0,0.1672,0.1841,stable,stable,1.0,-2.8011,-1.3072,5.9002,3.0911,0.0024,0,Vegetation-loss zone
939,12.8305,77.3135,0.005,0.187,0.3183,-0.5874,0.182,0.1313,-0.2741,0.1701,0.1573322281034626,-0.0506999999999999,0.9249,0.0,0,0.0,0.028395,34.2179,56.040899653979245,0,0.0,0.0,0.0,0.1762,0.177,stable,stable,0.995,-2.8002,-1.3626,5.0425,3.1142,0.0024,0,Vegetation-loss zone
940,12.8305,77.3225,0.5657,0.585,0.3112,0.1232999999999999,0.0192999999999999,-0.2738,-0.1312,0.4873,0.1528120741302859,-0.2930999999999999,0.3136,0.0,0,0.0,0.029108,33.3548,56.040899653979245,0,0.0,0.0,0.0,0.0,0.0802,stable,stable,1.0,-2.7992,-1.4206,4.1714,3.1391,0.0025,0,Vegetation-loss zone
941,12.8305,77.3315,0.0609,0.3231,0.158,-0.6349,0.2622,-0.1651,-0.5378,0.1806666666666666,0.1325614700180008,-0.4273,0.7337,0.0,0,0.0,0.029853,32.498,56.040899653979245,0,0.0,0.0,0.0,0.1905,0.2771,stable,stable,0.995,-2.798,-1.4723,3.3377,3.1617,0.0025,0,Vegetation-loss zone
942,12.8305,77.3405,-0.0044,0.5933,0.4034,-0.578,0.5977,-0.1899,-0.1702,0.3307666666666667,0.3053981390469388,-0.7876000000000001,0.9233,0.0,0,0.0,0.03063,31.648,56.040899653979245,0,0.0,0.0,0.0,0.1734,0.1335,stable,stable,1.0,-2.7973,-1.5268,2.4956,3.1869,0.0025,0,Vegetation-loss zone
943,12.8305,77.3495,-0.0493,0.2018,0.1845,-0.7282,0.2511,-0.0173,-0.4943999999999999,0.1123333333333333,0.140245582223945,-0.2683999999999999,1.2485,0.0,0,0.0,0.031441,30.8054,56.040899653979245,0,0.0,0.0,0.0,0.2185,0.29,stable,stable,0.955,-2.7957,-1.5819,1.6614,3.2122,0.0026,0,Vegetation-loss zone
944,12.8305,77.3585,0.2657,0.3926,0.2035,-0.1365,0.1269,-0.1891,-0.1987,0.2872666666666666,0.0963770892553481,-0.316,0.3355,0.0,0,0.0,0.032289,29.9707,56.040899653979245,0,0.0,0.0,0.0,0.041,0.1107,stable,stable,1.0,-2.7943,-1.6378,0.819,3.239,0.0026,0,Vegetation-loss zone
945,12.8305,77.3675,0.3054,0.4578,0.1589,-0.1829,0.1523999999999999,-0.2988999999999999,-0.3294,0.3073666666666667,0.1494597047144591,-0.4512999999999998,0.4863,0.0,0,0.0,0.033173,29.1447,56.040899653979245,0,0.0,0.0,0.0,0.0549,0.175,stable,stable,1.0,-2.7934,-1.6907,0.0013,3.2652,0.0026,0,Vegetation-loss zone
946,12.8305,77.3765,0.0958,0.3914,0.1195,-0.39,0.2956,-0.2719,-0.3663,0.2022333333333333,0.1642511593059036,-0.5674999999999999,0.8122,0.0,0,0.0,0.034097,28.3281,56.040899653979245,0,0.0,0.0,0.0,0.117,0.2103,stable,stable,0.99,-2.7924,-1.7423,-0.8028,3.2913,0.0027,0,Vegetation-loss zone
947,12.8305,77.3855,0.465,0.7096,0.3731,-0.1904999999999999,0.2445999999999999,-0.3365,-0.2824,0.5159,0.1739286347902495,-0.5811,0.3371,0.0,0,0.0,0.035061,27.5217,56.040899653979245,0,0.0,0.0,0.0,0.0571,0.1467,stable,stable,1.0,-2.7913,-1.7953,-1.6107,3.3188,0.0027,0,Vegetation-loss zone
948,12.8305,77.3945,0.0973,0.1744,0.1726,-0.5076,0.0771,-0.0017999999999999,-0.4323,0.1481,0.0440032953311453,-0.0788999999999999,0.2971,0.0,0,0.0,0.036067,26.7265,56.040899653979245,0,0.0,0.0,0.0,0.1523,0.2077,stable,stable,1.0,-2.7894,-1.8463,-2.3954,3.3451,0.0027,0,Vegetation-loss zone
949,12.8305,77.4035,0.1511,0.3596,0.4663,-0.4822999999999999,0.2084999999999999,0.1067,-0.1670999999999999,0.3256666666666666,0.1603164474822634,-0.1017999999999999,0.4923,0.0,0,0.0,0.037115,25.9435,56.040899653979245,0,0.0,0.0,0.0,0.1447,0.1078,stable,stable,1.0,-2.7886,-1.8972,-3.173,3.3728,0.0028,0,Vegetation-loss zone
950,12.8305,77.4125,0.1604,0.4673,0.2909,-0.1818,0.3069,-0.1764,-0.0513,0.3061999999999999,0.154021005060998,-0.4833,0.503,0.0,0,0.0,0.038206,25.1738,56.040899653979245,0,74.0,54.0,1.3704,0.0545,0.0598,stable,stable,1.0,78.881,-0.0487,-8.2788,78.881,0.0982,3,Vegetation-loss zone
951,12.8305,77.4215,0.2594,0.1093,0.1647,-0.1577,-0.1501,0.0554,-0.2524,0.1778,0.075902635000374,0.2055,0.4269,0.0,0,0.0,0.039341,24.4188,56.040899653979245,0,0.0,0.0,0.0,0.0923,0.1403,stable,stable,1.0,-2.7861,-1.9976,-4.6921,3.4282,0.0028,0,Vegetation-loss zone
952,12.8305,77.4305,0.3608,0.6273,0.0347,-0.283,0.2664999999999999,-0.5926,-0.6091000000000001,0.3409333333333333,0.2967990959105727,-0.8591,0.8705,0.0,0,0.0,0.040519,23.6797,56.040899653979245,0,0.0,0.0,0.0,0.0849,0.3176,stable,stable,0.975,-2.7862,-2.0423,-5.4166,3.4546,0.0029,0,Vegetation-loss zone
1005,12.8395,77.3045,0.7009,0.6692,0.355,0.1058,-0.0316999999999999,-0.3142,-0.2400999999999999,0.5750333333333333,0.191212508307729,-0.2825000000000001,0.3325,0.0,0,0.0,0.028049,34.6513,107.36000000000011,0,0.0,0.0,0.0,0.0095,0.1271,stable,stable,1.0,-1.2617,49.5711,2.7415,49.5871,0.0612,0,Vegetation-loss zone
1006,12.8395,77.3135,-0.0017,0.2372,0.2111,-0.6721,0.2389,-0.0260999999999999,-0.4593,0.1488666666666666,0.1310459588592236,-0.2649999999999999,0.8803,0.0,0,0.0,0.028759,33.7713,56.040899653979245,0,0.0,0.0,0.0,0.2016,0.2525,stable,stable,1.0,-2.7997,-1.3904,4.6018,3.126,0.0025,0,Vegetation-loss zone
1007,12.8395,77.3225,0.4803,0.4114,0.1163,-0.1831999999999999,-0.0689,-0.2951,-0.5472,0.336,0.1933594321464562,-0.2261999999999999,0.5755,0.0,0,0.0,0.029501,32.8966,56.040899653979245,0,0.0,0.0,0.0,0.0756,0.2715,stable,stable,1.0,-2.7985,-1.449,3.723,3.1514,0.0025,0,Vegetation-loss zone
1008,12.8395,77.3315,0.3082,0.5822,0.2824,-0.3526000000000001,0.2740000000000001,-0.2998,-0.3784,0.3909333333333333,0.166143351757852,-0.5738000000000001,0.425,0.0,0,0.0,0.030278,32.0276,56.040899653979245,0,0.0,0.0,0.0,0.1058,0.1914,stable,stable,1.0,-2.7975,-1.5036,2.8645,3.176,0.0025,0,Vegetation-loss zone
1009,12.8395,77.3405,0.6378,0.6939,0.4276,0.1326,0.0560999999999999,-0.2663,-0.0776,0.5864333333333334,0.1403845551808792,-0.3223999999999999,0.2394,0.0,0,0.0,0.03109,31.1649,56.040899653979245,0,0.0,0.0,0.0,0.0,0.0536,stable,stable,1.0,-2.7962,-1.5621,1.9972,3.203,0.0026,0,Vegetation-loss zone
1010,12.8395,77.3495,0.3015,0.4673,0.2811,-0.3556,0.1658,-0.1861999999999999,-0.376,0.3499666666666667,0.102124303343197,-0.3519999999999998,0.2918,0.0,0,0.0,0.03194,30.3089,107.36000000000011,0,0.0,0.0,0.0,0.1067,0.1828,stable,stable,1.0,-1.2553,49.293,-1.5585,49.309,0.0608,0,Vegetation-loss zone
1011,12.8395,77.3585,0.4605,0.5719,0.1826,-0.1159,0.1113999999999999,-0.3893,-0.3938,0.405,0.2004964089453973,-0.5006999999999999,0.4951,0.0,0,0.0,0.03283,29.4602,56.040899653979245,0,0.0,0.0,0.0,0.0348,0.2027,stable,stable,1.0,-2.7939,-1.6705,0.3128,3.2553,0.0026,0,Vegetation-loss zone
1012,12.8395,77.3675,0.2283,0.3743,0.1763,-0.3162999999999999,0.146,-0.198,-0.3682999999999999,0.2596333333333333,0.1026515140333221,-0.344,0.3954,0.0,0,0.0,0.033762,28.6195,56.040899653979245,0,0.0,0.0,0.0,0.0949,0.1861,stable,stable,1.0,-2.7924,-1.7243,-0.5186,3.2819,0.0027,0,Vegetation-loss zone
1013,12.8395,77.3765,0.5199,0.3261,0.1082,-0.2072999999999999,-0.1938,-0.2178999999999999,-0.619,0.3180666666666666,0.2059675298034458,-0.0240999999999999,0.6476,0.0,0,0.0,0.034737,27.7875,56.040899653979245,0,0.0,0.0,0.0,0.1203,0.3072,stable,stable,0.995,-2.7912,-1.7794,-1.3474,3.3102,0.0027,0,Vegetation-loss zone
1014,12.8395,77.3855,0.2866,0.6526,0.247,-0.1569999999999999,0.3659999999999999,-0.4055999999999999,-0.1966,0.3954,0.2236200348805982,-0.7715999999999998,0.5656,0.0,0,0.0,0.035759,26.965,56.040899653979245,0,0.0,0.0,0.0,0.0471,0.1243,stable,stable,1.0,-2.7907,-1.8309,-2.1603,3.3377,0.0027,0,Vegetation-loss zone
1015,12.8395,77.3945,0.0443,0.4768,0.171,-0.7166,0.4325,-0.3057999999999999,-0.5899,0.2307,0.2223446199034283,-0.7383,0.9638,0.0,0,0.0,0.036828,26.153,101.40999999999984,0,0.0,0.0,0.0,0.215,0.3143,stable,stable,0.915,-1.4285,43.1246,-5.3559,43.1483,0.053,0,Vegetation-loss zone
1016,12.8395,77.4035,0.223,0.5085,0.2651,-0.306,0.2855,-0.2433999999999999,-0.2639,0.3322,0.1541245275742962,-0.5288999999999999,0.4639,0.0,0,0.0,0.037947,25.3523,56.040899653979245,0,0.0,0.0,0.0,0.0918,0.1471,stable,stable,1.0,-2.7881,-1.9349,-3.7599,3.3937,0.0028,0,Vegetation-loss zone
1017,12.8395,77.4125,0.1788,0.4274,0.1557,-0.244,0.2486,-0.2717,-0.2671,0.2539666666666667,0.1506411077141075,-0.5203,0.5932,0.0,0,0.0,0.039117,24.5642,56.040899653979245,0,0.0,0.0,0.0,0.0732,0.1564,stable,stable,1.0,-2.787,-1.9861,-4.5418,3.4223,0.0028,0,Vegetation-loss zone
1018,12.8395,77.4215,0.253,0.4838,0.3385,-0.3564,0.2308,-0.1452999999999999,-0.2709,0.3584333333333333,0.1166840320409495,-0.3760999999999999,0.3255,0.0,0,0.0,0.040339,23.7899,56.040899653979245,0,0.0,0.0,0.0,0.1069,0.1422,stable,stable,1.0,-2.7857,-2.036,-5.3114,3.4504,0.0029,0,Vegetation-loss zone
1019,12.8395,77.4305,0.6215,0.4103,0.1382,-0.0053999999999999,-0.2112,-0.2721,-0.4887,0.3899999999999999,0.2422886501675223,-0.0609,0.6213,0.0,0,0.0,0.041613,23.0307,56.040899653979245,0,0.0,0.0,0.0,0.065,0.2521,stable,stable,1.0,-2.7847,-2.0874,-6.0713,3.4802,0.0029,0,Vegetation-loss zone
1072,12.8485,77.3045,0.1087,0.0748,0.0773,-0.4238999999999999,-0.0339,0.0024999999999999,-0.4553,0.0869333333333333,0.0188918853832361,0.0363999999999999,0.2173,0.0,0,0.0,0.028377,34.2395,56.040899653979245,0,0.0,0.0,0.0,0.1373,0.211,stable,stable,1.0,-2.7998,-1.3616,5.0582,3.1133,0.0024,0,Vegetation-loss zone
1073,12.8485,77.3135,0.0043,0.3287,0.1063,-0.5212,0.3243999999999999,-0.2224,-0.4191999999999999,0.1464333333333333,0.1658820464466644,-0.5468,1.1328,0.0,0,0.0,0.029113,33.3487,56.040899653979245,0,0.0,0.0,0.0,0.1564,0.2508,stable,stable,0.995,-2.7995,-1.4177,4.1831,3.138,0.0025,0,Vegetation-loss zone
1074,12.8485,77.3225,0.0557,0.8439,0.4443,-0.516,0.7882,-0.3996,-0.1274,0.4479666666666666,0.3941127926537444,-1.1878,0.8798,0.0,0,0.0,0.029884,32.4627,56.040899653979245,0,0.0,0.0,0.0,0.1548,0.1127,stable,stable,0.96,-2.7989,-1.4735,3.3045,3.1631,0.0025,0,Vegetation-loss zone
1075,12.8485,77.3315,0.3299,0.2398,0.2028,-0.4566999999999999,-0.0901,-0.037,-0.5838,0.2575,0.0653725477551548,0.0531,0.2539,0.0,0,0.0,0.030692,31.5818,107.36000000000011,0,0.0,0.0,0.0,0.164,0.2679,stable,stable,0.995,-1.2567,49.3747,-0.296,49.3907,0.0609,0,Vegetation-loss zone
1076,12.8485,77.3405,0.4395,0.7024,0.3643,0.0036999999999999,0.2629,-0.3381,-0.0715,0.5020666666666668,0.1775213883827335,-0.601,0.3536,0.0,0,0.0,0.031539,30.7066,56.040899653979245,0,0.0,0.0,0.0,0.0,0.0579,stable,stable,1.0,-2.7958,-1.5904,1.5473,3.2165,0.0026,0,Vegetation-loss zone
1077,12.8485,77.3495,0.5271,0.2817,0.3429,0.0096,-0.2454,0.0611999999999999,-0.1745999999999999,0.3838999999999999,0.1277342553898522,0.3065999999999999,0.3327,0.0,0,0.0,0.032428,29.8375,56.040899653979245,0,0.0,0.0,0.0,0.0736,0.1004,stable,stable,1.0,-2.7938,-1.6488,0.6799,3.244,0.0026,0,Vegetation-loss zone
1078,12.8485,77.3585,0.1975,0.45,0.1973,-0.2860999999999999,0.2525,-0.2527,-0.2863,0.2816,0.1458387122817532,-0.5052,0.5179,0.0,0,0.0,0.033361,28.9751,56.040899653979245,0,0.0,0.0,0.0,0.0858,0.1588,stable,stable,1.0,-2.7931,-1.7011,-0.1647,3.2704,0.0026,0,Vegetation-loss zone
1079,12.8485,77.3675,0.4969,0.3977,0.1265,-0.0294999999999999,-0.0992,-0.2712,-0.3999,0.3403666666666667,0.1917403800281342,-0.172,0.5633,0.0,0,0.0,0.034341,28.12,56.040899653979245,0,0.0,0.0,0.0,0.0386,0.2096,stable,stable,1.0,-2.7918,-1.7583,-1.0197,3.2994,0.0027,0,Vegetation-loss zone
1080,12.8485,77.3765,0.3615,0.0685,0.0427,-0.1594,-0.293,-0.0258,-0.4782,0.1575666666666666,0.1770819396023584,0.2672,1.1238,0.0,0,0.0,0.03537,27.2728,93.40000000000008,0,1.0,1.0,1.0,0.1357,0.2765,stable,stable,0.955,-0.5096,35.3018,-3.926,35.3055,0.0431,0,Vegetation-loss zone
1081,12.8485,77.3855,0.3409,0.4833,0.1577,-0.2344,0.1424,-0.3256,-0.4176,0.3273,0.1632254882057333,-0.4679999999999999,0.4987,0.0,0,0.0,0.036451,26.4344,56.040899653979245,0,0.0,0.0,0.0,0.0703,0.2137,stable,stable,1.0,-2.7896,-1.8655,-2.6876,3.3559,0.0027,0,Vegetation-loss zone
1082,12.8485,77.3945,0.1053,0.6173,0.2694,-0.5932,0.512,-0.3479,-0.4291,0.3306666666666666,0.2614406306091946,-0.8599,0.7906,0.0,0,0.0,0.037586,25.6056,56.040899653979245,0,0.0,0.0,0.0,0.178,0.2363,stable,stable,0.975,-2.7888,-1.9166,-3.5007,3.384,0.0028,0,Vegetation-loss zone
1083,12.8485,77.4035,0.0863,0.0695,0.0604,-0.355,-0.0167999999999999,-0.0091,-0.3809,0.0720666666666666,0.013139381010281,0.0076999999999998,0.1823,0.0,0,0.0,0.038779,24.7873,56.040899653979245,0,0.0,0.0,0.0,0.1115,0.1797,stable,stable,0.9995,-2.7865,-1.9722,-4.3225,3.4139,0.0028,0,Vegetation-loss zone
1084,12.8485,77.4125,0.1067,0.2366,0.1274,-0.4304,0.1299,-0.1091999999999999,-0.4097,0.1569,0.0697939109091903,-0.2390999999999998,0.4448,0.0,0,0.0,0.040031,23.9807,56.040899653979245,0,0.0,0.0,0.0,0.1291,0.2079,stable,stable,1.0,-2.7858,-2.0235,-5.1197,3.4432,0.0029,0,Vegetation-loss zone
1085,12.8485,77.4215,0.2191,0.5162,0.1868,-0.2662,0.2971,-0.3294,-0.2985,0.3073666666666666,0.1815746219418708,-0.6265000000000001,0.5907,0.0,0,0.0,0.041345,23.1869,101.40999999999984,0,0.0,0.0,0.0,0.0799,0.17,stable,stable,1.0,-1.4242,42.931,-8.309,42.9546,0.0528,0,Vegetation-loss zone
1086,12.8485,77.4305,0.3401,0.6239,0.2657,-0.1427999999999999,0.2838,-0.3582,-0.2172,0.4099,0.189026029953549,-0.642,0.4612,0.0,0,0.0,0.042722,22.4074,56.040899653979245,0,0.0,0.0,0.0,0.0428,0.1282,stable,stable,1.0,-2.7841,-2.1255,-6.6847,3.5028,0.0029,0,Vegetation-loss zone
1139,12.8575,77.3045,0.1465,0.374,0.2964,-0.2996999999999999,0.2275,-0.0776,-0.1498,0.2723,0.1156489083389895,-0.3051,0.4247,0.0,0,0.0,0.028693,33.8522,56.040899653979245,0,0.0,0.0,0.0,0.0899,0.0946,stable,stable,1.0,-2.7998,-1.3866,4.6738,3.1243,0.0025,0,Vegetation-loss zone
1140,12.8575,77.3135,0.016,0.5825,0.332,-0.6845,0.5665,-0.2505,-0.3685,0.3101666666666667,0.2838804032217323,-0.817,0.9152,0.0,0,0.0,0.029454,32.951,56.040899653979245,0,0.0,0.0,0.0,0.2054,0.2165,stable,stable,1.0,-2.7991,-1.4421,3.7904,3.1488,0.0025,0,Vegetation-loss zone
1141,12.8575,77.3225,0.1954,0.2519,0.1261,-0.4907,0.0565,-0.1258,-0.56,0.1911333333333333,0.0630084385882822,-0.1823,0.3297,0.0,0,0.0,0.030254,32.054,56.040899653979245,0,0.0,0.0,0.0,0.1472,0.2623,stable,stable,1.0,-2.797,-1.502,2.8914,3.1748,0.0025,0,Vegetation-loss zone
1142,12.8575,77.3315,0.2521,0.2916,0.3175,-0.4617,0.0395,0.0258999999999999,-0.3963,0.2870666666666667,0.0329348346486411,-0.0136000000000001,0.1147,0.0,0,0.0,0.031093,31.1617,56.040899653979245,0,0.0,0.0,0.0,0.1385,0.1806,stable,stable,1.0,-2.7956,-1.5603,2.0028,3.2015,0.0026,0,Vegetation-loss zone
1143,12.8575,77.3405,-0.0197,0.3782,0.17,-0.6312000000000001,0.3979,-0.2081999999999999,-0.4415,0.1761666666666666,0.1990216654872864,-0.6060999999999999,1.1297,0.0,0,0.0,0.031975,30.2744,56.040899653979245,0,0.0,0.0,0.0,0.1894,0.2606,stable,stable,1.0,-2.7952,-1.6157,1.1341,3.2286,0.0026,0,Vegetation-loss zone
1144,12.8575,77.3495,0.1372,0.1245,0.1131,-0.2031,-0.0126999999999999,-0.0113999999999999,-0.2271999999999999,0.1249333333333333,0.0120558422904968,0.0013,0.0965,0.0,0,0.0,0.032903,29.3926,56.040899653979245,0,0.0,0.0,0.0,0.0647,0.1085,stable,stable,1.0,-2.793,-1.6755,0.2446,3.257,0.0026,0,Vegetation-loss zone
1145,12.8575,77.3585,0.0837,0.3549,0.1319,-0.6075,0.2712,-0.223,-0.5593,0.1901666666666666,0.1446845303870919,-0.4942,0.7608,0.0,0,0.0,0.033879,28.5168,56.040899653979245,0,0.0,0.0,0.0,0.1822,0.2886,stable,stable,0.99,-2.7925,-1.7294,-0.613,3.2846,0.0027,0,Vegetation-loss zone
1146,12.8575,77.3675,0.1714,0.4841,0.1864,-0.3525,0.3127,-0.2976999999999999,-0.3375,0.2806333333333333,0.1763668430667548,-0.6103999999999998,0.6285,0.0,0,0.0,0.034907,27.6475,56.040899653979245,0,0.0,0.0,0.0,0.1058,0.1873,stable,stable,1.0,-2.7914,-1.7863,-1.48,3.314,0.0027,0,Vegetation-loss zone
1147,12.8575,77.3765,0.0145,0.5104,0.2849,-0.6134000000000001,0.4958999999999999,-0.2254999999999999,-0.343,0.2699333333333333,0.2482885485344286,-0.7213999999999998,0.9198,0.0,0,0.0,0.03599,26.7855,56.040899653979245,0,0.0,0.0,0.0,0.184,0.2073,stable,stable,0.98,-2.7904,-1.8408,-2.3292,3.3429,0.0027,0,Vegetation-loss zone
1148,12.8575,77.3855,0.1335,0.411,0.2781,-0.4457,0.2774999999999999,-0.1328999999999999,-0.3011,0.2742,0.1387911020202664,-0.4103999999999998,0.5062,0.0,0,0.0,0.037131,25.9314,56.040899653979245,0,0.0,0.0,0.0,0.1337,0.1651,stable,stable,1.0,-2.7888,-1.8972,-3.1832,3.3729,0.0028,0,Vegetation-loss zone
1149,12.8575,77.3945,0.0895,0.6218,0.272,-0.4974999999999999,0.5323,-0.3498,-0.3149999999999999,0.3277666666666667,0.2704963277631201,-0.8821,0.8253,0.0,0,0.0,0.038335,25.086,56.040899653979245,0,0.0,0.0,0.0,0.1492,0.1904,stable,stable,1.0,-2.7881,-1.9506,-4.0174,3.4027,0.0028,0,Vegetation-loss zone
1150,12.8575,77.4035,0.0441,0.4885,0.2453,-0.5025999999999999,0.4444,-0.2432,-0.3014,0.2593,0.2225305372302866,-0.6876,0.8582,0.0,0,0.0,0.039603,24.2503,101.40999999999984,0,1.0,1.0,1.0,0.1508,0.1869,stable,stable,1.0,-0.2657,43.0563,-7.3399,43.0571,0.0529,0,Vegetation-loss zone
1151,12.8575,77.4125,0.1093,0.6279,0.3139,-0.3555,0.5186000000000001,-0.314,-0.1508999999999999,0.3503666666666666,0.2612161046592138,-0.8326,0.7455,0.0,0,0.0,0.040941,23.4253,56.040899653979245,0,0.0,0.0,0.0,0.1066,0.1169,stable,stable,1.0,-2.7858,-2.0586,-5.6683,3.4638,0.0029,0,Vegetation-loss zone
1152,12.8575,77.4215,0.2738,0.2107,0.1439,-0.1783,-0.0630999999999999,-0.0668,-0.3082,0.2094666666666666,0.0649587818030274,-0.0037,0.3101,0.0,0,0.0,0.042351,22.6121,56.040899653979245,0,0.0,0.0,0.0,0.0724,0.1575,stable,stable,0.995,-2.7837,-2.1136,-6.4842,3.4952,0.0029,0,Vegetation-loss zone
1153,12.8575,77.4305,0.1735,0.2069,0.1696,-0.3145,0.0334,-0.0373,-0.3184,0.1833333333333333,0.0205022762963855,-0.0707,0.1118,0.0,0,0.0,0.043837,21.812,56.040899653979245,0,0.0,0.0,0.0,0.0944,0.1502,stable,stable,1.0,-2.7825,-2.1644,-7.2763,3.5252,0.003,0,Vegetation-loss zone
1206,12.8665,77.3045,0.2027,0.333,0.1708,-0.3254,0.1303,-0.1622,-0.3573,0.2355,0.0859307279149897,-0.2925,0.3649,0.0,0,0.0,0.028994,33.4902,56.040899653979245,0,0.0,0.0,0.0,0.0976,0.1787,stable,stable,1.0,-2.7992,-1.4098,4.3147,3.1342,0.0025,0,Vegetation-loss zone
1207,12.8665,77.3135,0.4102,0.5438,0.3156,0.0301,0.1335999999999999,-0.2281999999999999,-0.0645,0.4232,0.1146540884574117,-0.3617999999999998,0.2709,0.0,0,0.0,0.029781,32.579,56.040899653979245,0,0.0,0.0,0.0,0.0,0.0497,stable,stable,1.0,-2.7981,-1.4701,3.4038,3.1608,0.0025,0,Vegetation-loss zone
1208,12.8665,77.3225,0.2566,0.4953,0.1711,-0.4677,0.2387,-0.3242,-0.5532,0.3076666666666667,0.1680245914541479,-0.5629,0.5461,0.0,0,0.0,0.030608,31.6716,56.040899653979245,0,0.0,0.0,0.0,0.1403,0.2725,stable,stable,1.0,-2.797,-1.526,2.514,3.1862,0.0025,0,Vegetation-loss zone
1209,12.8665,77.3315,0.5699,0.5734,0.3385,0.0142999999999999,0.0035,-0.2349,-0.2170999999999999,0.4939333333333333,0.1346205903022763,-0.2384,0.2725,0.0,0,0.0,0.031478,30.7683,56.040899653979245,0,0.0,0.0,0.0,0.0,0.1145,stable,stable,1.0,-2.7956,-1.5873,1.6056,3.2148,0.0026,0,Vegetation-loss zone
1210,12.8665,77.3405,0.1614,0.049,0.0879,-0.4507,-0.1123999999999999,0.0389,-0.5242,0.0994333333333333,0.0570806739039872,0.1512999999999999,0.5741,0.0,0,0.0,0.032395,29.8694,92.40999999999964,0,424.0,100.0,4.24,0.1689,0.2623,stable,stable,0.9895,432.6624,24.74,-3.3038,433.3691,0.5463,2,Vegetation-loss zone
1211,12.8665,77.3495,0.1872,0.2413,0.1253,-0.1775,0.0540999999999999,-0.1159999999999999,-0.2394,0.1846,0.0580436904409083,-0.1700999999999998,0.3144,0.0,0,0.0,0.033361,28.9753,56.040899653979245,0,0.0,0.0,0.0,0.0532,0.1268,stable,stable,1.0,-2.7927,-1.7022,-0.1684,3.2706,0.0026,0,Vegetation-loss zone
1212,12.8665,77.3585,0.7254,0.7106,0.245,0.0899,-0.0148,-0.4656,-0.3904999999999999,0.5603333333333333,0.2731869201358903,-0.4508,0.4875,0.0,0,0.0,0.03438,28.0865,56.040899653979245,0,0.0,0.0,0.0,0.0044,0.2011,stable,stable,1.0,-2.7921,-1.7604,-1.0552,3.3007,0.0027,0,Vegetation-loss zone
1213,12.8665,77.3675,0.6088,0.6582,0.3684,0.0169,0.0494,-0.2898,-0.2234999999999999,0.5451333333333334,0.1550357808163436,-0.3392,0.2844,0.0,0,0.0,0.035456,27.2036,56.040899653979245,0,0.0,0.0,0.0,0.0,0.1187,stable,stable,1.0,-2.7907,-1.8173,-1.9315,3.3302,0.0027,0,Vegetation-loss zone
1214,12.8665,77.3765,0.3333,0.5399,0.4007,-0.094,0.2066,-0.1392,-0.0266,0.4246333333333333,0.1053588787589035,-0.3458,0.2481,0.0,0,0.0,0.036594,26.3271,56.040899653979245,0,0.0,0.0,0.0,0.0282,0.0337,stable,stable,1.0,-2.7893,-1.8734,-2.7985,3.36,0.0028,0,Vegetation-loss zone
1215,12.8665,77.3855,0.1824,0.5315,0.1985,-0.4204,0.3490999999999999,-0.3329999999999999,-0.4043,0.3041333333333333,0.1970697930514297,-0.6820999999999998,0.648,0.0,0,0.0,0.037796,25.4577,110.85000000000014,0,0.0,0.0,0.0,0.1261,0.2173,stable,stable,1.0,-1.1442,52.4428,-6.5523,52.4552,0.0648,0,Vegetation-loss zone
1216,12.8665,77.3945,0.1401,0.3088,0.3287,-0.3319,0.1687,0.0198999999999999,-0.1432999999999999,0.2592,0.1036224396547388,-0.1488000000000001,0.3998,0.0,0,0.0,0.039068,24.5961,56.040899653979245,0,0.0,0.0,0.0,0.0996,0.0926,stable,stable,1.0,-2.7866,-1.9846,-4.5119,3.4211,0.0028,0,Vegetation-loss zone
1217,12.8665,77.4035,0.3072,0.8249,0.39,-0.2224,0.5177,-0.4348999999999999,-0.1395999999999999,0.5073666666666666,0.2780908544582747,-0.9526,0.5481,0.0,0,0.0,0.040415,23.7432,56.040899653979245,0,0.0,0.0,0.0,0.0667,0.1002,stable,stable,1.0,-2.7864,-2.0383,-5.3563,3.4523,0.0029,0,Vegetation-loss zone
1218,12.8665,77.4125,0.5219,0.1547,0.0446,0.023,-0.3672,-0.1101,-0.4543,0.2404,0.2499243685597705,0.2571,1.0396,0.0,0,0.0,0.041841,22.9,56.040899653979245,0,0.0,0.0,0.0,0.1102,0.2627,stable,stable,0.99,-2.7843,-2.0968,-6.2002,3.4856,0.0029,0,Vegetation-loss zone
1219,12.8665,77.4215,0.3225,0.163,0.2459,-0.137,-0.1595,0.0829,-0.2136,0.2438,0.0797707339818307,0.2424,0.3272,0.0,0,0.0,0.043351,22.0675,56.040899653979245,0,0.0,0.0,0.0,0.089,0.1188,stable,stable,1.0,-2.7828,-2.1496,-7.0269,3.5164,0.003,0,Vegetation-loss zone
1220,12.8665,77.4305,0.1495,0.4303,0.1731,-0.384,0.2808,-0.2572,-0.3603999999999999,0.2509666666666666,0.1557548501117488,-0.538,0.6206,0.0,0,0.0,0.04495,21.247,101.40999999999984,0,63.0,56.0,1.125,0.1152,0.1986,stable,stable,0.995,69.7123,45.4065,-15.0166,83.1959,0.1037,3,Vegetation-loss zone
1273,12.8755,77.3045,0.2337,0.6372,0.3426,-0.3637,0.4034999999999999,-0.2946,-0.2548,0.4045,0.2087504970053963,-0.6980999999999999,0.5161,0.0,0,0.0,0.029279,33.1543,56.040899653979245,0,0.0,0.0,0.0,0.1091,0.1445,stable,stable,1.0,-2.7992,-1.4305,3.984,3.1436,0.0025,0,Vegetation-loss zone
1274,12.8755,77.3135,0.1151,0.7361,0.4652,-0.5977,0.621,-0.2709,-0.2476,0.4388,0.3113406012713408,-0.8918999999999999,0.7095,0.0,0,0.0,0.03009,32.2338,56.040899653979245,0,0.0,0.0,0.0,0.1793,0.1533,stable,stable,1.0,-2.7982,-1.4886,3.076,3.1695,0.0025,0,Vegetation-loss zone
1275,12.8755,77.3225,0.1438,0.6861,0.2819,-0.5414,0.5423,-0.4042,-0.4033,0.3706,0.281821024765719,-0.9465,0.7604,0.0,0,0.0,0.030944,31.3164,69.2199999999998,0,0.0,0.0,0.0,0.1624,0.2222,stable,stable,1.0,-2.4016,11.5257,1.4682,11.7732,0.0134,0,Vegetation-loss zone
1276,12.8755,77.3315,0.0468,0.2947,0.3808,-0.5705,0.2479,0.0861,-0.2364999999999999,0.2407666666666666,0.1734087752489283,-0.1618,0.7202,0.0,0,0.0,0.031844,30.4026,56.040899653979245,0,0.0,0.0,0.0,0.1712,0.1496,stable,stable,1.0,-2.7949,-1.6088,1.2554,3.2249,0.0026,0,Vegetation-loss zone
1277,12.8755,77.3405,0.0628,0.5379,0.2755,-0.3399999999999999,0.4751000000000001,-0.2624,-0.1272999999999999,0.2920666666666667,0.2379828635287283,-0.7375,0.8148,0.0,0,0.0,0.032795,29.4926,56.040899653979245,0,0.0,0.0,0.0,0.102,0.1094,stable,stable,1.0,-2.7942,-1.667,0.3526,3.2537,0.0026,0,Vegetation-loss zone
1278,12.8755,77.3495,0.281,0.7098,0.1429,-0.2889999999999999,0.4287999999999999,-0.5669,-0.4270999999999999,0.3778999999999999,0.2956114172355323,-0.9956999999999998,0.7822,0.0,0,0.0,0.033799,28.5868,56.040899653979245,0,0.0,0.0,0.0,0.0867,0.2341,stable,stable,1.0,-2.7932,-1.725,-0.5466,3.2829,0.0027,0,Vegetation-loss zone
1279,12.8755,77.3585,0.3766,0.5297,0.4071,-0.2708,0.1530999999999999,-0.1225999999999999,-0.2402999999999999,0.4377999999999999,0.0810356094565839,-0.2756999999999998,0.1851,0.0,0,0.0,0.034861,27.6857,56.040899653979245,0,0.0,0.0,0.0,0.0812,0.1198,stable,stable,1.0,-2.7911,-1.785,-1.4486,3.3131,0.0027,0,Vegetation-loss zone
1280,12.8755,77.3675,0.0613,0.7646,0.495,-0.3715,0.7032999999999999,-0.2695999999999999,0.0621999999999999,0.4402999999999999,0.3548264223532402,-0.9729,0.8059,0.0,0,0.0,0.035985,26.7896,69.2199999999998,0,0.0,0.0,0.0,0.1114,0.0558,stable,stable,0.99,-2.3954,11.2325,-3.0263,11.485,0.013,0,Vegetation-loss zone
1281,12.8755,77.3765,0.5901,0.6825,0.168,0.0908999999999999,0.0924,-0.5145,-0.3311999999999999,0.4801999999999999,0.2742919430096334,-0.6069,0.5712,0.0,0,0.0,0.037176,25.8991,56.040899653979245,0,0.0,0.0,0.0,0.0,0.1817,stable,stable,1.0,-2.7892,-1.9012,-3.2237,3.3755,0.0028,0,Vegetation-loss zone
1282,12.8755,77.3855,0.3283,0.2747,0.106,-0.0131,-0.0535999999999999,-0.1687,-0.2354,0.2363333333333333,0.1160100139355794,-0.1151,0.4909,0.0,0,0.0,0.03844,25.0149,56.040899653979245,0,0.0,0.0,0.0,0.02,0.1368,stable,stable,0.995,-2.7873,-1.9589,-4.101,3.4068,0.0028,0,Vegetation-loss zone
1283,12.8755,77.3945,0.442,0.6191,0.1272,0.153,0.1770999999999999,-0.4919,-0.1617999999999999,0.3960999999999999,0.2491415461138507,-0.6689999999999999,0.629,0.0,0,0.0,0.039781,24.1376,56.040899653979245,0,0.0,0.0,0.0,0.0,0.1143,stable,stable,1.0,-2.7867,-2.015,-4.9712,3.4389,0.0029,0,Vegetation-loss zone
1284,12.8755,77.4035,-0.0165,0.7954,0.3755,-0.5542999999999999,0.8119,-0.4199,-0.1622999999999999,0.3848,0.406029888062443,-1.2318,1.0552,0.0,0,0.0,0.041207,23.268,56.040899653979245,0,0.0,0.0,0.0,0.1663,0.1403,stable,stable,0.93,-2.786,-2.067,-5.8177,3.4691,0.0029,0,Vegetation-loss zone
1285,12.8755,77.4125,0.0671,0.5308,0.2029,-0.393,0.4637,-0.3279000000000001,-0.2572,0.2669333333333333,0.2383896460279543,-0.7916000000000001,0.8931,0.0,0,0.0,0.042722,22.4069,102.73000000000002,0,0.0,0.0,0.0,0.1179,0.171,stable,stable,1.0,-1.3837,44.1908,-9.1482,44.2125,0.0544,0,Vegetation-loss zone
1286,12.8755,77.4215,0.2186,0.1695,0.1394,-0.2402,-0.0490999999999999,-0.0301,-0.3194,0.1758333333333333,0.0399780356362507,0.0189999999999999,0.2274,0.0,0,0.0,0.044335,21.5554,56.040899653979245,0,0.0,0.0,0.0,0.0868,0.1576,stable,stable,1.0,-2.7821,-2.1815,-7.5321,3.5354,0.003,0,Vegetation-loss zone
1287,12.8755,77.4305,0.6418,0.4711,0.2697,0.1669,-0.1707,-0.2014,-0.2052,0.4608666666666667,0.1862609549350946,-0.0307,0.4042,0.0,0,0.0,0.046052,20.7148,56.040899653979245,0,0.0,0.0,0.0,0.0512,0.1204,stable,stable,1.0,-2.7814,-2.2377,-8.3735,3.5698,0.003,0,Vegetation-loss zone
1340,12.8845,77.3045,0.0313,0.3322,0.1817,-0.3956,0.3009,-0.1505,-0.2452,0.1817333333333333,0.1504500027694693,-0.4514,0.8279,0.0,0,0.0,0.029546,32.8455,69.2199999999998,0,122.0,64.0,1.9062,0.1187,0.1592,stable,stable,1.0,128.2283,12.2942,-1.4526,128.8163,0.1613,3,Vegetation-loss zone
1341,12.8845,77.3135,-0.0093,0.585,0.0969,-0.6426999999999999,0.5942999999999999,-0.4881,-0.5365,0.2241999999999999,0.3169417769875091,-1.0823999999999998,1.4137,0.0,0,0.0,0.03038,31.9161,56.040899653979245,0,0.0,0.0,0.0,0.1928,0.3174,stable,stable,0.98,-2.7981,-1.5085,2.7672,3.1788,0.0025,0,Vegetation-loss zone
1342,12.8845,77.3225,-0.0015,0.5224,0.338,-0.5468999999999999,0.5238999999999999,-0.1843999999999999,-0.2073999999999999,0.2863,0.2657488852281416,-0.7082999999999998,0.9282,0.0,0,0.0,0.03126,30.9894,56.040899653979245,0,0.0,0.0,0.0,0.1641,0.1497,stable,stable,1.0,-2.7963,-1.5697,1.8414,3.2067,0.0026,0,Vegetation-loss zone
1343,12.8845,77.3315,0.3417,0.7104,0.267,-0.2208,0.3687,-0.4434,-0.2955,0.4397,0.237389742828118,-0.8121,0.5399,0.0,0,0.0,0.03219,30.0657,56.040899653979245,0,0.0,0.0,0.0,0.0662,0.1637,stable,stable,1.0,-2.7951,-1.6303,0.9173,3.2358,0.0026,0,Vegetation-loss zone
1344,12.8845,77.3405,0.0132,0.2305,0.2866,-0.4609,0.2173,0.0561,-0.1875,0.1767666666666666,0.1444034048536714,-0.1612,0.8169,0.0,0,0.0,0.033173,29.1452,56.040899653979245,0,0.0,0.0,0.0,0.1383,0.135,stable,stable,1.0,-2.7932,-1.6904,0.0069,3.2648,0.0026,0,Vegetation-loss zone
1345,12.8845,77.3495,0.0296,0.1767,0.2478,-0.3881,0.1471,0.0711,-0.1699,0.1513666666666666,0.1112840659453694,-0.076,0.7352,0.0,0,0.0,0.034213,28.2284,69.2199999999998,0,0.0,0.0,0.0,0.1164,0.1229,stable,stable,1.0,-2.3964,11.3235,-1.6021,11.5743,0.0131,0,Vegetation-loss zone
1346,12.8845,77.3585,0.0417,0.7282,0.3384,-0.5723,0.6865,-0.3898,-0.2756,0.3694333333333333,0.3443005421624155,-1.0763,0.932,0.0,0,0.0,0.035316,27.3155,56.040899653979245,0,0.0,0.0,0.0,0.1717,0.1795,stable,stable,1.0,-2.7915,-1.8059,-1.8024,3.3247,0.0027,0,Vegetation-loss zone
1347,12.8845,77.3675,0.4964,0.6172,0.3118,0.0756,0.1207999999999999,-0.3053999999999999,-0.1089999999999999,0.4751333333333333,0.1538066751910765,-0.4261999999999998,0.3237,0.0,0,0.0,0.036487,26.4069,56.040899653979245,0,0.0,0.0,0.0,0.0,0.073,stable,stable,1.0,-2.7896,-1.8687,-2.7216,3.3577,0.0028,0,Vegetation-loss zone
1348,12.8845,77.3765,0.4635,0.4825,0.2608,-0.0537999999999999,0.0189999999999999,-0.2217,-0.2565,0.4022666666666666,0.1228815011844066,-0.2406999999999999,0.3055,0.0,0,0.0,0.037731,25.5032,56.040899653979245,0,0.0,0.0,0.0,0.0161,0.1344,stable,stable,1.0,-2.7881,-1.927,-3.6172,3.3892,0.0028,0,Vegetation-loss zone
1349,12.8845,77.3855,0.0335,0.289,0.1932,-0.5288,0.2554999999999999,-0.0957999999999999,-0.3691,0.1719,0.129074900735968,-0.3512999999999998,0.7509,0.0,0,0.0,0.039055,24.6048,56.040899653979245,0,0.0,0.0,0.0,0.1586,0.2089,stable,stable,1.0,-2.7869,-1.9827,-4.4969,3.4202,0.0028,0,Vegetation-loss zone
1350,12.8845,77.3945,0.2515,0.5928,0.2418,-0.0173999999999999,0.3413,-0.351,-0.0270999999999999,0.3620333333333334,0.1999086374655516,-0.6922999999999999,0.5522,0.0,0,0.0,0.040466,23.7123,102.73000000000002,0,2.0,1.0,2.0,0.0052,0.053,stable,stable,1.0,0.7747,44.2865,-7.9361,44.2933,0.0545,0,Vegetation-loss zone
1351,12.8845,77.4035,0.3584,0.1621,0.1865,-0.1759,-0.1963,0.0244,-0.3478,0.2356666666666666,0.1069880522924561,0.2207,0.454,0.0,0,0.0,0.04197,22.8266,56.040899653979245,0,0.0,0.0,0.0,0.1117,0.1827,stable,stable,1.0,-2.7839,-2.1004,-6.2723,3.4874,0.0029,0,Vegetation-loss zone
1352,12.8845,77.4125,0.6167,0.4236,0.1979,0.0695,-0.1931,-0.2256999999999999,-0.3493,0.4127333333333333,0.2096113626054974,-0.0325999999999999,0.5079,0.0,0,0.0,0.043576,21.9483,56.040899653979245,0,0.0,0.0,0.0,0.0579,0.1869,stable,stable,1.0,-2.7831,-2.1576,-7.1473,3.5215,0.003,0,Vegetation-loss zone
1353,12.8845,77.4215,0.437,0.2028,0.0749,-0.0991,-0.2342,-0.1279,-0.4612,0.2382333333333333,0.1836320868838921,0.1062999999999999,0.7708,0.0,0,0.0,0.045293,21.0784,56.040899653979245,0,0.0,0.0,0.0,0.1,0.2502,stable,stable,0.985,-2.7817,-2.2134,-8.0063,3.5549,0.003,0,Vegetation-loss zone
1354,12.8845,77.4305,0.0553,0.278,0.2655,-0.3492,0.2227,-0.0125,-0.139,0.1996,0.1251236588339711,-0.2352,0.6269,0.0,0,0.0,0.04713,20.2179,56.040899653979245,0,0.0,0.0,0.0,0.1048,0.1061,stable,stable,1.0,-2.7806,-2.2671,-8.8543,3.5877,0.003,0,Vegetation-loss zone
1407,12.8935,77.3045,0.445,0.289,0.2983,-0.0167999999999999,-0.156,0.0093,-0.1634999999999999,0.3441,0.0875055998208114,0.1653,0.2543,0.0,0,0.0,0.029794,32.5643,56.040899653979245,0,0.0,0.0,0.0,0.0518,0.0904,stable,stable,1.0,-2.7976,-1.4721,3.3871,3.1613,0.0025,0,Vegetation-loss zone
1408,12.8935,77.3135,0.2239,0.4167,0.1185,-0.1396,0.1928,-0.2982,-0.245,0.2530333333333334,0.1512196195383831,-0.491,0.5976,0.0,0,0.0,0.03065,31.6267,56.040899653979245,0,0.0,0.0,0.0,0.0419,0.1456,stable,stable,1.0,-2.7969,-1.5305,2.4649,3.1883,0.0025,0,Vegetation-loss zone
1409,12.8935,77.3225,0.3073,0.2238,0.0657,-0.1185,-0.0835,-0.1581,-0.3601,0.1989333333333333,0.1227045367267785,-0.0745999999999999,0.6168,0.0,0,0.0,0.031554,30.6914,56.040899653979245,0,0.0,0.0,0.0,0.0606,0.1955,stable,stable,0.995,-2.7952,-1.592,1.5342,3.2168,0.0026,0,Vegetation-loss zone
1410,12.8935,77.3315,0.4328,0.4032,0.226,-0.0384999999999999,-0.0296,-0.1772,-0.2453,0.354,0.1118348782804362,-0.1476,0.3159,0.0,0,0.0,0.032511,29.7585,56.040899653979245,0,97.0,68.0,1.4265,0.0204,0.1292,stable,stable,1.0,103.8077,0.5615,-4.7801,103.8093,0.1297,3,Vegetation-loss zone
1411,12.8935,77.3405,0.4301,0.4686,0.2443,-0.1918,0.0385,-0.2243,-0.3776,0.381,0.1199405269289742,-0.2628,0.3148,0.0,0,0.0,0.033525,28.8283,56.040899653979245,0,0.0,0.0,0.0,0.0575,0.1852,stable,stable,1.0,-2.7928,-1.7116,-0.3152,3.2755,0.0026,0,Vegetation-loss zone
1412,12.8935,77.3495,0.6565,0.3192,0.1722,0.2874,-0.3373,-0.147,-0.1969,0.3826333333333333,0.2483031681902857,0.1903,0.6489,0.0,0,0.0,0.034601,27.9011,56.040899653979245,0,0.0,0.0,0.0,0.1012,0.1292,stable,stable,1.0,-2.7914,-1.7747,-1.2436,3.3078,0.0027,0,Vegetation-loss zone
1413,12.8935,77.3585,0.5077,0.4992,0.2682,-0.0292999999999999,-0.0085,-0.2309999999999999,-0.2688,0.4250333333333333,0.1358881280073183,-0.2224999999999999,0.3197,0.0,0,0.0,0.035743,26.9772,56.040899653979245,0,0.0,0.0,0.0,0.0113,0.14,stable,stable,1.0,-2.7902,-1.8319,-2.1551,3.3378,0.0027,0,Vegetation-loss zone
1414,12.8935,77.3675,0.486,0.7301,0.3969,-0.0873,0.2440999999999999,-0.3332,-0.1764,0.5376666666666666,0.1725040386000668,-0.5772999999999999,0.3208,0.0,0,0.0,0.036959,26.0569,56.040899653979245,0,0.0,0.0,0.0,0.0262,0.1014,stable,stable,1.0,-2.7892,-1.8903,-3.0661,3.3695,0.0028,0,Vegetation-loss zone
1415,12.8935,77.3765,0.1157,0.245,0.112,-0.3911,0.1293,-0.133,-0.3948,0.1575666666666666,0.0757420842948841,-0.2623,0.4807,0.0,0,0.0,0.038255,25.1406,56.040899653979245,0,0.0,0.0,0.0,0.1173,0.2034,stable,stable,1.0,-2.7875,-1.9488,-3.969,3.4011,0.0028,0,Vegetation-loss zone
1416,12.8935,77.3855,0.1485,0.334,0.0835,-0.2866999999999999,0.1855,-0.2505,-0.3516999999999999,0.1886666666666666,0.1299907047958943,-0.436,0.689,0.0,0,0.0,0.039637,24.2289,56.040899653979245,0,0.0,0.0,0.0,0.086,0.198,stable,stable,0.9995,-2.7864,-2.0077,-4.8735,3.4344,0.0028,0,Vegetation-loss zone
1417,12.8935,77.3945,-0.0201,0.535,0.2264,-0.4813,0.5551,-0.3086,-0.2348,0.2471,0.2781283336878859,-0.8637,1.1256,0.0,0,0.0,0.041115,23.3221,56.040899653979245,0,0.0,0.0,0.0,0.1444,0.1751,stable,stable,0.995,-2.7857,-2.0647,-5.7661,3.4675,0.0029,0,Vegetation-loss zone
1418,12.8935,77.4035,0.1515,0.1237,0.1201,-0.4279,-0.0277999999999999,-0.0036,-0.4593,0.1317666666666666,0.0171841011790938,0.0241999999999999,0.1304,0.0,0,0.0,0.042697,22.421,56.040899653979245,0,0.0,0.0,0.0,0.1367,0.2105,stable,stable,1.0,-2.7832,-2.1248,-6.6704,3.5016,0.0029,0,Vegetation-loss zone
1419,12.8935,77.4125,0.2182,0.1799,0.2961,-0.2239,-0.0383,0.1161999999999999,-0.146,0.2313999999999999,0.0592139341709364,0.1544999999999999,0.2559,0.0,0,0.0,0.044393,21.5263,56.040899653979245,0,0.0,0.0,0.0,0.0787,0.0862,stable,stable,1.0,-2.782,-2.184,-7.5622,3.5369,0.003,0,Vegetation-loss zone
1420,12.8935,77.4215,0.0513,0.5883,0.3622,-0.4721999999999999,0.537,-0.2261,-0.1612999999999999,0.3339333333333333,0.2696136185976764,-0.7631,0.8074,0.0,0,0.0,0.046214,20.6386,56.040899653979245,0,12.0,12.0,1.0,0.1417,0.1261,stable,stable,0.995,10.9915,-1.6092,-9.491,11.1087,0.0125,0,Vegetation-loss zone
1421,12.8935,77.4305,0.2354,0.4338,0.2671,-0.2185,0.1984,-0.1667,-0.1868,0.3121,0.1065804391058697,-0.3651,0.3415,0.0,0,0.0,0.048172,19.7591,56.040899653979245,0,0.0,0.0,0.0,0.0656,0.1093,stable,stable,1.0,-2.7801,-2.2968,-9.313,3.6061,0.0031,0,Vegetation-loss zone
1474,12.9025,77.3045,-0.0097,0.3937,0.2197,-0.3666999999999999,0.4034,-0.174,-0.1372999999999999,0.2012333333333333,0.2023330258097608,-0.5773999999999999,1.0055,0.0,0,0.0,0.03002,32.3116,56.040899653979245,0,0.0,0.0,0.0,0.11,0.1245,stable,stable,0.995,-2.798,-1.4853,3.151,3.1678,0.0025,0,Vegetation-loss zone
1475,12.9025,77.3135,0.3562,0.2788,0.121,-0.0103999999999999,-0.0774,-0.1578,-0.2455999999999999,0.252,0.1198684278698941,-0.0804,0.4757,0.0,0,0.0,0.030896,31.3665,69.2199999999998,0,0.0,0.0,0.0,0.0263,0.1386,stable,stable,1.0,-2.4008,11.5247,1.5041,11.7721,0.0134,0,Vegetation-loss zone
1476,12.9025,77.3225,0.3071,0.414,0.2811,0.0045,0.1069,-0.1328999999999999,-0.0214999999999999,0.3340666666666667,0.0704343902744485,-0.2397999999999999,0.2108,0.0,0,0.0,0.031824,30.4233,56.040899653979245,0,0.0,0.0,0.0,0.0,0.0284,stable,stable,1.0,-2.7949,-1.6094,1.2647,3.2252,0.0026,0,Vegetation-loss zone
1477,12.9025,77.3315,0.257,0.3848,0.211,-0.1245999999999999,0.1277999999999999,-0.1737999999999999,-0.1706,0.2842666666666666,0.0900511706383283,-0.3015999999999998,0.3168,0.0,0,0.0,0.032806,29.482,56.040899653979245,0,0.0,0.0,0.0,0.0374,0.0978,stable,stable,1.0,-2.7936,-1.6695,0.3337,3.2545,0.0026,0,Vegetation-loss zone
1478,12.9025,77.3405,0.5674,0.2622,0.3366,-0.0062999999999999,-0.3052,0.0744,-0.2370999999999999,0.3887333333333333,0.1591388492271241,0.3796,0.4094,0.0,0,0.0,0.033849,28.5428,56.040899653979245,0,0.0,0.0,0.0,0.0934,0.1316,stable,stable,1.0,-2.792,-1.7325,-0.6048,3.2858,0.0027,0,Vegetation-loss zone
1479,12.9025,77.3495,0.192,0.1219,0.0975,-0.3392,-0.0701,-0.0243999999999999,-0.4337,0.1371333333333333,0.0490571435504895,0.0457,0.3577,0.0,0,0.0,0.034958,27.6061,56.040899653979245,0,0.0,0.0,0.0,0.1228,0.2117,stable,stable,1.0,-2.7906,-1.7905,-1.5255,3.3156,0.0027,0,Vegetation-loss zone
1480,12.9025,77.3585,0.5367,0.6668,0.3806,-0.2075,0.1301,-0.2861999999999999,-0.3636,0.5280333333333334,0.1432966968681878,-0.4162999999999999,0.2714,0.0,0,0.0,0.036137,26.6721,69.2199999999998,0,48.0,45.0,1.0667,0.0622,0.1772,stable,stable,1.0,52.1789,13.4342,-7.052,53.8806,0.0666,3,Vegetation-loss zone
1481,12.9025,77.3675,0.1077,0.5494,0.2205,-0.3141,0.4417,-0.3288999999999999,-0.2013,0.2925333333333333,0.2294914450112102,-0.7706,0.7845,0.0,0,0.0,0.037396,25.7409,56.040899653979245,0,0.0,0.0,0.0,0.0942,0.1398,stable,stable,1.0,-2.789,-1.9093,-3.3708,3.3799,0.0028,0,Vegetation-loss zone
1482,12.9025,77.3765,0.0318,0.5844,0.2746,-0.4854,0.5526,-0.3098,-0.2425999999999999,0.2969333333333333,0.2769761241214364,-0.8624,0.9328,0.0,0,0.0,0.03874,24.8131,56.040899653979245,0,0.0,0.0,0.0,0.1456,0.1663,stable,stable,1.0,-2.7878,-1.9683,-4.2877,3.4126,0.0028,0,Vegetation-loss zone
1483,12.9025,77.3855,0.0557,0.3639,0.1657,-0.5083,0.3082,-0.1982,-0.3983,0.1950999999999999,0.1561892441879401,-0.5064,0.8006,0.0,0,0.0,0.040179,23.8889,56.040899653979245,0,0.0,0.0,0.0,0.1525,0.2244,stable,stable,1.0,-2.7861,-2.0287,-5.2066,3.4464,0.0029,0,Vegetation-loss zone
1484,12.9025,77.3945,0.0911,0.433,0.1648,-0.4506999999999999,0.3419,-0.2682,-0.3769999999999999,0.2296333333333333,0.1799344973409305,-0.6101,0.7836,0.0,0,0.0,0.041721,22.9688,56.040899653979245,0,0.0,0.0,0.0,0.1352,0.2147,stable,stable,1.0,-2.7849,-2.0881,-6.1203,3.4807,0.0029,0,Vegetation-loss zone
1485,12.9025,77.4035,0.0558,0.277,0.1468,-0.4738999999999999,0.2212,-0.1302,-0.3828999999999999,0.1598666666666666,0.1111773957840951,-0.3514,0.6954,0.0,0,0.0,0.043378,22.0533,102.73000000000002,0,0.0,0.0,0.0,0.1422,0.2123,stable,stable,1.0,-1.3827,44.1674,-9.5007,44.1891,0.0544,0,Vegetation-loss zone
1486,12.9025,77.4125,0.7005,0.7134,0.302,0.2245,0.0129,-0.4114,-0.174,0.5719666666666666,0.2338869456240201,-0.4243,0.4089,0.0,0,0.0,0.045161,21.1431,56.040899653979245,0,0.0,0.0,0.0,0.0,0.1074,stable,stable,1.0,-2.7824,-2.2094,-7.9478,3.5529,0.003,0,Vegetation-loss zone
1487,12.9025,77.4215,0.4507,0.4276,0.1765,-0.2087,-0.0231,-0.2511,-0.4829,0.3515999999999999,0.1520802748550909,-0.2279999999999999,0.4325,0.0,0,0.0,0.047084,20.2387,56.040899653979245,0,0.0,0.0,0.0,0.0695,0.2395,stable,stable,1.0,-2.7807,-2.2663,-8.8383,3.5873,0.003,0,Vegetation-loss zone
1488,12.9025,77.4305,0.3121,0.4195,0.2175,-0.2543,0.1074,-0.2019999999999999,-0.3489,0.3163666666666667,0.1010675681578088,-0.3093999999999999,0.3195,0.0,0,0.0,0.049162,19.3411,56.040899653979245,0,0.0,0.0,0.0,0.0763,0.1766,stable,stable,1.0,-2.7794,-2.3238,-9.7279,3.6229,0.0031,0,Vegetation-loss zone
1541,12.9115,77.3045,0.1943,0.5838,0.1064,-0.2118,0.3894999999999999,-0.4774,-0.2997,0.2948333333333333,0.2540824734871206,-0.8668999999999999,0.8618,0.0,0,0.0,0.030222,32.0881,56.040899653979245,0,0.0,0.0,0.0,0.0635,0.1844,stable,stable,1.0,-2.798,-1.4996,2.927,3.1745,0.0025,0,Vegetation-loss zone
1542,12.9115,77.3135,0.092,0.4194,0.1265,-0.232,0.3274,-0.2929,-0.1975,0.2126333333333333,0.1798941448000277,-0.6203000000000001,0.846,0.0,0,0.0,0.031117,31.1363,56.040899653979245,0,0.0,0.0,0.0,0.0696,0.1405,stable,stable,1.0,-2.7964,-1.5616,1.982,3.2028,0.0026,0,Vegetation-loss zone
1543,12.9115,77.3225,0.2589,0.5921,0.2626,-0.0757999999999999,0.3331999999999999,-0.3294999999999999,-0.0721,0.3712,0.1913139566262743,-0.6626999999999998,0.5154,0.0,0,0.0,0.032066,30.1858,56.040899653979245,0,0.0,0.0,0.0,0.0227,0.068,stable,stable,1.0,-2.7951,-1.6235,1.0339,3.2324,0.0026,0,Vegetation-loss zone
1544,12.9115,77.3315,0.3355,0.6288,0.211,-0.0041999999999999,0.2933,-0.4178,-0.1287,0.3917666666666666,0.2145079563403962,-0.7111000000000001,0.5475,0.0,0,0.0,0.033072,29.237,56.040899653979245,0,0.0,0.0,0.0,0.0013,0.094,stable,stable,1.0,-2.7938,-1.6849,0.0915,3.2626,0.0026,0,Vegetation-loss zone
1545,12.9115,77.3405,0.5643,0.5783,0.571,0.0735,0.014,-0.0073,0.0801999999999999,0.5712,0.0070021425292548,-0.0213,0.0123,0.0,0,0.0,0.034142,28.2898,69.2199999999998,0,0.0,0.0,0.0,0.0,0.0079,stable,stable,1.0,-2.3965,11.3253,-1.5551,11.5761,0.0131,0,Vegetation-loss zone
1546,12.9115,77.3495,0.2172,0.5569,0.3541,-0.2239999999999999,0.3396999999999999,-0.2027999999999999,-0.0870999999999999,0.3760666666666667,0.170912033904384,-0.5424999999999998,0.4545,0.0,0,0.0,0.03528,27.3445,56.040899653979245,0,0.0,0.0,0.0,0.0672,0.0714,stable,stable,0.995,-2.7909,-1.8067,-1.7844,3.3247,0.0027,0,Vegetation-loss zone
1547,12.9115,77.3585,0.3247,0.5091,0.3559,-0.1277,0.1844,-0.1532,-0.0965,0.3965666666666667,0.0986973826062947,-0.3376,0.2489,0.0,0,0.0,0.036495,26.4012,56.040899653979245,0,0.0,0.0,0.0,0.0383,0.0633,stable,stable,1.0,-2.7894,-1.8684,-2.7244,3.3573,0.0028,0,Vegetation-loss zone
1548,12.9115,77.3675,0.4709,0.4742,0.1972,0.0382,0.0033,-0.277,-0.2355,0.3807666666666667,0.1589819591442165,-0.2803,0.4175,0.0,0,0.0,0.037792,25.4603,56.040899653979245,0,0.0,0.0,0.0,0.0,0.1323,stable,stable,1.0,-2.7881,-1.93,-3.6602,3.391,0.0028,0,Vegetation-loss zone
1549,12.9115,77.3765,0.232,0.2946,0.1466,-0.2611,0.0625999999999999,-0.1479999999999999,-0.3465,0.2244,0.0742921260969155,-0.2105999999999998,0.3311,0.0,0,0.0,0.039182,24.5219,56.040899653979245,0,0.0,0.0,0.0,0.0783,0.1742,stable,stable,1.0,-2.7865,-1.9894,-4.5865,3.4238,0.0028,0,Vegetation-loss zone
1550,12.9115,77.3855,0.3076,0.3077,0.2416,-0.2512,9.9999999999989e-05,-0.0660999999999999,-0.3171999999999999,0.2856333333333333,0.0381340180591205,-0.0661999999999998,0.1335,0.0,0,0.0,0.040673,23.5863,102.73000000000002,0,130.0,44.0,2.9545,0.0754,0.1503,stable,stable,0.995,133.9515,42.6083,-10.0883,140.5648,0.1762,3,Vegetation-loss zone
1551,12.9115,77.3945,0.078,0.483,0.3167,-0.3682999999999999,0.4049999999999999,-0.1663,-0.1296,0.2925666666666666,0.2035756943579791,-0.5712999999999999,0.6958,0.0,0,0.0,0.042276,22.654,56.040899653979245,0,0.0,0.0,0.0,0.1105,0.1052,stable,stable,1.0,-2.7844,-2.1089,-6.4348,3.4929,0.0029,0,Vegetation-loss zone
1552,12.9115,77.4035,0.1793,0.5507,0.3615,-0.4024,0.3713999999999999,-0.1891999999999999,-0.2202,0.3638333333333333,0.1857109941100239,-0.5605999999999998,0.5104,0.0,0,0.0,0.044004,21.7254,56.040899653979245,0,0.0,0.0,0.0,0.1207,0.1327,stable,stable,1.0,-2.7831,-2.1687,-7.3574,3.5283,0.003,0,Vegetation-loss zone
1553,12.9115,77.4125,0.4456,0.116,0.1034,-0.277,-0.3296,-0.0126,-0.6192,0.2216666666666666,0.19403425814359,0.317,0.8753,0.0,0,0.0,0.04587,20.8008,56.040899653979245,0,0.0,0.0,0.0,0.182,0.3233,stable,stable,0.925,-2.7812,-2.2312,-8.2798,3.5656,0.003,0,Vegetation-loss zone
1554,12.9115,77.4215,0.291,0.6736,0.2565,-0.3223999999999999,0.3826,-0.4170999999999999,-0.3568999999999999,0.4070333333333333,0.2314970914144135,-0.7996999999999999,0.5687,0.0,0,0.0,0.04789,19.881,56.040899653979245,0,0.0,0.0,0.0,0.0967,0.1947,stable,stable,1.0,-2.7807,-2.2876,-9.1876,3.6008,0.0031,0,Vegetation-loss zone
1555,12.9115,77.4305,0.3042,0.2307,0.18,-0.1951,-0.0735,-0.0506999999999999,-0.3193,0.2383,0.0624478182164917,0.0228,0.2621,0.0,0,0.0,0.050084,18.9665,102.73000000000002,0,0.0,0.0,0.0,0.0806,0.1609,stable,stable,1.0,-1.378,43.9661,-12.5731,43.9877,0.0541,0,Vegetation-loss zone
1608,12.9205,77.3045,0.4573,0.3149,0.1069,0.1175999999999999,-0.1423999999999999,-0.208,-0.2328,0.2930333333333333,0.1762204679750151,-0.0656000000000001,0.6014,0.0,0,0.0,0.0304,31.8942,56.040899653979245,0,0.0,0.0,0.0,0.0427,0.1406,stable,stable,1.0,-2.797,-1.5154,2.7235,3.1812,0.0025,0,Vegetation-loss zone
1609,12.9205,77.3135,0.2917,0.4203,0.1898,-0.0208999999999999,0.1286,-0.2305,-0.1227999999999999,0.3006,0.1155074456474559,-0.3591,0.3843,0.0,0,0.0,0.031312,30.9365,56.040899653979245,0,0.0,0.0,0.0,0.0063,0.0814,stable,stable,1.0,-2.7958,-1.5759,1.7761,3.2093,0.0026,0,Vegetation-loss zone
1610,12.9205,77.3225,0.4875,0.1024,0.1359,0.1993999999999999,-0.3851,0.0334999999999999,-0.1522,0.2419333333333333,0.2133255805882954,0.4185999999999999,0.8817,0.0,0,0.0,0.032279,29.9799,56.040899653979245,0,0.0,0.0,0.0,0.1155,0.1238,stable,stable,0.995,-2.7941,-1.6407,0.8214,3.2402,0.0026,0,Vegetation-loss zone
1611,12.9205,77.3315,0.1775,0.6763,0.4705,-0.129,0.4988,-0.2058,0.1639999999999999,0.4414333333333333,0.2506671365243823,-0.7046,0.5678,0.0,0,0.0,0.033306,29.0243,56.040899653979245,0,0.0,0.0,0.0,0.0387,0.041,stable,stable,1.0,-2.7935,-1.6983,-0.1177,3.2693,0.0026,0,Vegetation-loss zone
1612,12.9205,77.3405,0.1751,0.1514,0.1227,-0.274,-0.0237,-0.0287,-0.3264,0.1497333333333333,0.0262397281489982,-0.005,0.1752,0.0,0,0.0,0.0344,28.07,56.040899653979245,0,0.0,0.0,0.0,0.0893,0.1554,stable,stable,1.0,-2.7912,-1.7606,-1.0667,3.3001,0.0027,0,Vegetation-loss zone
1613,12.9205,77.3495,0.2375,0.715,0.3629,-0.1336999999999999,0.4775,-0.3520999999999999,-0.0082999999999999,0.4384666666666666,0.2475566669135237,-0.8295999999999999,0.5646,0.0,0,0.0,0.035566,27.1171,56.040899653979245,0,0.0,0.0,0.0,0.0401,0.0448,stable,stable,1.0,-2.791,-1.8211,-2.0096,3.3325,0.0027,0,Vegetation-loss zone
1614,12.9205,77.3585,0.2729,0.2164,0.2107,-0.0072,-0.0564999999999999,-0.0057,-0.0694,0.2333333333333333,0.0343840563827674,0.0507999999999999,0.1474,0.0,0,0.0,0.036811,26.1658,56.040899653979245,0,0.0,0.0,0.0,0.0191,0.0458,stable,stable,1.0,-2.7886,-1.8849,-2.9614,3.3659,0.0028,0,Vegetation-loss zone
1615,12.9205,77.3675,0.4535,0.3993,0.1565,0.039,-0.0542,-0.2428,-0.258,0.3364333333333333,0.1581657780094459,-0.1886,0.4701,0.0,0,0.0,0.038144,25.2161,56.040899653979245,0,0.0,0.0,0.0,0.0163,0.145,stable,stable,1.0,-2.7877,-1.946,-3.9026,3.3998,0.0028,0,Vegetation-loss zone
1616,12.9205,77.3765,0.2023,0.1531,0.1306,-0.3347,-0.0491999999999999,-0.0225,-0.4064,0.162,0.036669196882397,0.0266999999999998,0.2264,0.0,0,0.0,0.039575,24.2683,56.040899653979245,0,0.0,0.0,0.0,0.1152,0.1933,stable,stable,1.0,-2.7859,-2.006,-4.8385,3.4329,0.0028,0,Vegetation-loss zone
1617,12.9205,77.3855,0.3661,0.7362,0.2061,-0.161,0.3701,-0.5301,-0.321,0.4361333333333333,0.2719007233041746,-0.9002,0.6234,0.0,0,0.0,0.041114,23.3227,56.040899653979245,0,0.0,0.0,0.0,0.0483,0.1814,stable,stable,1.0,-2.7857,-2.0658,-5.7741,3.4681,0.0029,0,Vegetation-loss zone
1618,12.9205,77.3945,0.6161,0.6621,0.3516,0.2848,0.046,-0.3105,0.0203,0.5432666666666667,0.1675741129570236,-0.3565,0.3085,0.0,0,0.0,0.042773,22.3795,56.040899653979245,0,0.0,0.0,0.0,0.0,0.0274,stable,stable,1.0,-2.784,-2.1299,-6.7222,3.5053,0.0029,0,Vegetation-loss zone
1619,12.9205,77.4035,0.5167,0.3063,0.1809,0.043,-0.2104,-0.1254,-0.2928,0.3346333333333333,0.1696835093146453,0.0849999999999999,0.5071,0.0,0,0.0,0.044565,21.439,56.040899653979245,0,0.0,0.0,0.0,0.0631,0.1632,stable,stable,0.995,-2.7822,-2.1907,-7.6523,3.5412,0.003,0,Vegetation-loss zone
1620,12.9205,77.4125,0.0178,0.3058,0.139,-0.5878,0.288,-0.1668,-0.4666,0.1542,0.144600414937164,-0.4548,0.9377,0.0,0,0.0,0.046508,20.5016,56.040899653979245,0,5.0,5.0,1.0,0.1763,0.2628,stable,stable,0.995,2.9654,-1.9831,-9.0097,3.5674,0.003,0,Vegetation-loss zone
1621,12.9205,77.4215,0.0902,0.1973,0.3181,-0.4168,0.1071,0.1207999999999999,-0.1889,0.2018666666666666,0.1140186095921772,0.0136999999999998,0.5648,0.0,0,0.0,0.04862,19.5677,56.040899653979245,0,0.0,0.0,0.0,0.125,0.1237,stable,stable,0.995,-2.7795,-2.3094,-9.5004,3.6137,0.0031,0,Vegetation-loss zone
1622,12.9205,77.4305,0.0295,0.433,0.1268,-0.4876,0.4034999999999999,-0.3062,-0.3903,0.1964333333333333,0.2105698538094504,-0.7097,1.072,0.0,0,0.0,0.050922,18.638,56.040899653979245,0,0.0,0.0,0.0,0.1463,0.2395,stable,stable,1.0,-2.779,-2.3674,-10.4152,3.6507,0.0031,0,Vegetation-loss zone
1675,12.9295,77.3045,0.3591,0.4289,0.1778,-0.0331,0.0698,-0.2511,-0.2143999999999999,0.3219333333333333,0.1296102747984639,-0.3208999999999999,0.4026,0.0,0,0.0,0.030552,31.7307,56.040899653979245,0,0.0,0.0,0.0,0.0099,0.121,stable,stable,1.0,-2.7969,-1.5247,2.5639,3.1855,0.0025,0,Vegetation-loss zone
1676,12.9295,77.3135,0.4241,0.1518,0.2277,0.0415999999999999,-0.2723,0.0759,-0.1548,0.2678666666666666,0.140523461860763,0.3481999999999999,0.5246,0.0,0,0.0,0.031478,30.768,56.040899653979245,0,0.0,0.0,0.0,0.0817,0.1033,stable,stable,1.0,-2.7951,-1.5889,1.6044,3.2151,0.0026,0,Vegetation-loss zone
1677,12.9295,77.3225,0.6004,0.757,0.3823,0.2208,0.1565999999999999,-0.3747,0.0026999999999999,0.5799,0.1881892930004255,-0.5312999999999999,0.3245,0.0,0,0.0,0.032461,29.8059,56.040899653979245,0,0.0,0.0,0.0,0.0,0.0262,stable,stable,0.99,-2.7945,-1.6497,0.6492,3.2451,0.0026,0,Vegetation-loss zone
1678,12.9295,77.3315,0.3079,0.4592,0.1721,-0.0212999999999999,0.1513,-0.2871,-0.1571,0.3130666666666666,0.1436197177734775,-0.4384,0.4587,0.0,0,0.0,0.033507,28.8447,56.040899653979245,0,0.0,0.0,0.0,0.0064,0.1008,stable,stable,1.0,-2.7929,-1.7108,-0.299,3.2753,0.0026,0,Vegetation-loss zone
1679,12.9295,77.3405,0.1934,0.6891,0.391,-0.1508,0.4957,-0.2981,0.0468,0.4245,0.2495422008398579,-0.7938,0.5878,0.0,0,0.0,0.034621,27.8844,56.040899653979245,0,0.0,0.0,0.0,0.0452,0.0425,stable,stable,1.0,-2.792,-1.7716,-1.2478,3.3066,0.0027,0,Vegetation-loss zone
1680,12.9295,77.3495,0.0487,0.6691,0.2665,-0.2449,0.6204000000000001,-0.4026,-0.0271,0.3281,0.3147538085551944,-1.023,0.9593,0.0,0,0.0,0.03581,26.925,56.040899653979245,0,1.0,1.0,1.0,0.0735,0.0764,stable,stable,1.0,-1.6308,-1.777,-2.2863,2.4119,0.0016,0,Vegetation-loss zone
1681,12.9295,77.3585,0.0904,0.7581,0.3529,-0.2822,0.6677,-0.4052,-0.0196999999999999,0.4004666666666667,0.3363818712911463,-1.0729,0.84,0.0,0,0.0,0.037083,25.9666,56.040899653979245,0,0.0,0.0,0.0,0.0847,0.0664,stable,stable,1.0,-2.7896,-1.8942,-3.1459,3.372,0.0028,0,Vegetation-loss zone
1682,12.9295,77.3675,0.4475,0.4545,0.3798,0.1073,0.007,-0.0746999999999999,0.0396,0.4272666666666667,0.0412560702604275,-0.0816999999999999,0.0966,0.0,0,0.0,0.038448,25.0094,56.040899653979245,0,0.0,0.0,0.0,0.0,0.0138,stable,stable,1.0,-2.7872,-1.9599,-4.1115,3.4073,0.0028,0,Vegetation-loss zone
1683,12.9295,77.3765,0.1158,0.5227,0.2498,-0.2674999999999999,0.4069,-0.2729,-0.1334999999999999,0.2961,0.207363617831094,-0.6798,0.7003,0.0,0,0.0,0.039914,24.0536,56.040899653979245,0,0.0,0.0,0.0,0.0802,0.1066,stable,stable,0.995,-2.7865,-2.0187,-5.0468,3.4409,0.0029,0,Vegetation-loss zone
1684,12.9295,77.3855,0.2754,0.5326,0.1722,-0.1165,0.2572,-0.3603999999999999,-0.2197,0.3267333333333333,0.1856027298649815,-0.6175999999999999,0.5681,0.0,0,0.0,0.041495,23.0993,56.040899653979245,0,0.0,0.0,0.0,0.035,0.1354,stable,stable,1.0,-2.7851,-2.081,-5.9975,3.4767,0.0029,0,Vegetation-loss zone
1685,12.9295,77.3945,0.0356,0.5594,0.1801,-0.4718999999999999,0.5238,-0.3792999999999999,-0.3273999999999999,0.2583666666666667,0.2705288585961456,-0.9031,1.0471,0.0,0,0.0,0.043203,22.1466,56.040899653979245,0,0.0,0.0,0.0,0.1416,0.2099,stable,stable,1.0,-2.7841,-2.1405,-6.933,3.5118,0.0029,0,Vegetation-loss zone
1686,12.9295,77.4035,0.5783,0.3972,0.15,0.1027,-0.1811,-0.2472,-0.3256,0.3751666666666666,0.2149984263508301,-0.0660999999999999,0.5731,0.0,0,0.0,0.045053,21.1959,56.040899653979245,0,0.0,0.0,0.0,0.0543,0.1811,stable,stable,1.0,-2.7821,-2.2063,-7.8936,3.5507,0.003,0,Vegetation-loss zone
1687,12.9295,77.4125,0.5927,0.4609,0.2917,-0.0306999999999999,-0.1318,-0.1691999999999999,-0.3316999999999999,0.4484333333333333,0.1508867566532375,-0.0373999999999999,0.3365,0.0,0,0.0,0.047065,20.2473,56.040899653979245,0,0.0,0.0,0.0,0.0487,0.1699,stable,stable,1.0,-2.7806,-2.267,-8.8348,3.5877,0.003,0,Vegetation-loss zone
1688,12.9295,77.4215,0.1302,0.1542,0.2309,-0.3999,0.0239999999999999,0.0766999999999999,-0.2992,0.1717666666666666,0.0525981305117713,0.0527,0.3062,0.0,0,0.0,0.049258,19.3012,56.040899653979245,0,0.0,0.0,0.0,0.12,0.1549,stable,stable,1.0,-2.7789,-2.3266,-9.7664,3.6243,0.0031,0,Vegetation-loss zone
1689,12.9295,77.4305,0.2733,0.6306,0.491,-0.0943,0.3573,-0.1396,0.1234,0.4649666666666667,0.1800669967910093,-0.4969,0.3873,0.0,0,0.0,0.051658,18.358,56.040899653979245,0,0.0,0.0,0.0,0.0283,0.034,stable,stable,1.0,-2.7784,-2.3877,-10.7052,3.6634,0.0031,0,Vegetation-loss zone
1742,12.9385,77.3045,-0.0112,0.4719,0.1917,-0.4478999999999999,0.4831,-0.2802,-0.2449999999999999,0.2174666666666666,0.2425785302398654,-0.7633,1.1155,0.0,0,0.0,0.030677,31.5979,56.040899653979245,0,0.0,0.0,0.0,0.1344,0.1766,stable,stable,0.985,-2.7972,-1.5306,2.4454,3.1886,0.0025,0,Vegetation-loss zone
1743,12.9385,77.3135,0.0641,0.6174,0.2511,-0.3319,0.5532999999999999,-0.3662999999999999,-0.1449,0.3108666666666667,0.2814502857226003,-0.9195999999999998,0.9054,0.0,0,0.0,0.031614,30.6311,56.040899653979245,0,0.0,0.0,0.0,0.0996,0.122,stable,stable,1.0,-2.796,-1.5931,1.4836,3.218,0.0026,0,Vegetation-loss zone
1744,12.9385,77.3225,0.5197,0.3533,0.2332,0.1233,-0.1664,-0.1201,-0.1631999999999999,0.3687333333333333,0.1438721770646894,0.0462999999999999,0.3902,0.0,0,0.0,0.032611,29.6647,56.040899653979245,0,0.0,0.0,0.0,0.0499,0.0991,stable,stable,0.995,-2.7938,-1.6597,0.5088,3.2496,0.0026,0,Vegetation-loss zone
1745,12.9385,77.3315,0.2584,0.5564,0.423,-0.2476999999999999,0.298,-0.1334,-0.0831,0.4126,0.1492719665576895,-0.4314,0.3618,0.0,0,0.0,0.033671,28.6988,56.040899653979245,0,0.0,0.0,0.0,0.0743,0.0638,stable,stable,1.0,-2.7927,-1.7194,-0.4415,3.2796,0.0027,0,Vegetation-loss zone
1746,12.9385,77.3405,0.1434,0.5556,0.2685,-0.3628,0.4122,-0.2870999999999999,-0.2376999999999999,0.3225,0.2113390877239702,-0.6992999999999999,0.6553,0.0,0,0.0,0.034803,27.7334,56.040899653979245,0,0.0,0.0,0.0,0.1088,0.1468,stable,stable,0.995,-2.7916,-1.7806,-1.3941,3.3112,0.0027,0,Vegetation-loss zone
1747,12.9385,77.3495,0.5054,0.7486,0.1971,0.1851999999999999,0.2432,-0.5515000000000001,-0.1230999999999999,0.4837,0.2763896343931877,-0.7947000000000001,0.5714,0.0,0,0.0,0.036012,26.7687,56.040899653979245,0,0.0,0.0,0.0,0.0,0.0937,stable,stable,1.0,-2.7905,-1.845,-2.3608,3.3453,0.0027,0,Vegetation-loss zone
1748,12.9385,77.3585,0.0839,0.2154,0.3607,-0.3638,0.1315,0.1453,-0.0869999999999999,0.22,0.138457321944345,0.0138,0.6293,0.0,0,0.0,0.037307,25.8046,56.040899653979245,0,0.0,0.0,0.0,0.1091,0.0822,stable,stable,0.995,-2.7883,-1.907,-3.3118,3.378,0.0028,0,Vegetation-loss zone
1749,12.9385,77.3675,0.2132,0.3091,0.3716,-0.1543,0.0958999999999999,0.0625,0.0040999999999999,0.2979666666666666,0.0797847312042431,-0.0333999999999999,0.2678,0.0,0,0.0,0.038698,24.8413,56.040899653979245,0,0.0,0.0,0.0,0.0463,0.0241,stable,stable,1.0,-2.7869,-1.9698,-4.2729,3.4128,0.0028,0,Vegetation-loss zone
1750,12.9385,77.3765,0.31,0.2734,0.3579,-0.1568999999999999,-0.0366,0.0845,-0.1089999999999999,0.3137666666666666,0.0423757399148774,0.1211,0.1351,0.0,0,0.0,0.040195,23.8788,56.040899653979245,0,0.0,0.0,0.0,0.058,0.0625,stable,stable,1.0,-2.7854,-2.0323,-5.2297,3.448,0.0029,0,Vegetation-loss zone
1751,12.9385,77.3855,0.2356,0.4186,0.3272,-0.1785,0.183,-0.0914,-0.0869,0.3271333333333333,0.0915000182149344,-0.2744,0.2797,0.0,0,0.0,0.041811,22.9173,56.040899653979245,0,0.0,0.0,0.0,0.0535,0.0622,stable,stable,1.0,-2.7844,-2.0933,-6.1805,3.4835,0.0029,0,Vegetation-loss zone
1752,12.9385,77.3945,0.5478,0.4345,0.2485,0.1152999999999999,-0.1132999999999999,-0.186,-0.184,0.4102666666666666,0.1511144047843663,-0.0727000000000001,0.3683,0.0,0,0.0,0.04356,21.9568,56.040899653979245,0,0.0,0.0,0.0,0.034,0.1088,stable,stable,1.0,-2.7831,-2.1571,-7.1397,3.5212,0.003,0,Vegetation-loss zone
1753,12.9385,77.4035,0.0979,0.7042,0.4027,-0.5197,0.6063000000000001,-0.3015,-0.2149,0.4016,0.3031514967800753,-0.9078,0.7549,0.0,0,0.0,0.04546,20.9975,56.040899653979245,0,0.0,0.0,0.0,0.1559,0.1454,stable,stable,1.0,-2.7825,-2.2145,-8.0749,3.5561,0.003,0,Vegetation-loss zone
1754,12.9385,77.4125,0.3938,0.3705,0.0575,-0.0925,-0.0232999999999999,-0.313,-0.4288,0.2739333333333333,0.1877984646724603,-0.2897000000000001,0.6856,0.0,0,0.0,0.047529,20.0396,56.040899653979245,0,0.0,0.0,0.0,0.0347,0.2319,stable,stable,0.995,-2.7806,-2.2795,-9.0355,3.5955,0.0031,0,Vegetation-loss zone
1755,12.9385,77.4215,0.5574,0.3534,0.246,0.1605,-0.204,-0.1074,-0.1508999999999999,0.3856,0.1581774952387349,0.0965999999999999,0.4102,0.0,0,0.0,0.049793,19.0833,56.040899653979245,0,0.0,0.0,0.0,0.0612,0.0987,stable,stable,1.0,-2.7789,-2.3433,-9.9925,3.635,0.0031,0,Vegetation-loss zone
1756,12.9385,77.4305,0.2364,0.5756,0.3602,-0.1805,0.3392,-0.2153999999999999,-0.0566999999999999,0.3907333333333334,0.1716489829079489,-0.5545999999999999,0.4393,0.0,0,0.0,0.052277,18.1288,56.040899653979245,0,0.0,0.0,0.0,0.0542,0.0612,stable,stable,1.0,-2.778,-2.4019,-10.9303,3.6724,0.0031,0,Vegetation-loss zone
1809,12.9475,77.3045,0.2747,0.271,0.1658,-0.1681,-0.0036999999999999,-0.1052,-0.277,0.2371666666666666,0.0618330278518958,-0.1015000000000001,0.2607,0.0,0,0.0,0.030773,31.4962,56.040899653979245,0,0.0,0.0,0.0,0.0515,0.1389,stable,stable,1.0,-2.7962,-1.5397,2.3319,3.1921,0.0025,0,Vegetation-loss zone
1810,12.9475,77.3135,0.0968,0.5177,0.2448,-0.345,0.4209,-0.2729,-0.197,0.2864333333333334,0.2135162835320373,-0.6938,0.7454,0.0,0,0.0,0.03172,30.5263,42.6099999999999,0,7.0,7.0,1.0,0.1035,0.1344,stable,stable,1.0,4.8415,-14.5552,1.4692,15.3393,0.0179,0,Vegetation-loss zone
1811,12.9475,77.3225,0.0596,0.2524,0.2445,-0.4033,0.1928,-0.0079,-0.2183999999999999,0.1855,0.1091041245783128,-0.2007,0.5882,0.0,0,0.0,0.032726,29.5565,56.040899653979245,0,0.0,0.0,0.0,0.121,0.1342,stable,stable,1.0,-2.7937,-1.6638,0.4133,3.2516,0.0026,0,Vegetation-loss zone
1812,12.9475,77.3315,-0.0045,0.2992,0.105,-0.4799,0.3037,-0.1942,-0.3704,0.1332333333333333,0.153805927497393,-0.4979,1.1544,0.0,0,0.0,0.033799,28.587,56.040899653979245,0,0.0,0.0,0.0,0.144,0.2325,stable,stable,1.0,-2.7928,-1.7255,-0.5429,3.2828,0.0027,0,Vegetation-loss zone
1813,12.9475,77.3405,0.5827,0.6316,0.2947,0.0676,0.0489,-0.3369,-0.2203999999999999,0.503,0.1820424950389331,-0.3858,0.3619,0.0,0,0.0,0.034943,27.6179,56.040899653979245,0,0.0,0.0,0.0,0.0,0.122,stable,stable,1.0,-2.7913,-1.7906,-1.5202,3.3163,0.0027,0,Vegetation-loss zone
1814,12.9475,77.3495,0.0105,0.4986,0.3768,-0.4454,0.4881,-0.1217999999999999,-0.0791,0.2953,0.254051353076499,-0.6098999999999999,0.8603,0.0,0,0.0,0.036168,26.649,56.040899653979245,0,0.0,0.0,0.0,0.1336,0.0925,stable,stable,1.0,-2.7901,-1.8506,-2.4682,3.3481,0.0027,0,Vegetation-loss zone
1815,12.9475,77.3585,0.1048,0.5984,0.3436,-0.3325,0.4936,-0.2548,-0.0937,0.3489333333333334,0.2468432160974519,-0.7484,0.7074,0.0,0,0.0,0.037481,25.6805,42.6099999999999,0,0.0,0.0,0.0,0.0998,0.0898,stable,stable,1.0,-3.1918,-15.2365,-2.7205,15.5673,0.0182,0,Vegetation-loss zone
1816,12.9475,77.3675,0.4052,0.4277,0.2176,-0.071,0.0225,-0.2101,-0.2586,0.3501666666666667,0.1153559852514525,-0.2326,0.3294,0.0,0,0.0,0.038892,24.7124,56.040899653979245,0,0.0,0.0,0.0,0.0213,0.137,stable,stable,1.0,-2.787,-1.9779,-4.4012,3.4175,0.0028,0,Vegetation-loss zone
1817,12.9475,77.3765,0.5094,0.2545,0.3385,0.0089,-0.2548999999999999,0.084,-0.1619999999999999,0.3674666666666666,0.1298953553185537,0.3388999999999999,0.3535,0.0,0,0.0,0.040413,23.7448,56.040899653979245,0,0.0,0.0,0.0,0.0765,0.098,stable,stable,1.0,-2.7852,-2.0423,-5.3661,3.4537,0.0029,0,Vegetation-loss zone
1818,12.9475,77.3855,0.4125,0.5179,0.3236,-0.1997999999999999,0.1054,-0.1943,-0.2886999999999999,0.418,0.0972666952250358,-0.2996999999999999,0.2327,0.0,0,0.0,0.042056,22.7776,56.040899653979245,0,0.0,0.0,0.0,0.0599,0.1445,stable,stable,1.0,-2.7843,-2.1022,-6.3198,3.4888,0.0029,0,Vegetation-loss zone
1819,12.9475,77.3945,0.4852,0.38,0.0972,-0.0411999999999999,-0.1052,-0.2828,-0.4291999999999999,0.3208,0.2006601106348743,-0.1775999999999999,0.6255,0.0,0,0.0,0.043838,21.8111,56.040899653979245,0,0.0,0.0,0.0,0.0439,0.2277,stable,stable,1.0,-2.783,-2.1656,-7.2797,3.5263,0.003,0,Vegetation-loss zone
1820,12.9475,77.4035,0.7085,0.6163,0.2268,0.0838999999999999,-0.0922,-0.3894999999999999,-0.3978,0.5172,0.255684043303449,-0.2972999999999999,0.4944,0.0,0,0.0,0.045777,20.8452,57.169999999999845,0,3.0,3.0,1.0,0.0277,0.207,stable,stable,1.0,0.7054,-0.9484,-8.5689,1.182,0.0,0,Vegetation-loss zone
1821,12.9475,77.4125,0.5064,0.1701,0.2859,0.1035999999999999,-0.3362999999999999,0.1157999999999999,-0.1169,0.3208,0.1708447540897875,0.4520999999999998,0.5326,0.0,0,0.0,0.047893,19.88,56.040899653979245,0,0.0,0.0,0.0,0.1009,0.0912,stable,stable,0.99,-2.7798,-2.2926,-9.2021,3.6032,0.0031,0,Vegetation-loss zone
1822,12.9475,77.4215,0.5651,0.5371,0.1286,-0.0494999999999999,-0.028,-0.4085,-0.486,0.4102666666666667,0.2443319122287003,-0.3804999999999999,0.5955,0.0,0,0.0,0.050212,18.9157,56.040899653979245,0,0.0,0.0,0.0,0.0232,0.2512,stable,stable,1.0,-2.7791,-2.3521,-10.1525,3.6409,0.0031,0,Vegetation-loss zone
1823,12.9475,77.4305,0.2686,0.2546,0.0844,-0.1148,-0.014,-0.1702,-0.299,0.2025333333333333,0.1025456646247579,-0.1561999999999999,0.5063,0.0,0,0.0,0.052764,17.9524,56.040899653979245,0,0.0,0.0,0.0,0.0386,0.1675,stable,stable,1.0,-2.7774,-2.4144,-11.1073,3.6801,0.0032,0,Vegetation-loss zone
1876,12.9565,77.3045,0.2153,0.0937,0.0296,-0.1954,-0.1215999999999999,-0.0641,-0.3811,0.1128666666666666,0.0943220193450783,0.0574999999999999,0.8357,0.0,0,0.0,0.030839,31.426,56.040899653979245,0,0.0,0.0,0.0,0.0951,0.2173,stable,stable,0.985,-2.7962,-1.5446,2.2652,3.1945,0.0025,0,Vegetation-loss zone
1877,12.9565,77.3135,0.3992,0.1749,0.2725,-0.2008999999999999,-0.2243,0.0976,-0.3275999999999999,0.2822,0.1124641720727094,0.3219,0.3985,0.0,0,0.0,0.031793,30.4539,56.040899653979245,0,0.0,0.0,0.0,0.1276,0.1687,stable,stable,1.0,-2.7946,-1.608,1.2958,3.2242,0.0026,0,Vegetation-loss zone
1878,12.9565,77.3225,0.5143,0.661,0.3881,0.1031999999999999,0.1467,-0.2729,-0.023,0.5211333333333333,0.1365782681590791,-0.4196,0.2621,0.0,0,0.0,0.032806,29.4818,56.040899653979245,0,0.0,0.0,0.0,0.0,0.0323,stable,stable,1.0,-2.7939,-1.6703,0.3288,3.2551,0.0026,0,Vegetation-loss zone
1879,12.9565,77.3315,0.6427,0.3719,0.2632,0.2499,-0.2708,-0.1087,-0.1296,0.4259333333333333,0.1954348058390146,0.1620999999999999,0.4588,0.0,0,0.0,0.033887,28.5099,56.040899653979245,0,0.0,0.0,0.0,0.0812,0.0893,stable,stable,1.0,-2.7922,-1.7352,-0.6399,3.2874,0.0027,0,Vegetation-loss zone
1880,12.9565,77.3405,0.6244,0.605,0.3668,0.2243999999999999,-0.0193999999999999,-0.2381999999999999,-0.0332,0.5320666666666667,0.14345345354272,-0.2188,0.2696,0.0,0,0.0,0.035041,27.5381,42.6099999999999,0,26.0,24.0,1.0833,0.0058,0.0375,stable,stable,1.0,26.3134,-13.9575,-2.9658,29.786,0.0362,0,Vegetation-loss zone
1881,12.9565,77.3495,0.2232,0.179,0.1337,-0.0968,-0.0442,-0.0452999999999999,-0.1863,0.1786333333333333,0.044751126615241,-0.0010999999999998,0.2505,0.0,0,0.0,0.036276,26.5664,56.040899653979245,0,0.0,0.0,0.0,0.0423,0.1012,stable,stable,1.0,-2.7892,-1.8585,-2.5613,3.3517,0.0027,0,Vegetation-loss zone
1882,12.9565,77.3585,0.3726,0.6493,0.2018,0.0668999999999999,0.2767,-0.4475,-0.1039,0.4079,0.2258287625613708,-0.7242,0.5536,0.0,0,0.0,0.037601,25.5948,56.040899653979245,0,0.0,0.0,0.0,0.0,0.0849,stable,stable,1.0,-2.7887,-1.9204,-3.5239,3.386,0.0028,0,Vegetation-loss zone
1883,12.9565,77.3675,0.5893,0.5643,0.2935,0.1627,-0.025,-0.2708,-0.1331,0.4823666666666666,0.1640402796063617,-0.2458,0.3401,0.0,0,0.0,0.039027,24.6234,56.040899653979245,0,0.0,0.0,0.0,0.0075,0.0847,stable,stable,1.0,-2.787,-1.9847,-4.4939,3.4215,0.0028,0,Vegetation-loss zone
1884,12.9565,77.3765,0.1603,0.2672,0.0875,-0.3018,0.1069,-0.1797,-0.3746,0.1716666666666666,0.0903876282094697,-0.2865999999999999,0.5265,0.0,0,0.0,0.040564,23.6522,56.040899653979245,0,0.0,0.0,0.0,0.0905,0.1981,stable,stable,0.9945,-2.7854,-2.0452,-5.4471,3.4556,0.0029,0,Vegetation-loss zone
1885,12.9565,77.3855,0.591,0.2522,0.3019,0.0746999999999999,-0.3388,0.0497,-0.2143999999999999,0.3817,0.1829546118576954,0.3885,0.4793,0.0,0,0.0,0.042228,22.6812,57.169999999999845,0,0.0,0.0,0.0,0.1016,0.128,stable,stable,1.0,-2.7499,-0.9914,-6.4821,2.9231,0.0022,0,Vegetation-loss zone
1886,12.9565,77.3945,0.4205,0.1652,0.176,0.0221,-0.2552999999999999,0.0107999999999999,-0.2224,0.2539,0.1443808505308096,0.2660999999999998,0.5687,0.0,0,0.0,0.044033,21.7104,56.040899653979245,0,0.0,0.0,0.0,0.0766,0.1371,stable,stable,1.0,-2.7824,-2.1735,-7.3828,3.5307,0.003,0,Vegetation-loss zone
1887,12.9565,77.4035,0.5628,0.4379,0.2981,-0.0644,-0.1248999999999999,-0.1398,-0.3291,0.4329333333333333,0.1324198751446826,-0.0149000000000001,0.3059,0.0,0,0.0,0.045998,20.7399,56.040899653979245,0,0.0,0.0,0.0,0.0568,0.1668,stable,stable,1.0,-2.7813,-2.2351,-8.3456,3.5681,0.003,0,Vegetation-loss zone
1888,12.9565,77.4125,0.4993,0.3714,0.1713,-0.0370999999999999,-0.1279,-0.2001,-0.3651,0.3473333333333333,0.1653190954890974,-0.0721999999999999,0.476,0.0,0,0.0,0.048147,19.7697,56.040899653979245,0,0.0,0.0,0.0,0.0495,0.1926,stable,stable,0.995,-2.78,-2.2977,-9.307,3.6066,0.0031,0,Vegetation-loss zone
1889,12.9565,77.4215,0.3462,0.5096,0.264,-0.1945999999999999,0.1634,-0.2456,-0.2767999999999999,0.3732666666666667,0.1250171721538019,-0.409,0.3349,0.0,0,0.0,0.050506,18.7998,56.040899653979245,0,0.0,0.0,0.0,0.0584,0.1474,stable,stable,1.0,-2.7788,-2.3588,-10.2657,3.645,0.0031,0,Vegetation-loss zone
1890,12.9565,77.4305,0.5202,0.5017,0.0916,0.0513,-0.0184999999999999,-0.4101,-0.3772999999999999,0.3711666666666666,0.2422884713174222,-0.3916000000000001,0.6528,0.0,0,0.0,0.053106,17.8303,57.169999999999845,0,0.0,0.0,0.0,0.0055,0.2094,stable,stable,1.0,-2.7438,-1.3025,-11.2901,3.0372,0.0023,0,Vegetation-loss zone
1943,12.9655,77.3045,0.2196,0.1969,0.1284,-0.2914,-0.0226999999999999,-0.0685,-0.3826,0.1816333333333333,0.0474780300068709,-0.0458000000000001,0.2614,0.0,0,0.0,0.030876,31.3874,56.040899653979245,0,0.0,0.0,0.0,0.0942,0.1835,stable,stable,1.0,-2.796,-1.5463,2.2259,3.1951,0.0025,0,Vegetation-loss zone
1944,12.9655,77.3135,0.6772,0.6209,0.2611,0.1124,-0.0563,-0.3598,-0.3036999999999999,0.5197333333333334,0.2257450405509129,-0.3035,0.4343,0.0,0,0.0,0.031833,30.4142,56.040899653979245,0,0.0,0.0,0.0,0.0169,0.1608,stable,stable,1.0,-2.7952,-1.6105,1.2537,3.226,0.0026,0,Vegetation-loss zone
1945,12.9655,77.3225,0.715,0.7764,0.4505,0.2597,0.0614,-0.3258999999999999,-0.0047999999999999,0.6473,0.173176701666246,-0.3872999999999999,0.2675,0.0,0,0.0,0.032851,29.4409,56.040899653979245,0,0.0,0.0,0.0,0.0,0.0249,stable,stable,1.0,-2.7939,-1.6738,0.2846,3.257,0.0026,0,Vegetation-loss zone
1946,12.9655,77.3315,0.4765,0.4727,0.1503,0.0344999999999999,-0.0037999999999999,-0.3224,-0.2917,0.3665,0.1872443323574842,-0.3186000000000001,0.5109,0.0,0,0.0,0.033936,28.4676,56.040899653979245,0,0.0,0.0,0.0,0.0011,0.1608,stable,stable,1.0,-2.7924,-1.7357,-0.6752,3.2879,0.0027,0,Vegetation-loss zone
1947,12.9655,77.3405,0.188,0.7482,0.1459,-0.2584,0.5602,-0.6023,-0.3005,0.3606999999999999,0.3362443902877786,-1.1625,0.9322,0.0,0,0.0,0.035095,27.4944,56.040899653979245,0,0.0,0.0,0.0,0.0775,0.19,stable,stable,0.995,-2.7919,-1.7954,-1.6291,3.3193,0.0027,0,Vegetation-loss zone
1948,12.9655,77.3495,0.5521,0.4875,0.2436,0.0847,-0.0646,-0.2438999999999999,-0.2237999999999999,0.4277333333333333,0.1627024994686109,-0.1792999999999999,0.3804,0.0,0,0.0,0.036336,26.5211,56.040899653979245,0,0.0,0.0,0.0,0.0194,0.1248,stable,stable,1.0,-2.7896,-1.862,-2.6094,3.3539,0.0027,0,Vegetation-loss zone
1949,12.9655,77.3585,0.7019,0.6811,0.2049,0.3631999999999999,-0.0207999999999999,-0.4762,-0.1338,0.5293,0.2811310726333893,-0.4554000000000001,0.5311,0.0,0,0.0,0.037668,25.5479,56.040899653979245,0,0.0,0.0,0.0,0.0062,0.0961,stable,stable,1.0,-2.7886,-1.9254,-3.5777,3.3887,0.0028,0,Vegetation-loss zone
1950,12.9655,77.3675,0.1584,0.5103,0.3319,-0.2241,0.3519,-0.1784,-0.0506,0.3335333333333333,0.1759556857090254,-0.5303,0.5275,0.0,0,0.0,0.039101,24.5748,56.040899653979245,0,0.0,0.0,0.0,0.0672,0.0611,stable,stable,1.0,-2.787,-1.9856,-4.5323,3.422,0.0028,0,Vegetation-loss zone
1951,12.9655,77.3765,-0.0034,0.0657,0.1444,-0.5209999999999999,0.0691,0.0787,-0.3732,0.0689,0.0739519438554525,0.0096,1.0733,0.0,0,0.0,0.040648,23.6016,56.040899653979245,0,0.0,0.0,0.0,0.1563,0.2303,stable,stable,0.99,-2.7853,-2.0485,-5.4925,3.4575,0.0029,0,Vegetation-loss zone
1952,12.9655,77.3855,0.0063,0.3743,0.2895,-0.5068,0.368,-0.0848,-0.2236,0.2233666666666666,0.1927075850435922,-0.4528,0.8627,0.0,0,0.0,0.042322,22.6285,56.040899653979245,0,0.0,0.0,0.0,0.152,0.1549,stable,stable,1.0,-2.7843,-2.1103,-6.4575,3.4937,0.0029,0,Vegetation-loss zone
1953,12.9655,77.3945,0.0241,0.5886,0.4009,-0.5593,0.5645,-0.1877,-0.1825,0.3378666666666667,0.2874803703443651,-0.7522,0.8509,0.0,0,0.0,0.04414,21.6554,56.040899653979245,0,0.0,0.0,0.0,0.1678,0.1372,stable,stable,1.0,-2.7833,-2.1723,-7.4214,3.5306,0.003,0,Vegetation-loss zone
1954,12.9655,77.4035,0.3555,0.4349,0.0851,-0.0637,0.0794,-0.3498,-0.3341,0.2918333333333333,0.1833850957229985,-0.4292,0.6284,0.0,0,0.0,0.04612,20.6824,56.040899653979245,0,0.0,0.0,0.0,0.0191,0.1883,stable,stable,1.0,-2.7816,-2.2378,-8.3975,3.57,0.003,0,Vegetation-loss zone
1955,12.9655,77.4125,0.1218,0.5333,0.1332,-0.2031,0.4115,-0.4001,-0.1917,0.2627666666666666,0.2343580664993917,-0.8116,0.8919,0.0,0,0.0,0.048287,19.7094,56.040899653979245,0,0.0,0.0,0.0,0.0609,0.1444,stable,stable,1.0,-2.7806,-2.2991,-9.3569,3.608,0.0031,0,Vegetation-loss zone
1956,12.9655,77.4215,0.638,0.7088,0.3354,0.2317,0.0707999999999999,-0.3734,-0.0709,0.5607333333333333,0.1983292548600264,-0.4441999999999999,0.3537,0.0,0,0.0,0.050668,18.7365,56.040899653979245,0,0.0,0.0,0.0,0.0,0.0617,stable,stable,0.995,-2.779,-2.3647,-10.336,3.6489,0.0031,0,Vegetation-loss zone
1957,12.9655,77.4305,0.2699,0.1472,0.1896,-0.0801,-0.1226999999999999,0.0423999999999999,-0.1604,0.2022333333333333,0.0623179214458676,0.1650999999999998,0.3081,0.0,0,0.0,0.053295,17.7636,56.040899653979245,0,0.0,0.0,0.0,0.0608,0.0973,stable,stable,0.99,-2.7768,-2.4275,-11.2979,3.6883,0.0032,0,Vegetation-loss zone
2010,12.9745,77.3045,0.352,0.1912,0.1676,-0.1334,-0.1607999999999999,-0.0236,-0.3177999999999999,0.2369333333333333,0.1003468650897143,0.1371999999999998,0.4235,0.0,0,0.0,0.030883,31.3807,56.040899653979245,0,5.0,5.0,1.0,0.0883,0.1659,stable,stable,1.0,2.9507,-1.2838,1.7725,3.2179,0.0026,0,Vegetation-loss zone
2011,12.9745,77.3135,0.6564,0.7021,0.451,0.1012999999999999,0.0456999999999999,-0.2510999999999999,-0.1041,0.6031666666666666,0.1337465638187887,-0.2967999999999998,0.2217,0.0,0,0.0,0.03184,30.4072,56.040899653979245,0,0.0,0.0,0.0,0.0,0.0639,stable,stable,1.0,-2.7952,-1.6109,1.2454,3.2261,0.0026,0,Vegetation-loss zone
2012,12.9745,77.3225,0.4978,0.242,0.1379,0.1125,-0.2558,-0.1041,-0.2473999999999999,0.2925666666666667,0.1852018988383578,0.1517,0.633,0.0,0,0.0,0.032858,29.4338,56.040899653979245,0,0.0,0.0,0.0,0.0767,0.1492,stable,stable,0.995,-2.7934,-1.6749,0.2808,3.2571,0.0026,0,Vegetation-loss zone
2013,12.9745,77.3315,0.6025,0.4986,0.2936,0.0503,-0.1039,-0.2049999999999999,-0.2586,0.4649,0.157183237019728,-0.1010999999999999,0.3381,0.0,0,0.0,0.033944,28.4603,56.040899653979245,0,0.0,0.0,0.0,0.0312,0.1365,stable,stable,1.0,-2.7922,-1.7368,-0.6855,3.2883,0.0027,0,Vegetation-loss zone
2014,12.9745,77.3405,0.541,0.4596,0.302,0.0544,-0.0814,-0.1576,-0.1846,0.4342,0.1215076952295615,-0.0761999999999999,0.2798,0.0,0,0.0,0.035104,27.4869,56.040899653979245,0,0.0,0.0,0.0,0.0244,0.102,stable,stable,1.0,-2.7908,-1.7998,-1.6517,3.3208,0.0027,0,Vegetation-loss zone
2015,12.9745,77.3495,0.2776,0.4028,0.2131,-0.1318999999999999,0.1251999999999999,-0.1896999999999999,-0.1963999999999999,0.2978333333333333,0.0964549808632676,-0.3148999999999998,0.3239,0.0,0,0.0,0.036346,26.5135,56.040899653979245,0,0.0,0.0,0.0,0.0396,0.1099,stable,stable,1.0,-2.7895,-1.8611,-2.612,3.3534,0.0027,0,Vegetation-loss zone
2016,12.9745,77.3585,0.5021,0.5296,0.3671,0.1574999999999999,0.0274999999999999,-0.1624999999999999,0.0224999999999999,0.4662666666666666,0.0869746131542609,-0.1899999999999997,0.1865,0.0,0,0.0,0.037679,25.5401,56.040899653979245,0,0.0,0.0,0.0,0.0,0.0191,stable,stable,1.0,-2.7881,-1.9256,-3.5849,3.3885,0.0028,0,Vegetation-loss zone
2017,12.9745,77.3675,0.458,0.5259,0.2836,-0.0273999999999999,0.0679,-0.2423,-0.2017999999999999,0.4225,0.1249900396031619,-0.3102,0.2958,0.0,0,0.0,0.039114,24.5666,56.040899653979245,0,0.0,0.0,0.0,0.0082,0.111,stable,stable,1.0,-2.7869,-1.9874,-4.5468,3.4229,0.0028,0,Vegetation-loss zone
2018,12.9745,77.3765,0.1639,0.0722,-0.0084,-0.3541,-0.0916999999999999,-0.0806,-0.5264,0.0759,0.0862095702344003,0.0110999999999999,1.1358,0.0,0,0.0,0.040662,23.5932,56.040899653979245,0,0.0,0.0,0.0,0.1337,0.2986,stable,stable,0.95,-2.7853,-2.0497,-5.5034,3.4582,0.0029,0,Vegetation-loss zone
2019,12.9745,77.3855,0.439,0.4319,0.2022,-0.0823999999999999,-0.0070999999999999,-0.2297,-0.3192,0.3576999999999999,0.1347137335240917,-0.2226,0.3766,0.0,0,0.0,0.042337,22.6198,56.040899653979245,0,0.0,0.0,0.0,0.0268,0.1661,stable,stable,1.0,-2.784,-2.1131,-6.4776,3.4951,0.0029,0,Vegetation-loss zone
2020,12.9745,77.3945,0.0575,0.5544,0.2222,-0.5905,0.4969,-0.3322,-0.4258,0.2780333333333333,0.2531114840012861,-0.8291,0.9104,0.0,0,0.0,0.044157,21.6464,56.040899653979245,0,6.0,6.0,1.0,0.1772,0.2434,stable,stable,0.985,4.1101,-1.8561,-7.9603,4.5098,0.0042,0,Vegetation-loss zone
2021,12.9745,77.4035,0.5784,0.1388,0.319,0.1502,-0.4396,0.1802,-0.1092,0.3454,0.2209858819019894,0.6198,0.6398,0.0,0,0.0,0.04614,20.6731,56.040899653979245,0,0.0,0.0,0.0,0.1319,0.0941,stable,stable,1.0,-2.7808,-2.2421,-8.4165,3.5721,0.003,0,Vegetation-loss zone
2022,12.9745,77.4125,0.4083,0.3494,0.133,-0.0767999999999999,-0.0589,-0.2163999999999999,-0.3520999999999999,0.2969,0.144964512898847,-0.1574999999999999,0.4883,0.0,0,0.0,0.04831,19.6997,56.040899653979245,0,0.0,0.0,0.0,0.0407,0.1879,stable,stable,1.0,-2.7799,-2.3018,-9.3748,3.6092,0.0031,0,Vegetation-loss zone
2023,12.9745,77.4215,0.2887,0.4496,0.2655,-0.0158999999999999,0.1609,-0.1840999999999999,-0.0390999999999999,0.3346,0.1002661956992485,-0.3449999999999998,0.2997,0.0,0,0.0,0.050694,18.7263,56.040899653979245,0,0.0,0.0,0.0,0.0048,0.0451,stable,stable,1.0,-2.7786,-2.3645,-10.3414,3.6485,0.0031,0,Vegetation-loss zone
2024,12.9745,77.4305,0.44,0.3471,0.2878,-0.0835999999999999,-0.0928999999999999,-0.0593,-0.2357999999999999,0.3583,0.0767156437762207,0.0335999999999999,0.2141,0.0,0,0.0,0.053325,17.753,56.040899653979245,0,0.0,0.0,0.0,0.0529,0.1235,stable,stable,1.0,-2.7769,-2.428,-11.3093,3.6887,0.0032,0,Vegetation-loss zone
2077,12.9835,77.3045,0.544,0.3985,0.1921,0.0104,-0.1455,-0.2064,-0.3414999999999999,0.3782,0.1768261010145278,-0.0609,0.4675,0.0,0,0.0,0.030859,31.4057,56.040899653979245,0,0.0,0.0,0.0,0.0436,0.1785,stable,stable,1.0,-2.7963,-1.5466,2.2389,3.1955,0.0025,0,Vegetation-loss zone
2078,12.9835,77.3135,0.4439,0.7725,0.3673,-0.1260999999999999,0.3285999999999999,-0.4051999999999999,-0.2026999999999999,0.5278999999999999,0.2152643955697272,-0.7337999999999998,0.4078,0.0,0,0.0,0.031814,30.4331,56.040899653979245,0,0.0,0.0,0.0,0.0378,0.1166,stable,stable,1.0,-2.7955,-1.6072,1.2787,3.2246,0.0026,0,Vegetation-loss zone
2079,12.9835,77.3225,0.0582,0.3431,0.2494,-0.3869,0.2849,-0.0937,-0.1956999999999999,0.2169,0.1452039600010964,-0.3786,0.6694,0.0,0,0.0,0.032829,29.4606,56.040899653979245,0,0.0,0.0,0.0,0.1161,0.1295,stable,stable,0.995,-2.7937,-1.6697,0.3191,3.2547,0.0026,0,Vegetation-loss zone
2080,12.9835,77.3315,0.2381,0.275,0.2171,-0.2171,0.0369,-0.0579,-0.2381,0.2433999999999999,0.0293116017986052,-0.0948,0.1204,0.0,0,0.0,0.033912,28.4881,56.040899653979245,0,793.0,75.0,10.5733,0.0651,0.1148,stable,stable,1.0,791.6932,-30.8526,7.5782,792.2941,1.0,1,Vegetation-loss zone
2081,12.9835,77.3405,0.5975,0.3188,0.245,0.2306,-0.2787,-0.0737999999999999,-0.1219,0.3871,0.1859105430038867,0.2049000000000001,0.4803,0.0,0,0.0,0.035068,27.5158,56.040899653979245,0,0.0,0.0,0.0,0.0836,0.0875,stable,stable,1.0,-2.7907,-1.7994,-1.6259,3.3205,0.0027,0,Vegetation-loss zone
2082,12.9835,77.3495,0.4598,0.5347,0.2019,0.0348,0.0748999999999999,-0.3328,-0.2231,0.3988,0.1745843922004484,-0.4076999999999999,0.4378,0.0,0,0.0,0.036306,26.5435,56.040899653979245,0,0.0,0.0,0.0,0.0,0.1279,stable,stable,1.0,-2.7898,-1.8598,-2.5845,3.3528,0.0027,0,Vegetation-loss zone
2083,12.9835,77.3585,0.4871,0.4072,0.2261,-0.0477,-0.0798999999999999,-0.1811,-0.3087000000000001,0.3734666666666666,0.1337299642314067,-0.1012000000000001,0.3581,0.0,0,0.0,0.037635,25.5712,56.040899653979245,0,0.0,0.0,0.0,0.0383,0.1596,stable,stable,1.0,-2.7881,-1.9229,-3.5503,3.3869,0.0028,0,Vegetation-loss zone
2084,12.9835,77.3675,0.4343,0.565,0.4349,-0.0470999999999999,0.1306999999999999,-0.1300999999999999,-0.0464999999999999,0.4780666666666666,0.0752870728168742,-0.2607999999999998,0.1575,0.0,0,0.0,0.039064,24.5991,56.040899653979245,0,0.0,0.0,0.0,0.0141,0.0372,stable,stable,1.0,-2.7868,-1.9854,-4.5154,3.4217,0.0028,0,Vegetation-loss zone
2085,12.9835,77.3765,0.2625,0.3146,0.1771,-0.2981999999999999,0.0520999999999999,-0.1374999999999999,-0.3835999999999999,0.2514,0.0694188014877813,-0.1895999999999998,0.2761,0.0,0,0.0,0.040606,23.6271,56.040899653979245,0,0.0,0.0,0.0,0.0895,0.1869,stable,stable,1.0,-2.7853,-2.0471,-5.4745,3.4566,0.0029,0,Vegetation-loss zone
2086,12.9835,77.3855,0.3612,0.4006,0.2422,-0.2397999999999999,0.0393999999999999,-0.1584,-0.3588,0.3346666666666666,0.082466073832415,-0.1977999999999999,0.2464,0.0,0,0.0,0.042274,22.6553,56.040899653979245,0,0.0,0.0,0.0,0.0719,0.175,stable,stable,1.0,-2.784,-2.1101,-6.4405,3.4933,0.0029,0,Vegetation-loss zone
2087,12.9835,77.3945,0.6872,0.1303,0.2178,0.0401,-0.5569000000000001,0.0875,-0.4293,0.3450999999999999,0.2994801662881868,0.6444000000000001,0.8678,0.0,0,0.0,0.044085,21.6835,56.040899653979245,0,0.0,0.0,0.0,0.1671,0.2423,stable,stable,1.0,-2.7824,-2.1765,-7.4116,3.5325,0.003,0,Vegetation-loss zone
2088,12.9835,77.4035,0.5038,0.1306,0.3858,0.1076,-0.3732,0.2552,-0.0104,0.3400666666666667,0.1907569483225535,0.6284,0.5609,0.0,0,0.0,0.046057,20.712,56.040899653979245,0,0.0,0.0,0.0,0.112,0.0476,stable,stable,1.0,-2.7808,-2.2394,-8.3776,3.5704,0.003,0,Vegetation-loss zone
2089,12.9835,77.4125,0.5502,0.0638,0.3057,0.2123,-0.4864,0.2419,-0.0321999999999999,0.3065666666666666,0.2432011581661019,0.7283,0.7933,0.0,0,0.0,0.048215,19.7406,56.040899653979245,0,0.0,0.0,0.0,0.1459,0.0712,stable,stable,1.0,-2.7795,-2.3029,-9.3424,3.6096,0.0031,0,Vegetation-loss zone
2090,12.9835,77.4215,0.5871,0.6707,0.2405,0.1074999999999999,0.0836,-0.4301999999999999,-0.2391,0.4994333333333333,0.2281054434539722,-0.5137999999999999,0.4567,0.0,0,0.0,0.050583,18.7694,56.040899653979245,0,0.0,0.0,0.0,0.0,0.1388,stable,stable,1.0,-2.7791,-2.3619,-10.3003,3.6471,0.0031,0,Vegetation-loss zone
2091,12.9835,77.4305,0.4172,0.321,0.3052,-0.1368,-0.0962,-0.0157999999999999,-0.2488,0.3478,0.0606191388919374,0.0804000000000001,0.1743,0.0,0,0.0,0.053196,17.7985,56.040899653979245,0,0.0,0.0,0.0,0.0699,0.1265,stable,stable,1.0,-2.7769,-2.4249,-11.2638,3.6867,0.0032,0,Vegetation-loss zone
2144,12.9925,77.3045,0.1228,0.2281,0.2184,-0.2800999999999999,0.1052999999999999,-0.0096999999999999,-0.1844999999999999,0.1897666666666666,0.0581972794324041,-0.1149999999999998,0.3067,0.0,0,0.0,0.030805,31.4624,56.040899653979245,0,0.0,0.0,0.0,0.084,0.1027,stable,stable,1.0,-2.7962,-1.5414,2.3009,3.1929,0.0025,0,Vegetation-loss zone
2145,12.9925,77.3135,0.4098,0.3928,0.2424,-0.0119,-0.017,-0.1503999999999999,-0.1793,0.3483333333333333,0.0921338880832309,-0.1333999999999999,0.2645,0.0,0,0.0,0.031754,30.4917,56.040899653979245,0,0.0,0.0,0.0,0.0087,0.0981,stable,stable,1.0,-2.795,-1.6052,1.3321,3.2231,0.0026,0,Vegetation-loss zone
2146,12.9925,77.3225,0.3298,0.5336,0.2089,0.0378,0.2037999999999999,-0.3247,-0.0830999999999999,0.3574333333333333,0.1641043062607844,-0.5284999999999999,0.4591,0.0,0,0.0,0.032764,29.5212,56.040899653979245,0,0.0,0.0,0.0,0.0,0.0694,stable,stable,1.0,-2.794,-1.6672,0.3717,3.2536,0.0026,0,Vegetation-loss zone
2147,12.9925,77.3315,0.2352,0.6935,0.2903,-0.2192,0.4583,-0.4032,-0.1641,0.4063333333333332,0.2502149542560023,-0.8614999999999999,0.6158,0.0,0,0.0,0.03384,28.5509,56.040899653979245,0,0.0,0.0,0.0,0.0658,0.1132,stable,stable,1.0,-2.793,-1.728,-0.5849,3.2843,0.0027,0,Vegetation-loss zone
2148,12.9925,77.3405,0.5646,0.5167,0.2194,-0.1442999999999999,-0.0478999999999999,-0.2973,-0.4894999999999999,0.4335666666666667,0.1870136982505114,-0.2494000000000001,0.4313,0.0,0,0.0,0.034989,27.5808,56.040899653979245,0,0.0,0.0,0.0,0.0577,0.2397,stable,stable,1.0,-2.7911,-1.7924,-1.554,3.3171,0.0027,0,Vegetation-loss zone
2149,12.9925,77.3495,0.2638,0.7157,0.3611,-0.2977,0.4519,-0.3546,-0.2004,0.4468666666666667,0.2378452087668224,-0.8065,0.5322,0.0,0,0.0,0.036218,26.6109,56.040899653979245,0,0.0,0.0,0.0,0.0893,0.124,stable,stable,1.0,-2.7902,-1.8531,-2.5099,3.3495,0.0027,0,Vegetation-loss zone
2150,12.9925,77.3585,0.0082,0.2424,0.0894,-0.5654,0.2342,-0.153,-0.4842,0.1133333333333333,0.1189201973313756,-0.3872,1.0493,0.0,0,0.0,0.037536,25.6413,56.040899653979245,0,0.0,0.0,0.0,0.1696,0.275,stable,stable,0.9945,-2.7885,-1.9156,-3.4658,3.383,0.0028,0,Vegetation-loss zone
2151,12.9925,77.3675,0.1161,0.2176,0.2047,-0.406,0.1014999999999999,-0.0128999999999999,-0.3174,0.1794666666666666,0.0552548942025349,-0.1143999999999998,0.3079,0.0,0,0.0,0.038953,24.6721,56.040899653979245,0,0.0,0.0,0.0,0.1218,0.1605,stable,stable,1.0,-2.7866,-1.9793,-4.4355,3.418,0.0028,0,Vegetation-loss zone
2152,12.9925,77.3765,0.2576,0.1827,0.1035,-0.2437999999999999,-0.0749,-0.0792,-0.3979,0.1812666666666667,0.0770599982697465,-0.0043,0.4251,0.0,0,0.0,0.040481,23.7031,56.040899653979245,0,0.0,0.0,0.0,0.0956,0.2018,stable,stable,1.0,-2.7853,-2.0429,-5.3998,3.4541,0.0029,0,Vegetation-loss zone
2153,12.9925,77.3855,0.5174,0.7042,0.3529,-0.0416,0.1868,-0.3513,-0.2061,0.5248333333333334,0.175767924643074,-0.5381,0.3349,0.0,0,0.0,0.042133,22.7346,56.040899653979245,0,0.0,0.0,0.0,0.0125,0.1158,stable,stable,1.0,-2.7846,-2.1052,-6.3637,3.4908,0.0029,0,Vegetation-loss zone
2154,12.9925,77.3945,0.6179,0.708,0.3358,0.1434,0.0900999999999999,-0.3722,-0.1387,0.5539,0.1941782943585611,-0.4622999999999999,0.3506,0.0,0,0.0,0.043924,21.7665,56.040899653979245,0,0.0,0.0,0.0,0.0,0.0887,stable,stable,1.0,-2.7832,-2.1687,-7.3278,3.5284,0.003,0,Vegetation-loss zone
2155,12.9925,77.4035,0.4773,0.1822,0.2787,-0.0953999999999999,-0.2951,0.0965,-0.294,0.3127333333333333,0.1504649571605738,0.3915999999999999,0.4811,0.0,0,0.0,0.045874,20.7988,57.169999999999845,0,0.0,0.0,0.0,0.1171,0.1625,stable,stable,1.0,-2.7472,-1.1122,-8.3471,2.9638,0.0023,0,Vegetation-loss zone
2156,12.9925,77.4125,0.3223,0.3318,0.2079,-0.3015,0.0095,-0.1238999999999999,-0.4159,0.2873333333333333,0.0689550819978725,-0.1333999999999999,0.24,0.0,0,0.0,0.048004,19.8318,56.040899653979245,0,0.0,0.0,0.0,0.0904,0.1999,stable,stable,1.0,-2.7799,-2.2923,-9.2415,3.6031,0.0031,0,Vegetation-loss zone
2157,12.9925,77.4215,0.2864,0.4903,0.1961,-0.2676,0.2039,-0.2942,-0.3579,0.3242666666666666,0.1507110590943257,-0.4981,0.4648,0.0,0,0.0,0.050339,18.8654,56.040899653979245,0,0.0,0.0,0.0,0.0803,0.1894,stable,stable,1.0,-2.779,-2.354,-10.198,3.642,0.0031,0,Vegetation-loss zone
2158,12.9925,77.4305,0.4607,0.1928,0.3648,-0.012,-0.2679,0.172,-0.1079,0.3394333333333333,0.1357394685908757,0.4399,0.3999,0.0,0,0.0,0.052911,17.8998,56.040899653979245,0,0.0,0.0,0.0,0.084,0.0805,stable,stable,1.0,-2.7769,-2.4199,-11.1662,3.6834,0.0032,0,Vegetation-loss zone
2211,13.0015,77.3045,0.722,0.6961,0.4426,0.2644999999999999,-0.0258999999999999,-0.2535,-0.0149,0.6202333333333333,0.1543790896894179,-0.2276000000000001,0.2489,0.0,0,0.0,0.030721,31.5506,56.040899653979245,0,0.0,0.0,0.0,0.0078,0.0276,stable,stable,0.995,-2.7968,-1.538,2.3772,3.1917,0.0025,0,Vegetation-loss zone
2212,13.0015,77.3135,0.4258,0.307,0.1743,-0.0523,-0.1188,-0.1326999999999999,-0.3038,0.3023666666666667,0.1258140029302515,-0.0138999999999998,0.4161,0.0,0,0.0,0.031663,30.5828,56.040899653979245,0,0.0,0.0,0.0,0.0513,0.1597,stable,stable,1.0,-2.795,-1.5995,1.4234,3.2203,0.0026,0,Vegetation-loss zone
2213,13.0015,77.3225,0.3396,0.556,0.0807,-0.1884,0.2164,-0.4753,-0.4473,0.3254333333333333,0.2379664752298805,-0.6917,0.7312,0.0,0,0.0,0.032663,29.6154,56.040899653979245,0,0.0,0.0,0.0,0.0565,0.2394,stable,stable,1.0,-2.7944,-1.6597,0.4708,3.2501,0.0026,0,Vegetation-loss zone
2214,13.0015,77.3315,0.2102,0.6558,0.5715,-0.2178,0.4456,-0.0843,0.1435,0.4791666666666667,0.2367148565961447,-0.5299,0.494,0.0,0,0.0,0.033729,28.6483,56.040899653979245,0,0.0,0.0,0.0,0.0653,0.0367,stable,stable,1.0,-2.7929,-1.7227,-0.4912,3.2814,0.0027,0,Vegetation-loss zone
2215,13.0015,77.3405,0.1743,0.3116,0.1798,-0.4459999999999999,0.1372999999999999,-0.1318,-0.4405,0.2219,0.0777311391914463,-0.2690999999999999,0.3503,0.0,0,0.0,0.034865,27.6817,42.6099999999999,0,0.0,0.0,0.0,0.1338,0.2141,stable,stable,1.0,-3.1939,-15.1077,-0.7368,15.4416,0.018,0,Vegetation-loss zone
2216,13.0015,77.3495,0.4951,0.615,0.5073,-0.071,0.1199,-0.1077,-0.0588,0.5391333333333334,0.0659850235533286,-0.2276,0.1224,0.0,0,0.0,0.036081,26.7156,56.040899653979245,0,0.0,0.0,0.0,0.0213,0.0397,stable,stable,1.0,-2.7898,-1.8487,-2.4157,3.3467,0.0027,0,Vegetation-loss zone
2217,13.0015,77.3585,0.2601,0.3534,0.2096,-0.3765,0.0933,-0.1437999999999999,-0.427,0.2743666666666666,0.0729538438557786,-0.2370999999999999,0.2659,0.0,0,0.0,0.037383,25.75,56.040899653979245,0,0.0,0.0,0.0,0.113,0.2039,stable,stable,0.995,-2.7883,-1.9095,-3.3666,3.3795,0.0028,0,Vegetation-loss zone
2218,13.0015,77.3675,0.4912,0.4465,0.2947,-0.1861,-0.0447,-0.1518,-0.3826,0.4108,0.1029996601936142,-0.1071,0.2507,0.0,0,0.0,0.038782,24.7851,56.040899653979245,0,0.0,0.0,0.0,0.0692,0.1845,stable,stable,1.0,-2.787,-1.9731,-4.329,3.4147,0.0028,0,Vegetation-loss zone
2219,13.0015,77.3765,0.3342,0.4726,0.16,-0.2044999999999999,0.1384,-0.3126,-0.3786999999999999,0.3222666666666666,0.1566412887246952,-0.4509999999999999,0.4861,0.0,0,0.0,0.040289,23.8208,56.040899653979245,0,0.0,0.0,0.0,0.0613,0.1973,stable,stable,1.0,-2.7859,-2.0344,-5.2817,3.4497,0.0029,0,Vegetation-loss zone
2220,13.0015,77.3855,0.4207,0.4308,0.1943,0.0092,0.0100999999999999,-0.2365,-0.2171999999999999,0.3486,0.1337231094463481,-0.2465999999999998,0.3836,0.0,0,0.0,0.041916,22.8573,57.169999999999845,0,0.0,0.0,0.0,0.0,0.1234,stable,stable,1.0,-2.7505,-0.978,-6.3027,2.9192,0.0022,0,Vegetation-loss zone
2221,13.0015,77.3945,0.212,0.626,0.3489,-0.5339,0.414,-0.2771,-0.397,0.3956333333333333,0.2109194237933845,-0.6911,0.5331,0.0,0,0.0,0.043678,21.8947,56.040899653979245,0,0.0,0.0,0.0,0.1602,0.2086,stable,stable,1.0,-2.7834,-2.1569,-7.1868,3.5213,0.003,0,Vegetation-loss zone
2222,13.0015,77.4035,0.3247,0.4287,0.2114,0.1091999999999999,0.104,-0.2173,-0.0040999999999999,0.3216,0.1086831633694934,-0.3213,0.3379,0.0,0,0.0,0.045593,20.9331,56.040899653979245,0,0.0,0.0,0.0,0.0,0.0315,stable,stable,1.0,-2.7817,-2.2225,-8.1532,3.5606,0.003,0,Vegetation-loss zone
2223,13.0015,77.4125,0.3955,0.168,0.3658,0.0416,-0.2275,0.1978,0.0119,0.3097666666666667,0.1236683602759142,0.4253,0.3992,0.0,0,0.0,0.047681,19.9726,56.040899653979245,0,0.0,0.0,0.0,0.0682,0.0339,stable,stable,1.0,-2.7798,-2.2863,-9.1096,3.5992,0.0031,0,Vegetation-loss zone
2224,13.0015,77.4215,0.1432,0.2739,0.1183,-0.2984,0.1306999999999999,-0.1555999999999999,-0.3233,0.1784666666666666,0.0835801611229203,-0.2862999999999998,0.4683,0.0,0,0.0,0.049967,19.0134,56.040899653979245,0,0.0,0.0,0.0,0.0895,0.1749,stable,stable,1.0,-2.7789,-2.3448,-10.0507,3.636,0.0031,0,Vegetation-loss zone
2225,13.0015,77.4305,0.2508,0.371,0.1515,-0.4244,0.1201999999999999,-0.2195,-0.5237,0.2577666666666666,0.1099157101297777,-0.3396999999999999,0.4264,0.0,0,0.0,0.052477,18.0558,57.169999999999845,0,0.0,0.0,0.0,0.1273,0.2575,stable,stable,1.0,-2.7438,-1.2859,-11.0595,3.0301,0.0023,0,Vegetation-loss zone
2278,13.0105,77.3045,0.3406,0.6479,0.4622,-0.1236999999999999,0.3073,-0.1857,-0.0020999999999999,0.4835666666666667,0.1547602123716988,-0.493,0.32,0.0,0,0.0,0.030609,31.6702,56.040899653979245,0,0.0,0.0,0.0,0.0371,0.0265,stable,stable,1.0,-2.797,-1.5279,2.5049,3.1871,0.0025,0,Vegetation-loss zone
2279,13.0105,77.3135,0.7368,0.4084,0.1971,0.0658999999999999,-0.3284,-0.2113,-0.4738,0.4474333333333333,0.2719590471621294,0.1171,0.6078,0.0,0,0.0,0.03154,30.7062,56.040899653979245,0,0.0,0.0,0.0,0.0985,0.2429,stable,stable,1.0,-2.7954,-1.5925,1.5428,3.2172,0.0026,0,Vegetation-loss zone
2280,13.0105,77.3225,0.4661,0.3113,0.1002,0.0472,-0.1548,-0.2111,-0.3187,0.2925333333333333,0.1836704748546519,-0.0563,0.6279,0.0,0,0.0,0.032528,29.7428,56.040899653979245,0,0.0,0.0,0.0,0.0464,0.1789,stable,stable,1.0,-2.794,-1.6541,0.5896,3.2469,0.0026,0,Vegetation-loss zone
2281,13.0105,77.3315,0.1936,0.1751,0.1583,-0.3005,-0.0184999999999999,-0.0168,-0.3358,0.1756666666666666,0.0176568211559536,0.0016999999999998,0.1005,0.0,0,0.0,0.033579,28.7801,56.040899653979245,0,0.0,0.0,0.0,0.0957,0.1547,stable,stable,1.0,-2.7922,-1.7146,-0.3622,3.2766,0.0026,0,Vegetation-loss zone
2282,13.0105,77.3405,0.1469,0.1554,0.267,-0.2591,0.0085,0.1116,-0.139,0.1897666666666666,0.0670209171328872,0.1031,0.3532,0.0,0,0.0,0.0347,27.8182,56.040899653979245,0,0.0,0.0,0.0,0.0777,0.0871,stable,stable,1.0,-2.7909,-1.7774,-1.3169,3.3088,0.0027,0,Vegetation-loss zone
2283,13.0105,77.3495,0.6523,0.2781,0.25,0.0423,-0.3742,-0.0281,-0.36,0.3934666666666667,0.2245961338343412,0.3460999999999999,0.5708,0.0,0,0.0,0.035897,26.8571,56.040899653979245,0,0.0,0.0,0.0,0.1123,0.1936,stable,stable,0.99,-2.7897,-1.8415,-2.2775,3.3427,0.0027,0,Vegetation-loss zone
2284,13.0105,77.3585,0.6746,0.5009,0.3581,0.2018999999999999,-0.1736999999999999,-0.1428,-0.1146,0.5112,0.1585011987336373,0.0308999999999999,0.3101,0.0,0,0.0,0.037179,25.8968,56.040899653979245,0,0.0,0.0,0.0,0.0521,0.0747,stable,stable,1.0,-2.7886,-1.9034,-3.2328,3.3762,0.0028,0,Vegetation-loss zone
2285,13.0105,77.3675,0.5386,0.3112,0.3085,-0.1886999999999999,-0.2274,-0.0026999999999999,-0.4187999999999999,0.3860999999999999,0.1320757737058541,0.2247000000000001,0.3421,0.0,0,0.0,0.038554,24.9376,56.040899653979245,0,0.0,0.0,0.0,0.1248,0.2052,stable,stable,1.0,-2.787,-1.9641,-4.1791,3.4095,0.0028,0,Vegetation-loss zone
2286,13.0105,77.3765,0.1455,0.1435,0.5624,-0.546,-0.002,0.4189,-0.1291,0.2838,0.2412767498123265,0.4209,0.8502,0.0,0,0.0,0.040033,23.9796,56.040899653979245,0,0.0,0.0,0.0,0.1644,0.1138,stable,stable,1.0,-2.7856,-2.0253,-5.1222,3.444,0.0029,0,Vegetation-loss zone
2287,13.0105,77.3855,0.3293,0.3986,0.0487,-0.4306,0.0693,-0.3499,-0.7112,0.2588666666666666,0.185278556053671,-0.4192,0.7157,0.0,0,0.0,0.041627,23.0228,56.040899653979245,0,0.0,0.0,0.0,0.1292,0.3516,at_risk,at_risk,0.53,-2.7848,-2.0851,-6.0691,3.4789,0.0029,0,Vegetation-loss zone
2288,13.0105,77.3945,0.2589,0.5034,0.3124,-0.5439999999999999,0.2444999999999999,-0.1909999999999999,-0.4904999999999999,0.3582333333333333,0.1285324213314809,-0.4354999999999998,0.3588,0.0,0,0.0,0.043351,22.0675,56.040899653979245,0,0.0,0.0,0.0,0.1632,0.2375,stable,stable,1.0,-2.7834,-2.1462,-7.0174,3.5147,0.0029,0,Vegetation-loss zone
2289,13.0105,77.4035,0.2328,0.2522,0.2175,-0.1373999999999999,0.0193999999999999,-0.0346999999999999,-0.1526999999999999,0.2341666666666666,0.0173903229795577,-0.0540999999999998,0.0743,0.0,0,0.0,0.045221,21.1138,56.040899653979245,0,0.0,0.0,0.0,0.0412,0.0783,stable,stable,1.0,-2.7815,-2.2103,-7.9724,3.5528,0.003,0,Vegetation-loss zone
2290,13.0105,77.4125,0.3435,0.3469,0.1186,-0.4034999999999999,0.0033999999999999,-0.2283,-0.6284,0.2696666666666666,0.1308386156046193,-0.2316999999999999,0.4852,0.0,0,0.0,0.047255,20.162,56.040899653979245,0,1.0,1.0,1.0,0.121,0.3041,stable,stable,1.0,-1.6205,-2.2147,-9.0024,2.7442,0.002,0,Vegetation-loss zone
2291,13.0105,77.4215,0.3847,0.4425,0.209,-0.4603,0.0578,-0.2335,-0.636,0.3454,0.1216097446753343,-0.2913,0.3521,0.0,0,0.0,0.049475,19.2124,56.040899653979245,0,0.0,0.0,0.0,0.1381,0.2998,stable,stable,1.0,-2.7793,-2.3313,-9.8529,3.6275,0.0031,0,Vegetation-loss zone
2345,13.0195,77.3045,0.2261,0.2119,0.2493,-0.4843,-0.0141999999999999,0.0373999999999999,-0.4611,0.2291,0.0188796186402162,0.0515999999999998,0.0824,0.0,0,0.0,0.030469,31.8207,56.040899653979245,0,0.0,0.0,0.0,0.1495,0.2058,stable,stable,1.0,-2.7964,-1.5177,2.657,3.1817,0.0025,0,Vegetation-loss zone
2346,13.0195,77.3135,0.4506,0.2943,0.4747,-0.2210999999999999,-0.1563,0.1804,-0.1969999999999999,0.4065333333333333,0.0979410196666,0.3367,0.2409,0.0,0,0.0,0.031386,30.8615,56.040899653979245,0,0.0,0.0,0.0,0.1132,0.1041,stable,stable,1.0,-2.7951,-1.5818,1.6988,3.2117,0.0026,0,Vegetation-loss zone
2347,13.0195,77.3225,0.6893,0.7173,0.4386,0.0153999999999999,0.028,-0.2787,-0.2353,0.6150666666666668,0.1534645344479738,-0.3067,0.2495,0.0,0,0.0,0.032359,29.9032,56.040899653979245,0,0.0,0.0,0.0,0.0,0.121,stable,stable,1.0,-2.7945,-1.6431,0.7465,3.2417,0.0026,0,Vegetation-loss zone
2348,13.0195,77.3315,0.5482,0.5248,0.2092,-0.0425999999999999,-0.0233999999999999,-0.3156,-0.3816,0.4274,0.1893286032272989,-0.2922,0.443,0.0,0,0.0,0.033394,28.9459,56.040899653979245,0,0.0,0.0,0.0,0.0198,0.1945,stable,stable,1.0,-2.7931,-1.7046,-0.2004,3.2721,0.0026,0,Vegetation-loss zone
2349,13.0195,77.3405,0.5545,0.3702,0.1387,-0.0588999999999999,-0.1843,-0.2314999999999999,-0.4746999999999999,0.3544666666666666,0.2083460182804877,-0.0471999999999999,0.5878,0.0,0,0.0,0.034495,27.9897,56.040899653979245,0,0.0,0.0,0.0,0.073,0.2427,stable,stable,1.0,-2.7916,-1.7669,-1.1494,3.3037,0.0027,0,Vegetation-loss zone
2350,13.0195,77.3495,0.4968,0.7192,0.3024,-0.0646999999999999,0.2223999999999999,-0.4167999999999999,-0.2591,0.5061333333333333,0.208556690933984,-0.6391999999999998,0.4121,0.0,0,0.0,0.03567,27.0347,56.040899653979245,0,6.0,6.0,1.0,0.0194,0.1415,stable,stable,1.0,4.1027,-1.5108,-2.6266,4.372,0.004,0,Vegetation-loss zone
2351,13.0195,77.3585,0.4262,0.357,0.2599,-0.0812999999999999,-0.0692,-0.0970999999999999,-0.2475999999999999,0.3476999999999999,0.0835391524974966,-0.0278999999999998,0.2403,0.0,0,0.0,0.036926,26.0811,56.040899653979245,0,0.0,0.0,0.0,0.0451,0.1266,stable,stable,1.0,-2.7887,-1.89,-3.0445,3.3688,0.0028,0,Vegetation-loss zone
2352,13.0195,77.3675,0.5323,0.4987,0.2526,-0.0072999999999999,-0.0336,-0.2460999999999999,-0.287,0.4278666666666666,0.1527122893985069,-0.2124999999999999,0.3569,0.0,0,0.0,0.038272,25.129,56.040899653979245,0,0.0,0.0,0.0,0.0123,0.1505,stable,stable,1.0,-2.7876,-1.9514,-3.9894,3.4028,0.0028,0,Vegetation-loss zone
2353,13.0195,77.3765,-0.0588,0.1014,0.0985,-0.6433,0.1602,-0.0029,-0.486,0.0470333333333333,0.0916658242385532,-0.1631,1.9489,0.0,0,0.0,0.039716,24.1786,56.040899653979245,0,0.0,0.0,0.0,0.193,0.3301,at_risk,at_risk,0.78,-2.7866,-2.0107,-4.913,3.4363,0.0029,0,Vegetation-loss zone
2354,13.0195,77.3855,0.416,0.2365,0.2461,-0.3646999999999999,-0.1795,0.0096,-0.5346,0.2995333333333333,0.100977241660353,0.1891,0.3371,0.0,0,0.0,0.041271,23.2301,56.040899653979245,0,0.0,0.0,0.0,0.1633,0.2544,stable,stable,1.0,-2.7845,-2.0735,-5.87,3.4717,0.0029,0,Vegetation-loss zone
2355,13.0195,77.3945,0.3023,0.3464,0.2835,-0.1225999999999999,0.0440999999999999,-0.0629,-0.1414,0.3107333333333333,0.0322868910447155,-0.1069999999999999,0.1039,0.0,0,0.0,0.042949,22.2837,56.040899653979245,0,0.0,0.0,0.0,0.0368,0.0749,stable,stable,1.0,-2.7833,-2.1348,-6.8119,3.5077,0.0029,0,Vegetation-loss zone
2356,13.0195,77.4035,0.6737,0.1879,0.4724,-0.1052,-0.4857999999999999,0.2845,-0.3065,0.4446666666666666,0.2440845413649404,0.7702999999999999,0.5489,0.0,0,0.0,0.044763,21.3398,56.040899653979245,0,0.0,0.0,0.0,0.1773,0.1716,stable,stable,0.995,-2.7817,-2.1984,-7.7534,3.5455,0.003,0,Vegetation-loss zone
2357,13.0195,77.4125,0.4087,0.3471,0.3054,0.032,-0.0615999999999999,-0.0417,-0.0712999999999999,0.3537333333333333,0.0519684840392072,0.0198999999999998,0.1469,0.0,0,0.0,0.046732,20.3986,56.040899653979245,0,0.0,0.0,0.0,0.0185,0.0487,stable,stable,1.0,-2.7806,-2.2575,-8.6858,3.5817,0.003,0,Vegetation-loss zone
2358,13.0195,77.4215,0.1656,0.4135,0.1459,-0.5791000000000001,0.2478999999999999,-0.2675999999999999,-0.5988,0.2416666666666666,0.1491376657096836,-0.5154999999999998,0.6171,0.0,0,0.0,0.048874,19.4606,56.040899653979245,0,0.0,0.0,0.0,0.1737,0.2998,stable,stable,0.99,-2.7798,-2.3142,-9.6013,3.617,0.0031,0,Vegetation-loss zone
2359,13.0195,77.4305,0.0717,0.4643,0.3138,-0.5492,0.3926,-0.1504999999999999,-0.3071,0.2832666666666667,0.1980729747677187,-0.5430999999999999,0.6992,0.0,0,0.0,0.051213,18.5262,56.040899653979245,0,0.0,0.0,0.0,0.1648,0.1822,stable,stable,1.0,-2.7786,-2.3748,-10.5285,3.6551,0.0031,0,Vegetation-loss zone
2412,13.0285,77.3045,0.4119,0.3032,0.1819,0.0271,-0.1086999999999999,-0.1213,-0.2028999999999999,0.299,0.1150575073604499,-0.0126000000000001,0.3848,0.0,0,0.0,0.030302,32.0016,56.040899653979245,0,0.0,0.0,0.0,0.0326,0.115,stable,stable,1.0,-2.797,-1.5082,2.8301,3.1777,0.0025,0,Vegetation-loss zone
2413,13.0285,77.3135,0.5812,0.6301,0.4352,-0.0027999999999999,0.0488999999999999,-0.1949,-0.1488,0.5488333333333334,0.1014011998614086,-0.2437999999999999,0.1848,0.0,0,0.0,0.031203,31.0481,56.040899653979245,0,0.0,0.0,0.0,0.0008,0.0804,stable,stable,1.0,-2.7959,-1.5692,1.8828,3.2062,0.0026,0,Vegetation-loss zone
2414,13.0285,77.3225,0.2789,0.4952,0.2174,-0.2814,0.2163,-0.2777999999999999,-0.3429,0.3305,0.1459113772123339,-0.4940999999999999,0.4415,0.0,0,0.0,0.032159,30.0958,56.040899653979245,0,0.0,0.0,0.0,0.0844,0.1778,stable,stable,1.0,-2.7947,-1.6288,0.9465,3.2347,0.0026,0,Vegetation-loss zone
2415,13.0285,77.3315,0.261,0.4154,0.2381,-0.1662,0.1543999999999999,-0.1772999999999999,-0.1891,0.3048333333333333,0.096435695327681,-0.3316999999999998,0.3164,0.0,0,0.0,0.033173,29.1449,56.040899653979245,0,0.0,0.0,0.0,0.0499,0.1057,stable,stable,1.0,-2.7932,-1.691,-0.0001,3.2652,0.0026,0,Vegetation-loss zone
2416,13.0285,77.3405,0.4859,0.577,0.1143,0.1747,0.0910999999999999,-0.4626999999999999,-0.1968999999999999,0.3924,0.2451112196534463,-0.5537999999999998,0.6246,0.0,0,0.0,0.034252,28.1955,56.040899653979245,0,0.0,0.0,0.0,0.0,0.1277,stable,stable,0.995,-2.7923,-1.7533,-0.9454,3.2971,0.0027,0,Vegetation-loss zone
2417,13.0285,77.3495,0.5118,0.5695,0.1758,-0.0205999999999999,0.0576999999999999,-0.3937,-0.3566,0.4190333333333333,0.2126127073656072,-0.4513999999999999,0.5074,0.0,0,0.0,0.035401,27.2479,56.040899653979245,0,0.0,0.0,0.0,0.0062,0.1883,stable,stable,1.0,-2.7908,-1.814,-1.8844,3.3285,0.0027,0,Vegetation-loss zone
2418,13.0285,77.3585,0.3604,0.5968,0.386,-0.2283,0.2364,-0.2108,-0.2027,0.4477333333333333,0.1297285370816049,-0.4472,0.2897,0.0,0,0.0,0.036627,26.3021,56.040899653979245,0,0.0,0.0,0.0,0.0685,0.1105,stable,stable,1.0,-2.7894,-1.8742,-2.8208,3.3605,0.0028,0,Vegetation-loss zone
2419,13.0285,77.3675,0.4216,0.3352,0.3022,-0.0757,-0.0863999999999999,-0.0329999999999999,-0.1951,0.353,0.0616580894935935,0.0533999999999999,0.1747,0.0,0,0.0,0.037939,25.3583,56.040899653979245,0,0.0,0.0,0.0,0.0486,0.1007,stable,stable,1.0,-2.7876,-1.9369,-3.7626,3.3944,0.0028,0,Vegetation-loss zone
2420,13.0285,77.3765,0.1967,0.18,0.1415,-0.5670000000000001,-0.0167,-0.0385,-0.6222000000000001,0.1727333333333333,0.028308361544486,-0.0218,0.1639,0.0,0,0.0,0.039344,24.4169,56.040899653979245,0,35.0,24.0,1.4583,0.1751,0.2805,stable,stable,1.0,35.6053,-1.2457,-6.5762,35.6271,0.0435,0,Vegetation-loss zone
2421,13.0285,77.3855,0.4224,0.2495,0.3243,-0.2481,-0.1729,0.0747999999999999,-0.3462,0.3320666666666667,0.0867112641663892,0.2476999999999999,0.2611,0.0,0,0.0,0.040853,23.4781,56.040899653979245,0,0.0,0.0,0.0,0.1263,0.1702,stable,stable,1.0,-2.7848,-2.0581,-5.6265,3.4628,0.0029,0,Vegetation-loss zone
2422,13.0285,77.3945,0.2072,0.0965,0.17,-0.5375000000000001,-0.1106999999999999,0.0735,-0.5747,0.1579,0.0563332051280592,0.1841999999999999,0.3568,0.0,0,0.0,0.042477,22.5422,56.040899653979245,0,0.0,0.0,0.0,0.1945,0.2727,stable,stable,0.985,-2.7834,-2.117,-6.5487,3.497,0.0029,0,Vegetation-loss zone
2423,13.0285,77.4035,0.115,0.6561,0.3199,-0.4833,0.5411,-0.3362,-0.2784,0.3636666666666666,0.2731921362948307,-0.8773,0.7512,0.0,0,0.0,0.044229,21.6096,56.040899653979245,0,0.0,0.0,0.0,0.145,0.1717,stable,stable,1.0,-2.7833,-2.1751,-7.468,3.5324,0.003,0,Vegetation-loss zone
2424,13.0285,77.4125,0.1541,0.2401,0.2817,-0.4608,0.086,0.0416,-0.3332,0.2252999999999999,0.0650747262767966,-0.0443999999999999,0.2888,0.0,0,0.0,0.046124,20.6808,56.040899653979245,0,0.0,0.0,0.0,0.1382,0.1675,stable,stable,1.0,-2.781,-2.237,-8.3963,3.5691,0.003,0,Vegetation-loss zone
2425,13.0285,77.4215,0.4965,0.8123,0.2972,-0.1606,0.3158,-0.5151,-0.3599,0.5353333333333333,0.2597364497588533,-0.8309,0.4852,0.0,0,0.0,0.048178,19.7563,56.040899653979245,0,0.0,0.0,0.0,0.0482,0.191,stable,stable,1.0,-2.7807,-2.2963,-9.3151,3.6063,0.0031,0,Vegetation-loss zone
2426,13.0285,77.4305,0.6096,0.6661,0.2852,-0.0143999999999999,0.0564999999999999,-0.3809,-0.3388,0.5203000000000001,0.2055530831683144,-0.4373999999999999,0.3951,0.0,0,0.0,0.050412,18.8366,56.040899653979245,0,0.0,0.0,0.0,0.0043,0.1772,stable,stable,1.0,-2.7791,-2.3572,-10.2328,3.6441,0.0031,0,Vegetation-loss zone
2479,13.0375,77.3045,0.4276,0.611,0.2975,0.0163999999999999,0.1834,-0.3135,-0.1137,0.4453666666666667,0.157503343879847,-0.4969,0.3536,0.0,0,0.0,0.030109,32.2126,56.040899653979245,0,0.0,0.0,0.0,0.0,0.0755,stable,stable,1.0,-2.7978,-1.4934,3.0414,3.1714,0.0025,0,Vegetation-loss zone
2480,13.0375,77.3135,0.3751,0.2053,0.2291,-0.3041,-0.1697999999999999,0.0237999999999999,-0.4501,0.2698333333333333,0.0919370074199358,0.1935999999999998,0.3407,0.0,0,0.0,0.030993,31.2655,56.040899653979245,0,38.0,18.0,2.1111,0.1422,0.2168,stable,stable,1.0,37.6035,-1.5302,0.9264,37.6346,0.0461,0,Vegetation-loss zone
2481,13.0375,77.3225,0.4306,0.2885,0.2382,-0.3208,-0.1421,-0.0502999999999999,-0.5132,0.3191,0.0997833152385708,0.0918000000000001,0.3127,0.0,0,0.0,0.031928,30.3202,56.040899653979245,0,0.0,0.0,0.0,0.1389,0.2419,stable,stable,1.0,-2.7945,-1.6155,1.1655,3.2279,0.0026,0,Vegetation-loss zone
2482,13.0375,77.3315,0.478,0.2385,0.1551,-0.0329,-0.2395,-0.0834,-0.3558,0.2905333333333333,0.1676207127217079,0.1561,0.5769,0.0,0,0.0,0.03292,29.3766,56.040899653979245,0,0.0,0.0,0.0,0.0817,0.1916,stable,stable,1.0,-2.7933,-1.6779,0.2259,3.2585,0.0026,0,Vegetation-loss zone
2483,13.0375,77.3405,0.3465,0.2913,0.1746,-0.0876,-0.0551999999999999,-0.1167,-0.2594999999999999,0.2708,0.0877644005277766,-0.0615,0.3241,0.0,0,0.0,0.033973,28.435,56.040899653979245,0,0.0,0.0,0.0,0.0428,0.136,stable,stable,1.0,-2.792,-1.7378,-0.7073,3.2887,0.0027,0,Vegetation-loss zone
2484,13.0375,77.3495,0.1351,0.3284,0.1236,-0.2983,0.1933,-0.2048,-0.3098,0.1957,0.1150653292699412,-0.3981,0.588,0.0,0,0.0,0.035093,27.4957,56.040899653979245,0,0.0,0.0,0.0,0.0895,0.1733,stable,stable,1.0,-2.791,-1.7968,-1.6323,3.3193,0.0027,0,Vegetation-loss zone
2485,13.0375,77.3585,0.6182,0.701,0.3136,0.2324,0.0827999999999999,-0.3873999999999999,-0.0721999999999999,0.5442666666666667,0.2040080717357363,-0.4701999999999998,0.3748,0.0,0,0.0,0.036286,26.5588,56.040899653979245,0,0.0,0.0,0.0,0.0,0.0605,stable,stable,1.0,-2.7899,-1.8595,-2.5732,3.3529,0.0027,0,Vegetation-loss zone
2486,13.0375,77.3675,0.2613,0.212,0.15,-0.4165,-0.0492999999999999,-0.062,-0.5277999999999999,0.2077666666666666,0.0557706314589796,-0.0127000000000001,0.2684,0.0,0,0.0,0.037559,25.6246,56.040899653979245,0,0.0,0.0,0.0,0.1397,0.2466,stable,stable,1.0,-2.7879,-1.918,-3.4913,3.3839,0.0028,0,Vegetation-loss zone
2487,13.0375,77.3765,0.2345,0.547,0.2598,-0.4861,0.3125,-0.2872,-0.4608,0.3471,0.1735800391750157,-0.5997,0.5001,0.0,0,0.0,0.038921,24.6934,56.040899653979245,0,0.0,0.0,0.0,0.1458,0.2325,stable,stable,1.0,-2.7872,-1.9765,-4.4107,3.4169,0.0028,0,Vegetation-loss zone
2488,13.0375,77.3855,0.3677,0.3675,0.4249,-0.3175,-0.0002,0.0574,-0.2603,0.3867,0.0330823215630342,0.0576,0.0856,0.0,0,0.0,0.040379,23.7656,56.040899653979245,0,0.0,0.0,0.0,0.0953,0.1234,stable,stable,1.0,-2.7853,-2.0388,-5.3402,3.4517,0.0029,0,Vegetation-loss zone
2489,13.0375,77.3945,0.1262,0.0929,0.1477,-0.621,-0.0333,0.0548,-0.5994999999999999,0.1222666666666666,0.0276109277883473,0.0881,0.2258,0.0,0,0.0,0.041944,22.8415,56.040899653979245,0,0.0,0.0,0.0,0.1963,0.2752,stable,stable,0.995,-2.7838,-2.097,-6.2502,3.4852,0.0029,0,Vegetation-loss zone
2490,13.0375,77.4035,0.415,0.4434,0.1806,-0.262,0.0284,-0.2628,-0.4964,0.3463333333333334,0.1442300015022302,-0.2911999999999999,0.4164,0.0,0,0.0,0.043627,21.9217,56.040899653979245,0,1.0,1.0,1.0,0.0786,0.2435,stable,stable,1.0,-1.623,-2.1015,-7.2588,2.6553,0.0019,0,Vegetation-loss zone
2491,13.0375,77.4125,0.3792,0.4074,0.2221,-0.2115,0.0282,-0.1853,-0.3686,0.3362333333333333,0.0998429934113222,-0.2135,0.2969,0.0,0,0.0,0.045441,21.0068,56.040899653979245,0,0.0,0.0,0.0,0.0634,0.1828,stable,stable,1.0,-2.7817,-2.2167,-8.0765,3.5569,0.003,0,Vegetation-loss zone
2492,13.0375,77.4215,0.7412,0.7682,0.1468,0.1445999999999999,0.027,-0.6214,-0.4498,0.5520666666666666,0.351230769343082,-0.6484,0.6362,0.0,0,0.0,0.047399,20.0973,56.040899653979245,0,0.0,0.0,0.0,0.0,0.2378,stable,stable,0.995,-2.7812,-2.276,-8.9821,3.5938,0.003,0,Vegetation-loss zone
2493,13.0375,77.4305,0.5207,0.5687,0.3089,-0.0921999999999999,0.0479999999999999,-0.2598,-0.304,0.4660999999999999,0.1382384895750818,-0.3077999999999998,0.2966,0.0,0,0.0,0.049519,19.1941,56.040899653979245,0,0.0,0.0,0.0,0.0277,0.1564,stable,stable,1.0,-2.7793,-2.3341,-9.8776,3.6294,0.0031,0,Vegetation-loss zone
2546,13.0465,77.3045,0.222,0.1643,0.0902,-0.4615,-0.0577,-0.0741,-0.5932999999999999,0.1588333333333333,0.0660698367890623,-0.0163999999999999,0.416,0.0,0,0.0,0.029893,32.4529,56.040899653979245,0,0.0,0.0,0.0,0.1558,0.2815,stable,stable,1.0,-2.7975,-1.4768,3.2864,3.1634,0.0025,0,Vegetation-loss zone
2547,13.0465,77.3135,0.2877,0.1243,0.226,-0.3770999999999999,-0.1634,0.1017,-0.4387999999999999,0.2126666666666666,0.082511958729225,0.2651,0.388,0.0,0,0.0,0.030757,31.5132,56.040899653979245,0,0.0,0.0,0.0,0.1621,0.2148,stable,stable,1.0,-2.796,-1.5387,2.3504,3.1914,0.0025,0,Vegetation-loss zone
2548,13.0465,77.3225,0.7428,0.6524,0.0953,0.055,-0.0904,-0.5570999999999999,-0.5925,0.4968333333333333,0.3506633760935597,-0.4666999999999999,0.7058,0.0,0,0.0,0.03167,30.5755,56.040899653979245,0,0.0,0.0,0.0,0.0271,0.2989,stable,stable,0.995,-2.7957,-1.5994,1.4167,3.2209,0.0026,0,Vegetation-loss zone
2549,13.0465,77.3315,0.5378,0.3876,0.3719,-0.0864,-0.1501999999999999,-0.0156999999999999,-0.2522999999999999,0.4324333333333333,0.0915872443811545,0.1344999999999999,0.2118,0.0,0,0.0,0.032637,29.6401,56.040899653979245,0,0.0,0.0,0.0,0.071,0.126,stable,stable,1.0,-2.7936,-1.6606,0.4856,3.2499,0.0026,0,Vegetation-loss zone
2550,13.0465,77.3405,0.3208,0.2281,0.1603,-0.3844000000000001,-0.0926999999999999,-0.0678,-0.5449,0.2363999999999999,0.0805712727962019,0.0248999999999998,0.3408,0.0,0,0.0,0.033662,28.7073,74.21000000000004,0,0.0,0.0,0.0,0.1431,0.2573,stable,stable,1.0,-2.2472,16.3044,-1.3944,16.4585,0.0193,0,Vegetation-loss zone
2551,13.0465,77.3495,0.4961,0.3373,0.2461,-0.0776,-0.1588,-0.0911999999999999,-0.3276,0.3598333333333333,0.1265140835374992,0.0676,0.3516,0.0,0,0.0,0.03475,27.7772,56.040899653979245,0,0.0,0.0,0.0,0.0709,0.1665,stable,stable,1.0,-2.791,-1.7808,-1.3616,3.3108,0.0027,0,Vegetation-loss zone
2552,13.0465,77.3585,0.0482,0.0435,0.0458,-0.5051,-0.0047,0.0023,-0.5075000000000001,0.0458333333333333,0.0023501772982763,0.007,0.0513,0.0,0,0.0,0.035906,26.8502,56.040899653979245,0,0.0,0.0,0.0,0.1529,0.2247,stable,stable,0.955,-2.7893,-1.8383,-2.2735,3.3406,0.0027,0,Vegetation-loss zone
2553,13.0465,77.3675,0.7561,0.7006,0.1285,0.0933,-0.0554999999999999,-0.5721,-0.5343,0.5284000000000001,0.3474335476029913,-0.5166000000000002,0.6575,0.0,0,0.0,0.037138,25.9266,56.040899653979245,0,0.0,0.0,0.0,0.0166,0.2726,stable,stable,1.0,-2.7892,-1.8997,-3.1973,3.3747,0.0028,0,Vegetation-loss zone
2554,13.0465,77.3765,0.3603,0.215,0.1621,-0.3116,-0.1453,-0.0529,-0.5098,0.2458,0.1026269457793614,0.0924,0.4175,0.0,0,0.0,0.038452,25.0067,56.040899653979245,0,0.0,0.0,0.0,0.1371,0.2481,stable,stable,1.0,-2.7871,-1.9587,-4.1064,3.4065,0.0028,0,Vegetation-loss zone
2555,13.0465,77.3855,0.5959,0.5192,0.2274,-0.0344999999999999,-0.0766999999999999,-0.2918,-0.4029999999999999,0.4475,0.1944318132405291,-0.2151000000000001,0.4345,0.0,0,0.0,0.039855,24.091,42.43999999999983,0,0.0,0.0,0.0,0.0334,0.2044,stable,stable,1.0,-3.1942,-15.5103,-4.2992,15.8358,0.0185,0,Vegetation-loss zone
2556,13.0465,77.3945,0.315,0.4093,0.2095,-0.2465,0.0943,-0.1998,-0.352,0.3112666666666666,0.0999523052927411,-0.2941,0.3211,0.0,0,0.0,0.041356,23.18,56.040899653979245,0,0.0,0.0,0.0,0.074,0.1764,stable,stable,1.0,-2.7848,-2.076,-5.9186,3.4734,0.0029,0,Vegetation-loss zone
2557,13.0465,77.4035,0.144,0.1877,0.019,-0.3460999999999999,0.0437,-0.1687,-0.4710999999999999,0.1169,0.087554154670124,-0.2123999999999999,0.749,0.0,0,0.0,0.042966,22.2743,56.040899653979245,0,0.0,0.0,0.0,0.1038,0.2526,stable,stable,0.995,-2.7835,-2.1342,-6.8129,3.5075,0.0029,0,Vegetation-loss zone
2558,13.0465,77.4125,0.3837,0.3059,0.1947,-0.2279,-0.0777999999999999,-0.1112,-0.4169,0.2947666666666667,0.0949905960257821,-0.0334,0.3223,0.0,0,0.0,0.044694,21.3745,56.040899653979245,0,0.0,0.0,0.0,0.0917,0.2045,stable,stable,1.0,-2.7821,-2.1933,-7.7121,3.5426,0.003,0,Vegetation-loss zone
2559,13.0465,77.4215,0.3529,0.2564,0.191,-0.3995999999999999,-0.0964999999999999,-0.0654,-0.5614999999999999,0.2667666666666666,0.0814463217913082,0.0310999999999999,0.3053,0.0,0,0.0,0.046552,20.4814,56.040899653979245,0,0.0,0.0,0.0,0.1488,0.2649,stable,stable,0.995,-2.7807,-2.2503,-8.596,3.5772,0.003,0,Vegetation-loss zone
2560,13.0465,77.4305,0.435,0.3922,0.0351,0.1800999999999999,-0.0428,-0.3571,-0.2198,0.2874333333333333,0.2195724102280004,-0.3142999999999999,0.7639,0.0,0,0.0,0.048553,19.596,16.679999999999836,0,1.0,1.0,1.0,0.0128,0.1487,stable,stable,0.985,-2.8007,-41.2992,-7.4879,41.3941,0.0508,0,Vegetation-loss zone
2613,13.0555,77.3045,0.4208,0.021,0.106,-0.2356999999999999,-0.3998,0.0849999999999999,-0.5505,0.1826,0.2106197521601428,0.4847999999999999,1.1534,0.0,0,0.0,0.029654,32.722,56.040899653979245,0,0.0,0.0,0.0,0.1906,0.3076,stable,stable,0.96,-2.7979,-1.4621,3.55,3.1569,0.0025,0,Vegetation-loss zone
2614,13.0555,77.3135,0.4446,0.676,0.149,-0.3187,0.2314,-0.527,-0.6143,0.4232,0.2641509416981132,-0.7584,0.6242,0.0,0,0.0,0.030497,31.7903,56.040899653979245,0,0.0,0.0,0.0,0.0956,0.3029,stable,stable,1.0,-2.7975,-1.5186,2.6301,3.1831,0.0025,0,Vegetation-loss zone
2615,13.0555,77.3225,0.4458,0.3077,0.0751,0.1454999999999999,-0.1381,-0.2325999999999999,-0.2252,0.2762,0.187346764049983,-0.0944999999999998,0.6783,0.0,0,0.0,0.031386,30.8611,74.21000000000004,0,0.0,0.0,0.0,0.0414,0.1422,stable,stable,1.0,-2.2506,16.4414,0.737,16.5947,0.0195,0,Vegetation-loss zone
2616,13.0555,77.3315,0.1657,0.1959,0.335,-0.5971000000000001,0.0302,0.1391,-0.4278,0.2322,0.0902988925734972,0.1089,0.3889,0.0,0,0.0,0.032326,29.9347,56.040899653979245,0,0.0,0.0,0.0,0.1791,0.2105,stable,stable,0.985,-2.7939,-1.6394,0.7882,3.2393,0.0026,0,Vegetation-loss zone
2617,13.0555,77.3405,0.1933,0.307,0.2298,-0.5425,0.1137,-0.0771999999999999,-0.506,0.2433666666666666,0.0580513852834997,-0.1908999999999999,0.2385,0.0,0,0.0,0.033321,29.0114,56.040899653979245,0,0.0,0.0,0.0,0.1627,0.2347,stable,stable,1.0,-2.7928,-1.6983,-0.1278,3.2686,0.0026,0,Vegetation-loss zone
2618,13.0555,77.3495,0.2871,0.1733,0.2529,-0.4419999999999999,-0.1138,0.0796,-0.4761999999999999,0.2377666666666666,0.0583898392987455,0.1934,0.2456,0.0,0,0.0,0.034374,28.0915,56.040899653979245,0,0.0,0.0,0.0,0.1667,0.2228,stable,stable,1.0,-2.7912,-1.7591,-1.0445,3.2993,0.0027,0,Vegetation-loss zone
2619,13.0555,77.3585,0.4498,0.3418,0.2636,-0.294,-0.1079999999999999,-0.0781999999999999,-0.4802,0.3517333333333333,0.0934965953034298,0.0298,0.2658,0.0,0,0.0,0.035492,27.1753,56.040899653979245,0,0.0,0.0,0.0,0.1206,0.2259,stable,stable,1.0,-2.7902,-1.8186,-1.9558,3.3305,0.0027,0,Vegetation-loss zone
2620,13.0555,77.3675,0.0739,0.115,0.1557,-0.7126,0.0411,0.0407,-0.6308,0.1148666666666666,0.0409001629988602,-0.0003999999999999,0.3561,0.0,0,0.0,0.03668,26.2631,41.329999999999814,0,0.0,0.0,0.0,0.2138,0.2951,stable,stable,0.995,-3.23,-16.4686,-2.0737,16.7823,0.0197,0,Vegetation-loss zone
2621,13.0555,77.3765,0.2214,0.1473,0.1193,-0.5112,-0.0741,-0.0279999999999999,-0.6133000000000001,0.1626666666666666,0.0527560738999153,0.0461000000000001,0.3243,0.0,0,0.0,0.037943,25.3555,56.040899653979245,0,0.0,0.0,0.0,0.1756,0.2861,stable,stable,1.0,-2.7874,-1.9351,-3.7567,3.3933,0.0028,0,Vegetation-loss zone
2622,13.0555,77.3855,0.1315,0.1342,0.202,-0.4256,0.0027,0.0678,-0.3551,0.1559,0.0399465893412691,0.0651,0.2562,0.0,0,0.0,0.039288,24.453,56.040899653979245,0,0.0,0.0,0.0,0.1277,0.1734,stable,stable,1.0,-2.7861,-1.9938,-4.6538,3.426,0.0028,0,Vegetation-loss zone
2623,13.0555,77.3945,0.0881,0.1517,0.1036,-0.6758000000000001,0.0636,-0.0481,-0.6603,0.1144666666666666,0.0331632829094668,-0.1117,0.2897,0.0,0,0.0,0.040723,23.5561,56.040899653979245,0,0.0,0.0,0.0,0.2027,0.3044,stable,stable,0.99,-2.785,-2.0501,-5.5386,3.4582,0.0029,0,Vegetation-loss zone
2624,13.0555,77.4035,0.4291,0.3052,0.2344,0.1159,-0.1238999999999999,-0.0708,-0.0787999999999999,0.3228999999999999,0.0985494292220913,0.0530999999999999,0.3052,0.0,0,0.0,0.042256,22.6655,56.040899653979245,0,0.0,0.0,0.0,0.0372,0.0604,stable,stable,1.0,-2.7839,-2.1116,-6.4367,3.4941,0.0029,0,Vegetation-loss zone
2625,13.0555,77.4125,0.0684,0.575,0.2024,-0.4979,0.5065999999999999,-0.3725999999999999,-0.3639,0.2819333333333333,0.2624977206250243,-0.8791999999999998,0.9311,0.0,0,0.0,0.043894,21.7819,42.43999999999983,0,0.0,0.0,0.0,0.1494,0.2185,stable,stable,1.0,-3.1915,-15.6559,-6.5756,15.9779,0.0187,0,Vegetation-loss zone
2626,13.0555,77.4215,0.3624,0.6741,0.3277,-0.4050999999999999,0.3117,-0.3464,-0.4397999999999999,0.4547333333333332,0.1907677208893929,-0.6580999999999999,0.4195,0.0,0,0.0,0.045649,20.9063,56.040899653979245,0,0.0,0.0,0.0,0.1215,0.2202,stable,stable,1.0,-2.782,-2.2213,-8.1709,3.5601,0.003,0,Vegetation-loss zone
2627,13.0555,77.4305,0.4821,0.6625,0.3422,-0.3165,0.1804,-0.3203,-0.4564,0.4956,0.1605761812972272,-0.5006999999999999,0.324,0.0,0,0.0,0.047529,20.0397,56.040899653979245,0,0.0,0.0,0.0,0.0949,0.2219,stable,stable,0.995,-2.7807,-2.2781,-9.034,3.5947,0.0031,0,Vegetation-loss zone
2680,13.0645,77.3045,0.2474,0.2206,0.1282,-0.3638999999999999,-0.0268,-0.0923999999999999,-0.4831,0.1987333333333333,0.0625361761969288,-0.0655999999999999,0.3147,0.0,0,0.0,0.029395,33.0191,56.040899653979245,0,0.0,0.0,0.0,0.1172,0.2288,stable,stable,1.0,-2.7983,-1.4406,3.8464,3.1473,0.0025,0,Vegetation-loss zone
2681,13.0645,77.3135,0.3324,0.4337,0.158,-0.2112,0.1013,-0.2756999999999999,-0.3855999999999999,0.3080333333333333,0.1394558114003619,-0.3769999999999999,0.4527,0.0,0,0.0,0.030215,32.0961,56.040899653979245,0,0.0,0.0,0.0,0.0634,0.1961,stable,stable,1.0,-2.7974,-1.5002,2.9298,3.1743,0.0025,0,Vegetation-loss zone
2682,13.0645,77.3225,0.365,0.2424,0.0279,-0.3469,-0.1225999999999999,-0.2145,-0.6839999999999999,0.2117666666666666,0.1706250372405331,-0.0919,0.8057,0.0,0,0.0,0.031079,31.1761,56.040899653979245,0,0.0,0.0,0.0,0.1408,0.3433,at_risk,at_risk,0.795,-2.796,-1.5598,2.0193,3.2016,0.0026,0,Vegetation-loss zone
2683,13.0645,77.3315,0.3193,0.7452,-0.0533,-0.3697,0.4259,-0.7985,-0.7423,0.3370666666666667,0.3995463719436498,-1.2244,1.1854,0.0,0,0.0,0.03199,30.2595,56.040899653979245,0,0.0,0.0,0.0,0.1109,0.3909,at_risk,at_risk,0.895,-2.7959,-1.6162,1.1178,3.2294,0.0026,0,Vegetation-loss zone
2684,13.0645,77.3405,0.0838,0.1203,0.0405,-0.4039,0.0365,-0.0798,-0.4472,0.0815333333333333,0.0399482582014952,-0.1162999999999999,0.49,0.0,0,0.0,0.032953,29.3464,56.040899653979245,0,0.0,0.0,0.0,0.1212,0.2249,stable,stable,0.9945,-2.7932,-1.6774,0.2045,3.2582,0.0026,0,Vegetation-loss zone
2685,13.0645,77.3495,0.3028,0.2672,0.21565,-0.0524,-0.0356,-0.1794999999999999,,0.285,0.0251730014102411,-0.2865999999999999,0.0883,0.0,0,0.0,0.03397,28.4374,56.040899653979245,0,0.0,0.0,0.0,0.0264,0.0124,stable,stable,1.0,-2.792,-1.7376,-0.7063,3.2885,0.0027,0,Vegetation-loss zone
2686,13.0645,77.3585,0.0665,0.3065,-0.0162,-0.6063,0.24,-0.3227,-0.689,0.1189333333333333,0.1676179087488366,-0.5627,1.4093,0.0,0,0.0,0.035047,27.5328,56.040899653979245,0,0.0,0.0,0.0,0.1819,0.3825,at_risk,at_risk,0.6,-2.7914,-1.7929,-1.5857,3.3176,0.0027,0,Vegetation-loss zone
2687,13.0645,77.3675,0.1565,0.2125,0.1287,-0.5638000000000001,0.0559999999999999,-0.0837999999999999,-0.5916,0.1659,0.0426834862681107,-0.1397999999999998,0.2573,0.0,0,0.0,0.036189,26.6329,56.040899653979245,0,0.0,0.0,0.0,0.1691,0.2726,stable,stable,1.0,-2.7893,-1.8519,-2.4875,3.3481,0.0027,0,Vegetation-loss zone
2688,13.0645,77.3765,0.4835,0.1248,0.0098,-0.3437,-0.3587,-0.1149999999999999,-0.8174,0.2060333333333333,0.2470770392677824,0.2437000000000001,1.1992,0.0,0,0.0,0.037399,25.7385,56.040899653979245,0,0.0,0.0,0.0,0.2107,0.4245,at_risk,at_risk,0.925,-2.7883,-1.9119,-3.377,3.3809,0.0028,0,Vegetation-loss zone
2689,13.0645,77.3855,0.6323,0.6067,0.3415,-0.0584999999999999,-0.0255999999999999,-0.2652,-0.3492999999999999,0.5268333333333333,0.1610129601408946,-0.2396000000000001,0.3056,0.0,0,0.0,0.038685,24.8499,56.040899653979245,0,0.0,0.0,0.0,0.0252,0.1738,stable,stable,1.0,-2.7873,-1.9692,-4.2666,3.4127,0.0028,0,Vegetation-loss zone
2690,13.0645,77.3945,0.5257,0.3893,0.2457,-0.3139,-0.1363999999999999,-0.1435999999999999,-0.5939,0.3868999999999999,0.1400154277213764,-0.0071999999999999,0.3619,0.0,0,0.0,0.040051,23.9679,56.040899653979245,0,0.0,0.0,0.0,0.1351,0.2806,stable,stable,0.995,-2.7858,-2.0256,-5.1381,3.4443,0.0029,0,Vegetation-loss zone
2691,13.0645,77.4035,0.359,0.1666,0.1867,-0.0053,-0.1924,0.0201,-0.1776,0.2374333333333333,0.1057584196805783,0.2125,0.4454,0.0,0,0.0,0.041505,23.0932,56.040899653979245,0,0.0,0.0,0.0,0.0593,0.1103,stable,stable,1.0,-2.7843,-2.0839,-6.0102,3.4778,0.0029,0,Vegetation-loss zone
2692,13.0645,77.4125,0.5188,0.5081,0.1281,0.0177,-0.0107,-0.38,-0.373,0.3849999999999999,0.2225462423857118,-0.3693,0.578,0.0,0,0.0,0.043054,22.2267,56.040899653979245,0,0.0,0.0,0.0,0.0032,0.201,stable,stable,1.0,-2.7838,-2.1386,-6.8677,3.5104,0.0029,0,Vegetation-loss zone
2693,13.0645,77.4215,0.585,0.3977,0.2118,-0.0972,-0.1872999999999999,-0.1859,-0.4704,0.3981666666666666,0.1866004376557925,0.0013999999999999,0.4686,0.0,0,0.0,0.044704,21.3694,56.040899653979245,0,0.0,0.0,0.0,0.0853,0.2359,stable,stable,1.0,-2.7822,-2.1944,-7.7196,3.5434,0.003,0,Vegetation-loss zone
2694,13.0645,77.4305,0.174,0.1744,0.0662,-0.415,0.0004,-0.1082,-0.5227999999999999,0.1382,0.0623541498218041,-0.1086,0.4512,0.0,0,0.0,0.046463,20.5225,56.040899653979245,0,0.0,0.0,0.0,0.1245,0.2573,stable,stable,0.9995,-2.7808,-2.2472,-8.5524,3.5753,0.003,0,Vegetation-loss zone
2747,13.0735,77.3045,0.3294,0.8323,0.0735,-0.2432999999999999,0.5029,-0.7588,-0.4992,0.4117333333333333,0.3860420227557271,-1.2617,0.9376,0.0,0,0.0,0.029118,33.3435,56.040899653979245,0,0.0,0.0,0.0,0.073,0.2729,stable,stable,0.9,-2.8002,-1.4174,4.175,3.1385,0.0025,0,Vegetation-loss zone
2748,13.0735,77.3135,0.0392,0.0618,0.074,-0.3132999999999999,0.0226,0.0121999999999999,-0.2784999999999999,0.0583333333333333,0.0176571043303632,-0.0104,0.3027,0.0,0,0.0,0.029913,32.4298,56.040899653979245,0,0.0,0.0,0.0,0.094,0.1419,stable,stable,1.0,-2.7973,-1.4789,3.2617,3.1642,0.0025,0,Vegetation-loss zone
2749,13.0735,77.3225,0.0209,0.0575,0.0532,-0.4688,0.0366,-0.0043,-0.4365,0.0438666666666666,0.0200055825542105,-0.0409,0.456,0.0,0,0.0,0.030751,31.5196,56.040899653979245,0,0.0,0.0,0.0,0.1406,0.2179,stable,stable,0.995,-2.7961,-1.537,2.3618,3.1907,0.0025,0,Vegetation-loss zone
2750,13.0735,77.3315,0.1637,0.1039,0.0899,-0.2713,-0.0598,-0.014,-0.3451,0.1191666666666666,0.0391971087369124,0.0458,0.3289,0.0,0,0.0,0.031632,30.6133,56.040899653979245,0,3.0,3.0,1.0,0.0993,0.1719,stable,stable,1.0,0.6586,-1.4367,1.1901,1.5804,0.0005,0,Vegetation-loss zone
2751,13.0735,77.3405,0.1714,0.2595,0.1497,-0.3778,0.0881,-0.1098,-0.3995,0.1935333333333333,0.0581500071653764,-0.1979,0.3005,0.0,0,0.0,0.032561,29.7113,56.040899653979245,0,0.0,0.0,0.0,0.1133,0.1934,stable,stable,1.0,-2.7938,-1.6538,0.565,3.2465,0.0026,0,Vegetation-loss zone
2752,13.0735,77.3495,0.5762,0.4745,0.0391,-0.0100999999999999,-0.1017,-0.4353999999999999,-0.5472,0.3632666666666666,0.2853046500380485,-0.3336999999999999,0.7854,0.0,0,0.0,0.033542,28.8138,56.040899653979245,0,0.0,0.0,0.0,0.0335,0.2849,stable,stable,0.985,-2.7931,-1.7132,-0.3298,3.2766,0.0026,0,Vegetation-loss zone
2753,13.0735,77.3585,0.3145,0.2609,0.0963,-0.2030999999999999,-0.0535999999999999,-0.1646,-0.4212999999999999,0.2239,0.1137082230975403,-0.1110000000000001,0.5079,0.0,0,0.0,0.034576,27.9214,56.040899653979245,0,0.0,0.0,0.0,0.077,0.2154,stable,stable,1.0,-2.7913,-1.7704,-1.2138,3.3054,0.0027,0,Vegetation-loss zone
2754,13.0735,77.3675,0.4338,0.1778,0.1142,-0.3581,-0.256,-0.0636,-0.6777000000000001,0.2419333333333333,0.1691769881908687,0.1924,0.6993,0.0,0,0.0,0.03567,27.0346,56.040899653979245,0,0.0,0.0,0.0,0.1842,0.3353,at_risk,at_risk,0.7,-2.79,-1.8279,-2.0928,3.3354,0.0027,0,Vegetation-loss zone
2755,13.0735,77.3765,0.1057,0.09,0.3065,-0.5557,-0.0157,0.2165,-0.3549,0.1674,0.1207196338629305,0.2322,0.7211,0.0,0,0.0,0.036827,26.154,56.040899653979245,0,0.0,0.0,0.0,0.1714,0.2006,stable,stable,0.995,-2.7886,-1.8841,-2.9629,3.3654,0.0028,0,Vegetation-loss zone
2756,13.0735,77.3855,0.4483,0.2149,0.0883,-0.0186,-0.2333999999999999,-0.1266,-0.3786,0.2505,0.1826212473947103,0.1067999999999999,0.729,0.0,0,0.0,0.038052,25.2801,56.040899653979245,0,0.0,0.0,0.0,0.0756,0.2114,stable,stable,0.995,-2.7876,-1.9424,-3.8382,3.3976,0.0028,0,Vegetation-loss zone
2757,13.0735,77.3945,0.1201,0.2641,0.1295,-0.4931999999999999,0.144,-0.1346,-0.4837999999999999,0.1712333333333333,0.0805621085457259,-0.2785999999999999,0.4705,0.0,0,0.0,0.039349,24.4137,56.040899653979245,0,0.0,0.0,0.0,0.148,0.2405,stable,stable,1.0,-2.7864,-1.9952,-4.6889,3.4271,0.0028,0,Vegetation-loss zone
2758,13.0735,77.4035,0.0351,0.1175,0.1048,-0.5808,0.0824,-0.0126999999999999,-0.5111,0.0857999999999999,0.0443642874393357,-0.0950999999999999,0.5171,0.0,0,0.0,0.040724,23.5556,56.040899653979245,0,0.0,0.0,0.0,0.1742,0.2551,stable,stable,1.0,-2.785,-2.0507,-5.5393,3.4586,0.0029,0,Vegetation-loss zone
2759,13.0735,77.4125,0.1841,0.1611,0.0329,-0.4381999999999999,-0.023,-0.1281999999999999,-0.5893999999999999,0.1260333333333333,0.0814715492262994,-0.1051999999999999,0.6464,0.0,0,0.0,0.042182,22.7068,56.040899653979245,0,0.0,0.0,0.0,0.1384,0.2962,stable,stable,1.0,-2.784,-2.1061,-6.3836,3.4909,0.0029,0,Vegetation-loss zone
2760,13.0735,77.4215,0.3771,0.4008,0.0958,-0.2104,0.0237,-0.305,-0.4917,0.2912333333333333,0.1696645612181086,-0.3287,0.5826,0.0,0,0.0,0.043728,21.8684,56.040899653979245,0,18.0,18.0,1.0,0.0631,0.2515,stable,stable,0.99,17.8701,-1.219,-8.8061,17.9117,0.0211,0,Vegetation-loss zone
2761,13.0735,77.4305,0.1881,0.1948,0.0947,-0.5137,0.0067,-0.1001,-0.6071,0.1592,0.055959002850301,-0.1067999999999999,0.3515,0.0,0,0.0,0.045369,21.0416,56.040899653979245,0,0.0,0.0,0.0,0.1541,0.2867,stable,stable,1.0,-2.7815,-2.2133,-8.0365,3.5546,0.003,0,Vegetation-loss zone
2814,13.0825,77.3045,0.1596,0.6231,0.1383,-0.3822,0.4635,-0.4848,-0.4034999999999999,0.307,0.2739577157154001,-0.9483,0.8924,0.0,0,0.0,0.028823,33.6945,56.040899653979245,0,0.0,0.0,0.0,0.1147,0.2297,stable,stable,1.0,-2.8003,-1.3949,4.5242,3.1285,0.0025,0,Vegetation-loss zone
2815,13.0825,77.3135,0.0177,0.1167,0.1903,-0.4718,0.099,0.0736,-0.2992,0.1082333333333333,0.0866109307959066,-0.0254,0.8002,0.0,0,0.0,0.029594,32.7906,56.040899653979245,0,0.0,0.0,0.0,0.1415,0.1804,stable,stable,1.0,-2.7981,-1.4552,3.6241,3.1539,0.0025,0,Vegetation-loss zone
2816,13.0825,77.3225,-0.0109,0.0964,0.0427,-0.3911,0.1073,-0.0537,-0.3374999999999999,0.0427333333333333,0.0536500077663865,-0.161,1.2554,0.0,0,0.0,0.030404,31.8908,56.040899653979245,0,0.0,0.0,0.0,0.1173,0.224,stable,stable,0.98,-2.7971,-1.5134,2.7333,3.1803,0.0025,0,Vegetation-loss zone
2817,13.0825,77.3315,0.1218,0.3007,0.1912,-0.2647,0.1789,-0.1095,-0.1953,0.2045666666666666,0.0901959163894537,-0.2884,0.4409,0.0,0,0.0,0.031254,30.9954,56.040899653979245,0,0.0,0.0,0.0,0.0794,0.1153,stable,stable,1.0,-2.7957,-1.5712,1.8388,3.207,0.0026,0,Vegetation-loss zone
2818,13.0825,77.3405,0.1932,0.4719,0.4482,-0.2019999999999999,0.2786999999999999,-0.0237,0.0529999999999999,0.3711,0.1545209694507512,-0.3023999999999999,0.4164,0.0,0,0.0,0.032149,30.1048,56.040899653979245,0,0.0,0.0,0.0,0.0606,0.0317,stable,stable,1.0,-2.7946,-1.6292,0.9529,3.2348,0.0026,0,Vegetation-loss zone
2819,13.0825,77.3495,0.2472,0.264,0.3573,-0.1609,0.0168,0.0933,-0.0508,0.2895,0.059314332163483,0.0765,0.2049,0.0,0,0.0,0.033091,29.2195,56.040899653979245,0,0.0,0.0,0.0,0.0483,0.0406,stable,stable,1.0,-2.7929,-1.6873,0.071,3.263,0.0026,0,Vegetation-loss zone
2820,13.0825,77.3585,0.0772,0.1956,0.1945,-0.3939,0.1183999999999999,-0.0010999999999999,-0.2766,0.1557666666666666,0.0680429521209458,-0.1194999999999998,0.4368,0.0,0,0.0,0.034083,28.34,56.040899653979245,0,0.0,0.0,0.0,0.1182,0.15,stable,stable,1.0,-2.7918,-1.7425,-0.795,3.291,0.0027,0,Vegetation-loss zone
2821,13.0825,77.3675,0.3288,0.3304,0.0492,-0.1551,0.0016,-0.2812,-0.4347,0.2361333333333333,0.1618909921315368,-0.2828,0.6856,0.0,0,0.0,0.035129,27.4668,56.040899653979245,0,0.0,0.0,0.0,0.0465,0.2318,stable,stable,0.98,-2.7909,-1.7996,-1.6639,3.3208,0.0027,0,Vegetation-loss zone
2822,13.0825,77.3765,0.1818,0.1325,0.1147,-0.3863000000000001,-0.0492999999999999,-0.0178,-0.4534,0.143,0.03476046604981,0.0314999999999999,0.2431,0.0,0,0.0,0.036231,26.6005,56.040899653979245,0,0.0,0.0,0.0,0.1307,0.2134,stable,stable,1.0,-2.7892,-1.8551,-2.5232,3.3498,0.0027,0,Vegetation-loss zone
2823,13.0825,77.3855,0.3772,0.1614,0.335,-0.2828,-0.2158,0.1736,-0.325,0.2911999999999999,0.1143732486204706,0.3893999999999999,0.3928,0.0,0,0.0,0.037395,25.7418,56.040899653979245,0,0.0,0.0,0.0,0.1496,0.1685,stable,stable,1.0,-2.7879,-1.9122,-3.3795,3.3807,0.0028,0,Vegetation-loss zone
2824,13.0825,77.3945,0.3344,0.5241,0.3752,-0.2438,0.1897,-0.1489,-0.203,0.4112333333333333,0.0998515064149426,-0.3386,0.2428,0.0,0,0.0,0.038623,24.8916,56.040899653979245,0,0.0,0.0,0.0,0.0731,0.1083,stable,stable,1.0,-2.7873,-1.9654,-4.2208,3.4105,0.0028,0,Vegetation-loss zone
2825,13.0825,77.4035,0.2583,0.13,0.0569,-0.0531,-0.1282999999999999,-0.0731,-0.2545,0.1484,0.1019529793581335,0.0551999999999998,0.687,0.0,0,0.0,0.039919,24.0506,56.040899653979245,0,0.0,0.0,0.0,0.0544,0.1569,stable,stable,1.0,-2.7858,-2.0215,-5.0567,3.442,0.0029,0,Vegetation-loss zone
2826,13.0825,77.4125,0.6771,0.7083,0.0115,0.0027,0.0312,-0.6968000000000001,-0.6629,0.4656333333333334,0.3936002710026167,-0.7280000000000001,0.8453,0.0,0,0.0,0.041288,23.22,56.040899653979245,0,0.0,0.0,0.0,0.0,0.339,at_risk,at_risk,0.76,-2.7856,-2.0736,-5.8793,3.4727,0.0029,0,Vegetation-loss zone
2827,13.0825,77.4215,0.4481,0.5139,0.1243,-0.2025999999999999,0.0658,-0.3896,-0.5264,0.3621,0.208552247650319,-0.4554,0.576,0.0,0,0.0,0.042733,22.4009,56.040899653979245,0,0.0,0.0,0.0,0.0608,0.2655,stable,stable,1.0,-2.784,-2.1261,-6.6908,3.503,0.0029,0,Vegetation-loss zone
2828,13.0825,77.4305,0.2206,0.3963,0.376,-0.4666,0.1757,-0.0202999999999999,-0.3112,0.3309666666666667,0.0961177576378752,-0.1959999999999999,0.2904,0.0,0,0.0,0.044259,21.5945,56.040899653979245,0,0.0,0.0,0.0,0.14,0.1579,stable,stable,1.0,-2.7825,-2.1777,-7.4894,3.5334,0.003,0,Vegetation-loss zone
2881,13.0915,77.3045,0.5603,0.3526,0.0777,0.3533,-0.2077,-0.2749,-0.1292999999999999,0.3302,0.2420785203193377,-0.0671999999999999,0.7331,0.0,0,0.0,0.028514,34.0711,56.040899653979245,0,0.0,0.0,0.0,0.0623,0.1044,stable,stable,0.995,-2.8002,-1.3759,4.8806,3.12,0.0025,0,Vegetation-loss zone
2882,13.0915,77.3135,0.1021,0.6045,0.0168,-0.0194,0.5024000000000001,-0.5877,-0.1047,0.2411333333333333,0.3175618417463492,-1.0901,1.3169,0.0,0,0.0,0.029259,33.1775,56.040899653979245,0,0.0,0.0,0.0,0.0058,0.1292,stable,stable,0.96,-2.7999,-1.4296,4.0092,3.1438,0.0025,0,Vegetation-loss zone
2883,13.0915,77.3225,0.2575,0.7122,-0.0442,0.1334,0.4547,-0.7564000000000001,-0.1683,0.3085,0.380770258817571,-1.2111,1.2343,0.0,0,0.0,0.03004,32.2886,56.040899653979245,0,0.0,0.0,0.0,0.0,0.1512,stable,stable,0.765,-2.7988,-1.4873,3.1246,3.1694,0.0025,0,Vegetation-loss zone
2884,13.0915,77.3315,0.1175,0.1916,0.0325,-0.2122,0.0741,-0.1591,-0.2972,0.1138666666666666,0.0796122059318377,-0.2332,0.6992,0.0,0,0.0,0.03086,31.4046,56.040899653979245,0,0.0,0.0,0.0,0.0637,0.1737,stable,stable,0.9995,-2.7963,-1.5451,2.2455,3.1948,0.0025,0,Vegetation-loss zone
2885,13.0915,77.3405,0.0256,0.6004,0.3638,-0.1568,0.5748000000000001,-0.2366,0.1814,0.3299333333333333,0.2888926674966558,-0.8114000000000001,0.8756,0.0,0,0.0,0.03172,30.526,67.62999999999988,0,0.0,0.0,0.0,0.047,0.0591,stable,stable,1.0,-2.4481,9.8952,0.7626,10.1936,0.0114,0,Vegetation-loss zone
2886,13.0915,77.3495,0.0209,0.3637,0.5356,-0.3082,0.3428,0.1718999999999999,0.2064999999999999,0.3067333333333333,0.2620361107430297,-0.1709000000000001,0.8543,0.0,0,0.0,0.032623,29.6534,56.040899653979245,0,0.0,0.0,0.0,0.0925,0.058,stable,stable,1.0,-2.794,-1.6584,0.5084,3.2492,0.0026,0,Vegetation-loss zone
2887,13.0915,77.3585,0.5755,0.0727,0.1553,0.2195,-0.5028,0.0825999999999999,-0.2007,0.2678333333333333,0.2696289549238608,0.5853999999999999,1.0067,0.0,0,0.0,0.033571,28.7872,56.040899653979245,0,0.0,0.0,0.0,0.1508,0.152,stable,stable,1.0,-2.7924,-1.7183,-0.3631,3.2787,0.0027,0,Vegetation-loss zone
2888,13.0915,77.3675,0.0005,0.4095,0.5244,-0.3392,0.409,0.1149,0.1846999999999999,0.3114666666666666,0.2753646733575919,-0.2941,0.8841,0.0,0,0.0,0.034569,27.928,56.040899653979245,0,0.0,0.0,0.0,0.1018,0.0602,stable,stable,1.0,-2.7917,-1.7694,-1.2025,3.3052,0.0027,0,Vegetation-loss zone
2889,13.0915,77.3765,0.0292,0.4577,0.462,-0.3618,0.4285,0.0043,0.071,0.3163,0.2486451889741686,-0.4241999999999999,0.7861,0.0,0,0.0,0.035617,27.0765,56.040899653979245,0,0.0,0.0,0.0,0.1085,0.0545,stable,stable,1.0,-2.7906,-1.8239,-2.0469,3.3337,0.0027,0,Vegetation-loss zone
2890,13.0915,77.3855,0.183,0.3094,0.0988,-0.2845,0.1264,-0.2106,-0.3687,0.1970666666666666,0.1060023270184826,-0.337,0.5379,0.0,0,0.0,0.036719,26.2335,68.74000000000001,0,1.0,1.0,1.0,0.0854,0.1955,stable,stable,1.0,-1.2481,10.7745,-3.6495,10.8466,0.0122,0,Vegetation-loss zone
2891,13.0915,77.3945,0.5102,0.4466,0.2786,-0.0113999999999999,-0.0635999999999999,-0.1679999999999999,-0.2429999999999999,0.4118,0.1196575112560845,-0.1043999999999999,0.2906,0.0,0,0.0,0.037879,25.3998,56.040899653979245,0,0.0,0.0,0.0,0.0225,0.1279,stable,stable,1.0,-2.7879,-1.9342,-3.7214,3.3931,0.0028,0,Vegetation-loss zone
2892,13.0915,77.4035,0.2659,0.5892,0.0361,-0.0309999999999999,0.3232999999999999,-0.5530999999999999,-0.2608,0.2970666666666666,0.2778640374955587,-0.8763999999999998,0.9354,0.0,0,0.0,0.039099,24.5763,56.040899653979245,0,0.0,0.0,0.0,0.0093,0.1743,stable,stable,1.0,-2.7875,-1.9854,-4.5297,3.4223,0.0028,0,Vegetation-loss zone
2893,13.0915,77.4125,0.4045,0.5489,0.137,0.162,0.1444,-0.4119,-0.1054999999999999,0.3634666666666666,0.208993309302794,-0.5563,0.575,0.0,0,0.0,0.040381,23.7641,56.040899653979245,0,0.0,0.0,0.0,0.0,0.0874,stable,stable,1.0,-2.786,-2.0394,-5.3426,3.4527,0.0029,0,Vegetation-loss zone
2894,13.0915,77.4215,0.4589,0.5766,-0.0694,0.0013999999999999,0.1177,-0.646,-0.5269,0.3220333333333333,0.3440615691025857,-0.7637,1.0684,0.0,0,0.0,0.041728,22.9645,56.040899653979245,0,0.0,0.0,0.0,0.0,0.295,stable,stable,0.9,-2.7853,-2.09,-6.1302,3.4822,0.0029,0,Vegetation-loss zone
2895,13.0915,77.4305,0.4255,0.5374,0.0992,-0.1097,0.1119,-0.4382,-0.436,0.3540333333333333,0.2276739408305951,-0.5501,0.6431,0.0,0,0.0,0.043143,22.1787,56.040899653979245,0,0.0,0.0,0.0,0.0329,0.2315,stable,stable,1.0,-2.7838,-2.1407,-6.9117,3.5117,0.0029,0,Vegetation-loss zone
2948,13.1005,77.3045,0.6256,0.5541,0.21565,0.4912000000000001,-0.0715,-0.1794999999999999,,0.58985,0.0505581348548381,-0.2865999999999999,0.0857,0.0,0,0.0,0.028191,34.4725,56.040899653979245,0,0.0,0.0,0.0,0.0214,0.011,stable,stable,1.0,-2.8007,-1.3497,5.2746,3.109,0.0024,0,Vegetation-loss zone
2949,13.1005,77.3135,0.1185,0.1598,0.21565,-0.0185,0.0413,-0.1794999999999999,,0.13915,0.0292035100630044,-0.2865999999999999,0.2099,0.0,0,0.0,0.02891,33.5897,56.040899653979245,0,0.0,0.0,0.0,0.0055,0.0186,stable,stable,1.0,-2.7992,-1.4047,4.4084,3.1319,0.0025,0,Vegetation-loss zone
2950,13.1005,77.3225,0.2449,0.595,0.2568,-0.073,0.3500999999999999,-0.3382,-0.0611,0.3655666666666666,0.198784162682376,-0.6882999999999999,0.5438,0.0,0,0.0,0.029663,32.712,56.040899653979245,0,1.0,1.0,1.0,0.0219,0.0646,stable,stable,1.0,-1.6385,-1.4047,3.4494,2.1582,0.0012,0,Vegetation-loss zone
2951,13.1005,77.3315,0.2676,0.1712,-0.0252,0.0268,-0.0964,-0.1964,-0.266,0.1378666666666666,0.1492189442843412,-0.0999999999999999,1.0823,0.0,0,0.0,0.030451,31.8399,56.040899653979245,0,0.0,0.0,0.0,0.0289,0.1834,stable,stable,0.97,-2.7971,-1.5185,2.6745,3.1827,0.0025,0,Vegetation-loss zone
2952,13.1005,77.3405,0.5014,0.7048,-0.0301,0.3936999999999999,0.2034,-0.7349,-0.1378,0.3920333333333333,0.3794605425249552,-0.9383,0.9679,0.0,0,0.0,0.031276,30.9738,56.040899653979245,0,0.0,0.0,0.0,0.0,0.1227,stable,stable,0.93,-2.7967,-1.5739,1.8124,3.2092,0.0026,0,Vegetation-loss zone
2953,13.1005,77.3495,0.1245,0.1898,0.169,0.0025,0.0653,-0.0207999999999999,0.047,0.1611,0.0333591067026681,-0.0860999999999999,0.2071,0.0,0,0.0,0.03214,30.1141,56.040899653979245,0,0.0,0.0,0.0,0.0,0.0191,stable,stable,1.0,-2.7942,-1.6296,0.9584,3.2347,0.0026,0,Vegetation-loss zone
2954,13.1005,77.3585,0.3827,0.4466,0.3134,0.1987,0.0639,-0.1331999999999999,0.1294,0.3809,0.0666182407453093,-0.1970999999999999,0.1749,0.0,0,0.0,0.033045,29.2616,56.040899653979245,0,0.0,0.0,0.0,0.0,0.0174,stable,stable,1.0,-2.7933,-1.6854,0.1083,3.2623,0.0026,0,Vegetation-loss zone
2955,13.1005,77.3675,0.0113,0.4112,0.2651,-0.3914,0.3999,-0.1461,-0.1376,0.2292,0.2023526871578433,-0.546,0.8829,0.0,0,0.0,0.033994,28.4169,56.040899653979245,0,0.0,0.0,0.0,0.1174,0.1181,stable,stable,0.995,-2.7925,-1.7368,-0.7145,3.2885,0.0027,0,Vegetation-loss zone
2956,13.1005,77.3765,0.3022,0.0692,0.1895,-0.0749999999999999,-0.233,0.1203,-0.1876999999999999,0.1869666666666666,0.1165206562517279,0.3533,0.6232,0.0,0,0.0,0.034989,27.5806,56.040899653979245,0,0.0,0.0,0.0,0.0924,0.1238,stable,stable,0.99,-2.7905,-1.7942,-1.5558,3.3176,0.0027,0,Vegetation-loss zone
2957,13.1005,77.3855,0.6812,0.659,0.3004,0.1066,-0.0221999999999999,-0.3586,-0.2742,0.5468666666666667,0.2137348201237536,-0.3364000000000001,0.3908,0.0,0,0.0,0.036031,26.7535,56.040899653979245,0,0.0,0.0,0.0,0.0067,0.1466,stable,stable,1.0,-2.7901,-1.8468,-2.3791,3.3459,0.0027,0,Vegetation-loss zone
2958,13.1005,77.3945,0.2457,0.2957,0.2575,-0.2336,0.05,-0.0382,-0.2218,0.2663,0.0261357992033915,-0.0882,0.0981,0.0,0,0.0,0.037124,25.9365,56.040899653979245,0,0.0,0.0,0.0,0.0701,0.1072,stable,stable,1.0,-2.7884,-1.8984,-3.1852,3.3733,0.0028,0,Vegetation-loss zone
2959,13.1005,77.4035,0.1296,0.1625,0.057,-0.425,0.0329,-0.1055,-0.4976,0.1163666666666666,0.0539805829288025,-0.1384,0.4639,0.0,0,0.0,0.038269,25.1307,56.040899653979245,0,0.0,0.0,0.0,0.1275,0.2457,stable,stable,0.9995,-2.7873,-1.9495,-3.9789,3.4014,0.0028,0,Vegetation-loss zone
2960,13.1005,77.4125,0.1319,0.1346,0.1286,-0.32,0.0027,-0.006,-0.3233,0.1316999999999999,0.0030049958402633,-0.0087,0.0228,0.0,0,0.0,0.039468,24.3371,56.040899653979245,0,34.0,20.0,1.7,0.096,0.146,stable,stable,1.0,33.9818,-1.5976,-6.2463,34.0193,0.0415,0,Vegetation-loss zone
2961,13.1005,77.4215,0.1744,0.2551,0.21565,-0.2928,0.0807,-0.1794999999999999,,0.21475,0.0570635172417543,-0.2865999999999999,0.2657,0.0,0,0.0,0.040722,23.557,56.040899653979245,0,0.0,0.0,0.0,0.0878,0.0244,stable,stable,1.0,-2.7852,-2.0519,-5.5447,3.4594,0.0029,0,Vegetation-loss zone
2962,13.1005,77.4305,0.4441,0.4477,0.1519,-0.0834999999999999,0.0035999999999999,-0.2957999999999999,-0.3756999999999999,0.3478999999999999,0.1697505228268826,-0.2993999999999998,0.4879,0.0,0,0.0,0.042031,22.7917,56.040899653979245,0,0.0,0.0,0.0,0.025,0.1965,stable,stable,0.995,-2.7844,-2.1018,-6.306,3.4886,0.0029,0,Vegetation-loss zone
3015,13.1095,77.3045,0.6738,0.6641,0.028,0.4440999999999999,-0.0096999999999999,-0.6361,-0.2017,0.4553,0.370084436311499,-0.6264000000000001,0.8128,0.0,0,0.0,0.027857,34.898,56.040899653979245,0,0.0,0.0,0.0,0.0029,0.1396,stable,stable,0.96,-2.802,-1.3215,5.7025,3.098,0.0024,0,Vegetation-loss zone
3016,13.1095,77.3135,0.1478,0.3491,-0.0081,-0.0931,0.2013,-0.3572,-0.249,0.1629333333333333,0.1790802148014496,-0.5585,1.0991,0.0,0,0.0,0.02855,34.0263,56.040899653979245,0,0.0,0.0,0.0,0.0279,0.1769,stable,stable,0.965,-2.8005,-1.3757,4.8488,3.1201,0.0025,0,Vegetation-loss zone
3017,13.1095,77.3225,0.1165,0.0464,-0.0168,-0.1035999999999999,-0.0701,-0.0631999999999999,-0.2369,0.0486999999999999,0.0666797570481476,0.0069000000000001,1.3692,0.0,0,0.0,0.029274,33.1602,56.040899653979245,0,0.0,0.0,0.0,0.0521,0.1881,stable,stable,0.99,-2.7989,-1.4331,3.9881,3.1444,0.0025,0,Vegetation-loss zone
3018,13.1095,77.3315,0.16,0.2296,0.2255,-0.1851,0.0696,-0.0040999999999999,-0.1196,0.2050333333333333,0.0390538517093171,-0.0736999999999998,0.1905,0.0,0,0.0,0.03003,32.3002,56.040899653979245,0,0.0,0.0,0.0,0.0555,0.0682,stable,stable,1.0,-2.7973,-1.4877,3.13,3.1683,0.0025,0,Vegetation-loss zone
3019,13.1095,77.3405,0.0463,0.0315,0.0484,-0.0425,-0.0148,0.0169,-0.0404,0.0420666666666666,0.0092110440957219,0.0317,0.219,0.0,0,0.0,0.03082,31.4468,56.040899653979245,0,0.0,0.0,0.0,0.0172,0.0366,stable,stable,1.0,-2.7959,-1.5436,2.2818,3.1937,0.0025,0,Vegetation-loss zone
3020,13.1095,77.3495,0.2267,0.1154,0.2587,0.1493,-0.1113,0.1432999999999999,0.1813,0.2002666666666666,0.0752181050900202,0.2545999999999999,0.3756,0.0,0,0.0,0.031645,30.6006,56.040899653979245,0,0.0,0.0,0.0,0.0334,0.0291,stable,stable,1.0,-2.7948,-1.5999,1.4374,3.2203,0.0026,0,Vegetation-loss zone
3021,13.1095,77.3585,0.1452,0.1031,0.173,-0.1227,-0.0421,0.0698999999999999,-0.0949,0.1404333333333333,0.0351929443686278,0.1119999999999999,0.2506,0.0,0,0.0,0.032508,29.7621,56.040899653979245,0,0.0,0.0,0.0,0.0494,0.0619,stable,stable,1.0,-2.7936,-1.6524,0.61,3.2456,0.0026,0,Vegetation-loss zone
3022,13.1095,77.3675,0.1187,-0.1706,0.236,-0.1425999999999999,-0.2893,0.4065999999999999,-0.0252999999999999,0.0613666666666666,0.2092754723643775,0.6959,3.4102,0.0,0,0.0,0.033409,28.932,56.040899653979245,0,0.0,0.0,0.0,0.1296,0.222,stable,stable,0.82,-2.7934,-1.7088,-0.2023,3.2746,0.0026,0,Vegetation-loss zone
3023,13.1095,77.3765,0.3686,0.8074,0.491,0.1114,0.4388,-0.3164,0.2338,0.5556666666666666,0.2264347440949231,-0.7552000000000001,0.4075,0.0,0,0.0,0.034351,28.1111,56.040899653979245,0,0.0,0.0,0.0,0.0,0.0316,stable,stable,1.0,-2.7923,-1.7582,-1.0288,3.2997,0.0027,0,Vegetation-loss zone
3024,13.1095,77.3855,0.2461,0.2769,0.2641,-0.3075,0.0307999999999999,-0.0127999999999999,-0.2895,0.2623666666666667,0.0154729872142819,-0.0435999999999998,0.059,0.0,0,0.0,0.035336,27.3001,56.040899653979245,0,0.0,0.0,0.0,0.0922,0.1331,stable,stable,1.0,-2.7902,-1.8101,-1.8313,3.3259,0.0027,0,Vegetation-loss zone
3025,13.1095,77.3945,0.5451,0.662,0.1394,0.0663,0.1169,-0.5226000000000001,-0.3394,0.4488333333333333,0.2742774933043784,-0.6395000000000001,0.6111,0.0,0,0.0,0.036364,26.5001,56.040899653979245,0,0.0,0.0,0.0,0.0,0.1874,stable,stable,1.0,-2.79,-1.8622,-2.6263,3.3544,0.0027,0,Vegetation-loss zone
3026,13.1095,77.4035,0.3036,0.8006,0.4274,-0.3003,0.497,-0.3732,-0.1765,0.5105333333333334,0.2587191785185886,-0.8702,0.5068,0.0,0,0.0,0.037436,25.712,56.040899653979245,0,0.0,0.0,0.0,0.0901,0.1127,stable,stable,1.0,-2.789,-1.911,-3.4021,3.3809,0.0028,0,Vegetation-loss zone
3027,13.1095,77.4125,0.3943,0.2065,0.1904,-0.1200999999999999,-0.1878,-0.0160999999999999,-0.3239999999999999,0.2637333333333333,0.1133602370028103,0.1717000000000001,0.4298,0.0,0,0.0,0.038555,24.937,56.040899653979245,0,0.0,0.0,0.0,0.0924,0.1705,stable,stable,1.0,-2.7869,-1.9642,-4.1789,3.4096,0.0028,0,Vegetation-loss zone
3028,13.1095,77.4215,0.0765,0.0636,0.0177,-0.602,-0.0128999999999999,-0.0459,-0.6607999999999999,0.0526,0.0309048539876829,-0.0330000000000001,0.5875,0.0,0,0.0,0.03972,24.1762,56.040899653979245,0,0.0,0.0,0.0,0.1845,0.3223,stable,stable,0.905,-2.7859,-2.0107,-4.9231,3.4357,0.0028,0,Vegetation-loss zone
3029,13.1095,77.4305,0.165,0.2267,0.1024,-0.5738,0.0617,-0.1243,-0.6364,0.1647,0.0621505430386573,-0.186,0.3774,0.0,0,0.0,0.040931,23.4312,56.040899653979245,0,0.0,0.0,0.0,0.1721,0.2997,stable,stable,1.0,-2.7849,-2.0585,-5.6637,3.4631,0.0029,0,Vegetation-loss zone
3082,13.1185,77.3045,0.0764,0.1381,0.1582,-0.1653,0.0617,0.0201,-0.0834999999999999,0.1242333333333333,0.0426265566675673,-0.0416,0.3431,0.0,0,0.0,0.027513,35.3465,56.040899653979245,0,0.0,0.0,0.0,0.0496,0.0615,stable,stable,1.0,-2.8015,-1.2912,6.1538,3.0848,0.0024,0,Vegetation-loss zone
3083,13.1185,77.3135,0.3485,0.1159,0.1378,0.1168999999999999,-0.2325999999999999,0.0219,-0.0938,0.2007333333333333,0.1284373128546892,0.2544999999999999,0.6398,0.0,0,0.0,0.02818,34.4862,56.040899653979245,0,0.0,0.0,0.0,0.0698,0.0838,stable,stable,0.995,-2.8003,-1.3488,5.2947,3.1083,0.0024,0,Vegetation-loss zone
3084,13.1185,77.3225,0.0481,0.2823,0.2744,-0.1741,0.2342,-0.0079,0.0521999999999999,0.2016,0.132993571273201,-0.2420999999999999,0.6597,0.0,0,0.0,0.028875,33.6321,56.040899653979245,0,0.0,0.0,0.0,0.0522,0.0456,stable,stable,1.0,-2.7995,-1.4016,4.4549,3.1308,0.0025,0,Vegetation-loss zone
3085,13.1185,77.3315,0.37,0.3461,0.0928,0.0747999999999999,-0.0238999999999999,-0.2533,-0.2024,0.2696333333333333,0.153607692949713,-0.2294000000000001,0.5697,0.0,0,0.0,0.029599,32.7846,56.040899653979245,0,0.0,0.0,0.0,0.0072,0.1257,stable,stable,1.0,-2.7983,-1.4573,3.6087,3.1551,0.0025,0,Vegetation-loss zone
3086,13.1185,77.3405,0.1616,0.1938,0.2105,-0.1543,0.0322,0.0166999999999999,-0.1054,0.1886333333333333,0.024856052247558,-0.0155000000000001,0.1318,0.0,0,0.0,0.030354,31.9442,56.040899653979245,0,0.0,0.0,0.0,0.0463,0.0587,stable,stable,1.0,-2.7967,-1.511,2.7757,3.1788,0.0025,0,Vegetation-loss zone
3087,13.1185,77.3495,0.2949,0.087,0.2095,0.0025999999999999,-0.2079,0.1225,-0.0828,0.1971333333333333,0.1045002551831015,0.3304,0.5301,0.0,0,0.0,0.031141,31.1115,56.040899653979245,0,0.0,0.0,0.0,0.0624,0.0732,stable,stable,0.995,-2.7955,-1.5665,1.9466,3.2045,0.0026,0,Vegetation-loss zone
3088,13.1185,77.3585,0.0112,0.227,0.1154,-0.3706,0.2158,-0.1116,-0.2663999999999999,0.1178666666666666,0.1079211440512624,-0.3274,0.9156,0.0,0,0.0,0.031962,30.2872,56.040899653979245,0,0.0,0.0,0.0,0.1112,0.1739,stable,stable,1.0,-2.7949,-1.6165,1.1407,3.2287,0.0026,0,Vegetation-loss zone
3089,13.1185,77.3675,0.2192,0.2455,0.1948,-0.3677999999999999,0.0262999999999999,-0.0506999999999999,-0.3922,0.2198333333333333,0.0253559329020514,-0.0769999999999997,0.1153,0.0,0,0.0,0.032817,29.472,56.040899653979245,0,0.0,0.0,0.0,0.1103,0.1792,stable,stable,0.99,-2.7933,-1.6695,0.3256,3.2542,0.0026,0,Vegetation-loss zone
3090,13.1185,77.3765,0.3404,0.6151,0.119,-0.2577,0.2747,-0.4961,-0.4790999999999999,0.3581666666666667,0.2485267457102622,-0.7707999999999999,0.6939,0.0,0,0.0,0.033708,28.6666,56.040899653979245,0,10.0,7.0,1.4286,0.0773,0.2508,stable,stable,1.0,8.2124,-1.4888,-1.0285,8.3462,0.0091,0,Vegetation-loss zone
3091,13.1185,77.3855,0.0233,0.1165,0.311,-0.4615,0.0932,0.1945,-0.1738,0.1502666666666666,0.146792245480929,0.1013,0.9769,0.0,0,0.0,0.034636,27.8719,56.040899653979245,0,0.0,0.0,0.0,0.1384,0.1391,stable,stable,1.0,-2.7912,-1.7734,-1.2574,3.3069,0.0027,0,Vegetation-loss zone
3092,13.1185,77.3945,0.4316,0.3262,0.174,0.0237,-0.1054,-0.1522,-0.2339,0.3106,0.1295066021483074,-0.0468,0.417,0.0,0,0.0,0.035601,27.0888,56.040899653979245,0,0.0,0.0,0.0,0.0316,0.1311,stable,stable,1.0,-2.7902,-1.8254,-2.0448,3.3342,0.0027,0,Vegetation-loss zone
3093,13.1185,77.4035,0.6878,0.6535,0.4062,0.0626999999999999,-0.0343,-0.2472999999999999,-0.2188999999999999,0.5825,0.153640456911583,-0.2129999999999999,0.2638,0.0,0,0.0,0.036605,26.3184,56.040899653979245,0,0.0,0.0,0.0,0.0103,0.1158,stable,stable,1.0,-2.7894,-1.875,-2.8118,3.361,0.0028,0,Vegetation-loss zone
3094,13.1185,77.4125,0.4497,0.5963,0.4297,-0.3152,0.1466,-0.1666,-0.3352,0.4919,0.0909643886364329,-0.3132,0.1849,0.0,0,0.0,0.037648,25.5618,56.040899653979245,0,0.0,0.0,0.0,0.0946,0.1604,stable,stable,1.0,-2.7882,-1.9219,-3.5559,3.3864,0.0028,0,Vegetation-loss zone
3095,13.1185,77.4215,0.2129,0.3465,0.1589,-0.4777,0.1335999999999999,-0.1875999999999999,-0.5317,0.2394333333333333,0.0965735643607158,-0.3211999999999998,0.4033,0.0,0,0.0,0.038729,24.8203,56.040899653979245,0,0.0,0.0,0.0,0.1433,0.2566,stable,stable,1.0,-2.7871,-1.9689,-4.2863,3.4124,0.0028,0,Vegetation-loss zone
3096,13.1185,77.4305,0.4733,0.4022,0.2715,-0.293,-0.0711,-0.1306999999999999,-0.4947999999999999,0.3823333333333333,0.102356354630933,-0.0595999999999999,0.2677,0.0,0,0.0,0.039848,24.0952,56.040899653979245,0,0.0,0.0,0.0,0.1092,0.2331,stable,stable,1.0,-2.7859,-2.0173,-5.0121,3.4396,0.0029,0,Vegetation-loss zone
3149,13.1275,77.3045,0.1521,0.2673,0.0697,-0.2267,0.1151999999999999,-0.1976,-0.3091,0.1630333333333333,0.0992526741873151,-0.3127999999999999,0.6088,0.0,0,0.0,0.027161,35.8174,56.040899653979245,0,0.0,0.0,0.0,0.068,0.1726,stable,stable,1.0,-2.8026,-1.2599,6.6244,3.0727,0.0024,0,Vegetation-loss zone
3150,13.1275,77.3135,0.0067,0.1008,0.112,-0.4541,0.0941,0.0112,-0.3488,0.0731666666666666,0.0578335830926403,-0.0829,0.7904,0.0,0,0.0,0.027802,34.9687,56.040899653979245,0,95.0,37.0,2.5676,0.1362,0.2003,stable,stable,0.995,96.8796,-2.0478,3.7231,96.9012,0.121,3,Vegetation-loss zone
3151,13.1275,77.3225,0.0149,0.3444,0.2826,-0.4125,0.3294999999999999,-0.0617999999999999,-0.1447999999999999,0.2139666666666666,0.1751441216065596,-0.3912999999999998,0.8186,0.0,0,0.0,0.028468,34.1267,56.040899653979245,0,0.0,0.0,0.0,0.1237,0.1161,stable,stable,1.0,-2.8004,-1.3683,4.9507,3.1168,0.0024,0,Vegetation-loss zone
3152,13.1275,77.3315,-0.0128,0.5331,0.2958,-0.7023,0.5459,-0.2373,-0.3937,0.2720333333333333,0.2737249410143937,-0.7832000000000001,1.0062,0.0,0,0.0,0.029161,33.2918,56.040899653979245,0,0.0,0.0,0.0,0.2107,0.2325,stable,stable,0.995,-2.7996,-1.4201,4.1293,3.1392,0.0025,0,Vegetation-loss zone
3153,13.1275,77.3405,0.2576,0.3431,0.3126,-0.2829,0.0907,-0.0305,-0.1886999999999999,0.32785,0.0215667568261897,-0.2865999999999999,0.0658,0.0,0,0.0,0.029882,32.4646,56.040899653979245,0,0.0,0.0,0.0,0.0,0.0898,stable,stable,1.0,-2.7976,-1.4764,3.2937,3.1633,0.0025,0,Vegetation-loss zone
3154,13.1275,77.3495,0.3634,0.4344,0.2063,-0.2513,0.071,-0.2281,-0.4084,0.3347,0.1167269034970087,-0.2991,0.3487,0.0,0,0.0,0.030632,31.6457,56.040899653979245,0,0.0,0.0,0.0,0.0754,0.1996,stable,stable,1.0,-2.7967,-1.5293,2.4823,3.1875,0.0025,0,Vegetation-loss zone
3155,13.1275,77.3585,0.0201,0.2883,0.2292,-0.4912999999999999,0.2682,-0.0591,-0.2822,0.1792,0.140917741963175,-0.3273,0.7864,0.0,0,0.0,0.031411,30.8358,56.040899653979245,0,0.0,0.0,0.0,0.1474,0.1727,stable,stable,1.0,-2.7956,-1.5806,1.6859,3.2115,0.0026,0,Vegetation-loss zone
3156,13.1275,77.3675,0.0205,0.3355,0.1165,-0.4395,0.315,-0.219,-0.3435,0.1575,0.1614527794743714,-0.534,1.0251,0.0,0,0.0,0.032221,30.0355,56.040899653979245,0,0.0,0.0,0.0,0.1318,0.2131,stable,stable,0.995,-2.7948,-1.632,0.8934,3.2364,0.0026,0,Vegetation-loss zone
3157,13.1275,77.3765,0.0837,0.185,0.0897,-0.6008,0.1013,-0.0953,-0.5948,0.1194666666666666,0.0568327663705835,-0.1966,0.4757,0.0,0,0.0,0.033063,29.2457,56.040899653979245,0,0.0,0.0,0.0,0.1802,0.2864,stable,stable,0.985,-2.7931,-1.6829,0.1076,3.2609,0.0026,0,Vegetation-loss zone
3158,13.1275,77.3855,0.1075,0.1792,0.0864,-0.2973,0.0717,-0.0928,-0.3184,0.1243666666666666,0.0486448695479115,-0.1644999999999999,0.3911,0.0,0,0.0,0.033936,28.4672,56.040899653979245,0,0.0,0.0,0.0,0.0892,0.1649,stable,stable,0.9895,-2.792,-1.7345,-0.67,3.2869,0.0027,0,Vegetation-loss zone
3159,13.1275,77.3945,0.4209,0.45,0.186,-0.0005999999999999,0.0291,-0.264,-0.2355,0.3523,0.1447531346810838,-0.2931,0.4109,0.0,0,0.0,0.034842,27.701,56.040899653979245,0,0.0,0.0,0.0,0.0002,0.1313,stable,stable,1.0,-2.7912,-1.7851,-1.4358,3.3133,0.0027,0,Vegetation-loss zone
3160,13.1275,77.4035,0.5215,0.7303,0.464,0.1818999999999999,0.2087999999999999,-0.2662999999999999,0.1244,0.5719333333333333,0.1401305224900461,-0.4750999999999998,0.245,0.0,0,0.0,0.03578,26.9482,56.040899653979245,0,0.0,0.0,0.0,0.0,0.0222,stable,stable,1.0,-2.7904,-1.8342,-2.1866,3.3393,0.0027,0,Vegetation-loss zone
3161,13.1275,77.4125,0.173,0.8099,0.3454,-0.0491,0.6369,-0.4644999999999999,0.1232999999999999,0.4427666666666666,0.3294246550174005,-1.1014,0.744,0.0,0,0.0,0.036751,26.2098,56.040899653979245,0,0.0,0.0,0.0,0.0147,0.0523,stable,stable,1.0,-2.79,-1.8794,-2.9086,3.364,0.0028,0,Vegetation-loss zone
3162,13.1275,77.4215,0.0998,0.2839,0.1777,-0.5454,0.1840999999999999,-0.1061999999999999,-0.4675,0.1871333333333333,0.0924118138190855,-0.2902999999999998,0.4938,0.0,0,0.0,0.037754,25.4872,56.040899653979245,0,0.0,0.0,0.0,0.1636,0.2347,stable,stable,1.0,-2.788,-1.9257,-3.6227,3.3884,0.0028,0,Vegetation-loss zone
3163,13.1275,77.4305,0.5341,0.7276,0.4628,0.018,0.1935,-0.2648,-0.0533,0.5748333333333333,0.1370188429864058,-0.4583,0.2384,0.0,0,0.0,0.038787,24.7817,56.040899653979245,0,0.0,0.0,0.0,0.0,0.0449,stable,stable,1.0,-2.7874,-1.9734,-4.3344,3.4152,0.0028,0,Vegetation-loss zone
3216,13.1365,77.3045,0.0675,0.1429,0.1584,-0.5119,0.0754,0.0155,-0.421,0.1229333333333333,0.0486282154035425,-0.0598999999999999,0.3956,0.0,0,0.0,0.026803,36.3096,56.040899653979245,0,0.0,0.0,0.0,0.1536,0.2069,stable,stable,1.0,-2.8029,-1.2275,7.115,3.0599,0.0024,0,Vegetation-loss zone
3217,13.1365,77.3135,0.0588,0.13,0.1171,-0.4763,0.0712,-0.0129,-0.418,0.1019666666666666,0.0379357790658546,-0.0841,0.372,0.0,0,0.0,0.027418,35.4728,56.040899653979245,0,0.0,0.0,0.0,0.1429,0.2044,stable,stable,1.0,-2.8017,-1.2816,6.2843,3.0809,0.0024,0,Vegetation-loss zone
3218,13.1365,77.3225,0.0307,0.2783,0.1626,-0.4523999999999999,0.2476,-0.1157,-0.3205,0.1572,0.1238882964609651,-0.3632999999999999,0.7881,0.0,0,0.0,0.028056,34.6431,56.040899653979245,0,0.0,0.0,0.0,0.1357,0.1883,stable,stable,1.0,-2.801,-1.3348,5.4638,3.1028,0.0024,0,Vegetation-loss zone
3219,13.1365,77.3315,0.1193,0.2318,0.1962,-0.4906999999999999,0.1125,-0.0355999999999999,-0.4137999999999999,0.1824333333333333,0.0574995942014666,-0.1480999999999999,0.3152,0.0,0,0.0,0.028718,33.821,56.040899653979245,0,0.0,0.0,0.0,0.1472,0.1995,stable,stable,1.0,-2.7995,-1.388,4.6448,3.1247,0.0025,0,Vegetation-loss zone
3220,13.1365,77.3405,0.1143,0.1982,0.1107,-0.5339,0.0838999999999999,-0.0874999999999999,-0.5375,0.1410666666666666,0.0495116484610776,-0.1713999999999998,0.351,0.0,0,0.0,0.029406,33.0071,56.040899653979245,0,0.0,0.0,0.0,0.1602,0.2539,stable,stable,0.995,-2.7983,-1.4403,3.8384,3.1472,0.0025,0,Vegetation-loss zone
3221,13.1365,77.3495,0.0413,0.5954,0.3235,-0.63,0.5541,-0.2719,-0.3478,0.3200666666666666,0.2770659548434873,-0.8260000000000001,0.8656,0.0,0,0.0,0.030119,32.2021,56.040899653979245,0,0.0,0.0,0.0,0.189,0.2049,stable,stable,1.0,-2.7981,-1.4907,3.0462,3.1704,0.0025,0,Vegetation-loss zone
3222,13.1365,77.3585,0.0671,0.0795,0.1811,-0.3293,0.0123999999999999,0.1016,-0.2152999999999999,0.1092333333333333,0.0625464094359806,0.0892000000000001,0.5726,0.0,0,0.0,0.030858,31.4065,56.040899653979245,0,0.0,0.0,0.0,0.0988,0.1316,stable,stable,1.0,-2.796,-1.5454,2.2467,3.1946,0.0025,0,Vegetation-loss zone
3223,13.1365,77.3675,0.4119,0.4401,0.1667,-0.1325,0.0282,-0.2734,-0.3777,0.3395666666666666,0.1503694561183664,-0.3016,0.4428,0.0,0,0.0,0.031624,30.6212,56.040899653979245,0,0.0,0.0,0.0,0.0398,0.1925,stable,stable,1.0,-2.7953,-1.5959,1.4642,3.2188,0.0026,0,Vegetation-loss zone
3224,13.1365,77.3765,0.1442,0.3727,0.2691,-0.2454,0.2284999999999999,-0.1035999999999999,-0.1205,0.2619999999999999,0.1144153398806296,-0.3320999999999998,0.4367,0.0,0,0.0,0.032418,29.847,56.040899653979245,0,0.0,0.0,0.0,0.0736,0.0838,stable,stable,1.0,-2.7942,-1.6454,0.6988,3.2427,0.0026,0,Vegetation-loss zone
3225,13.1365,77.3855,0.4135,0.4562,0.1128,0.0077999999999999,0.0427,-0.3434,-0.2929,0.3274999999999999,0.1871573936557142,-0.3861,0.5715,0.0,0,0.0,0.03324,29.0846,56.040899653979245,0,0.0,0.0,0.0,0.0,0.1648,stable,stable,1.0,-2.7933,-1.6956,-0.0615,3.2677,0.0026,0,Vegetation-loss zone
3226,13.1365,77.3945,0.3882,0.122,0.2787,-0.2005,-0.2662,0.1567,-0.31,0.2629666666666666,0.1337956028176312,0.4229,0.5088,0.0,0,0.0,0.034089,28.3352,56.040899653979245,0,0.0,0.0,0.0,0.14,0.1684,stable,stable,1.0,-2.7915,-1.7452,-0.8067,3.2922,0.0027,0,Vegetation-loss zone
3227,13.1365,77.4035,0.4304,0.0806,0.2502,-0.4044999999999999,-0.3498,0.1695999999999999,-0.5847,0.2537333333333333,0.1749267656287434,0.5193999999999999,0.6894,0.0,0,0.0,0.034965,27.5997,56.040899653979245,0,0.0,0.0,0.0,0.2263,0.2953,stable,stable,0.91,-2.7905,-1.7921,-1.5333,3.3164,0.0027,0,Vegetation-loss zone
3228,13.1365,77.4125,0.1753,0.4011,0.088,-0.5911,0.2258,-0.3131,-0.6784,0.2214666666666666,0.1615748227086551,-0.5388999999999999,0.7296,0.0,0,0.0,0.035869,26.8793,56.040899653979245,0,0.0,0.0,0.0,0.1773,0.3374,at_risk,at_risk,0.7605,-2.7903,-1.835,-2.2384,3.3396,0.0027,0,Vegetation-loss zone
3229,13.1365,77.4215,0.3676,0.5368,0.3671,-0.2627,0.1692,-0.1697,-0.2632,0.4238333333333333,0.0978323225387874,-0.3389,0.2308,0.0,0,0.0,0.036798,26.1753,56.040899653979245,0,0.0,0.0,0.0,0.0788,0.1326,stable,stable,1.0,-2.7891,-1.8824,-2.9469,3.3649,0.0028,0,Vegetation-loss zone
3230,13.1365,77.4305,0.0539,0.3802,0.1347,-0.6729,0.3263,-0.2455,-0.5921000000000001,0.1896,0.169936546981513,-0.5718,0.8963,0.0,0,0.0,0.037752,25.4889,56.040899653979245,0,0.0,0.0,0.0,0.2019,0.3114,stable,stable,0.97,-2.7884,-1.9245,-3.6156,3.388,0.0028,0,Vegetation-loss zone
3283,13.1455,77.3045,0.2554,0.1024,0.0981,-0.4672,-0.153,-0.0042999999999999,-0.6245,0.1519666666666666,0.0896016926923444,0.1487000000000001,0.5896,0.0,0,0.0,0.026439,36.8223,56.040899653979245,0,0.0,0.0,0.0,0.1861,0.3043,stable,stable,0.92,-2.8036,-1.1951,7.6222,3.0477,0.0024,0,Vegetation-loss zone
3284,13.1455,77.3135,0.3296,0.2862,0.2078,-0.2806999999999999,-0.0433999999999999,-0.0784,-0.4024999999999999,0.2745333333333333,0.061732433398768,-0.0350000000000001,0.2249,0.0,0,0.0,0.027029,35.9975,56.040899653979245,0,0.0,0.0,0.0,0.0972,0.1889,stable,stable,1.0,-2.8025,-1.2487,6.7995,3.0681,0.0024,0,Vegetation-loss zone
3285,13.1455,77.3225,0.1817,0.1655,0.2401,-0.3994,-0.0161999999999999,0.0746,-0.3409999999999999,0.1957666666666666,0.0392389262510244,0.0907999999999999,0.2004,0.0,0,0.0,0.027639,35.1802,56.040899653979245,0,0.0,0.0,0.0,0.1247,0.1617,stable,stable,1.0,-2.8012,-1.3013,5.9901,3.0887,0.0024,0,Vegetation-loss zone
3286,13.1455,77.3315,0.3047,0.3679,0.1129,0.0322,0.0631999999999999,-0.255,-0.1596,0.2618333333333333,0.132794628405419,-0.3181999999999999,0.5072,0.0,0,0.0,0.028272,34.371,56.040899653979245,0,0.0,0.0,0.0,0.0,0.1036,stable,stable,0.995,-2.8006,-1.3544,5.184,3.1109,0.0024,0,Vegetation-loss zone
3287,13.1455,77.3405,0.3877,0.3653,0.1432,-0.0817999999999999,-0.0223999999999999,-0.2221,-0.3263,0.2987333333333333,0.1351606574907555,-0.1997000000000001,0.4524,0.0,0,0.0,0.028926,33.5706,56.040899653979245,0,0.0,0.0,0.0,0.0313,0.1708,stable,stable,1.0,-2.7994,-1.4059,4.39,3.1326,0.0025,0,Vegetation-loss zone
3288,13.1455,77.3495,0.1647,0.6632,0.1545,-0.6093,0.4985,-0.5087,-0.6195,0.3274666666666667,0.2907983207195896,-1.0072,0.888,0.0,0,0.0,0.029604,32.7794,56.040899653979245,0,0.0,0.0,0.0,0.1828,0.3208,stable,stable,0.985,-2.7991,-1.4529,3.6197,3.1537,0.0025,0,Vegetation-loss zone
3289,13.1455,77.3585,0.146,0.1871,0.3069,-0.0319,0.0411,0.1198,0.129,0.2133333333333333,0.0835963117208728,0.0787,0.3919,0.0,0,0.0,0.030305,31.9983,56.040899653979245,0,0.0,0.0,0.0,0.0096,0.0298,stable,stable,1.0,-2.7969,-1.5084,2.8281,3.1777,0.0025,0,Vegetation-loss zone
3290,13.1455,77.3675,0.2113,0.0778,0.0708,-0.4146,-0.1335,-0.0069999999999999,-0.5551,0.1199666666666666,0.0791743855886064,0.1265000000000001,0.66,0.0,0,0.0,0.031029,31.2279,56.040899653979245,0,0.0,0.0,0.0,0.1644,0.2802,stable,stable,1.0,-2.7958,-1.5566,2.0706,3.1999,0.0026,0,Vegetation-loss zone
3291,13.1455,77.3765,0.1115,0.2568,0.0856,-0.0032999999999999,0.1452999999999999,-0.1711999999999999,-0.0292,0.1513,0.0922788708210064,-0.3164999999999998,0.6099,0.0,0,0.0,0.031777,30.4692,56.040899653979245,0,0.0,0.0,0.0,0.001,0.0555,stable,stable,0.9995,-2.7951,-1.6062,1.3141,3.2237,0.0026,0,Vegetation-loss zone
3292,13.1455,77.3855,0.3499,0.3029,0.2328,-0.2019999999999999,-0.0469999999999999,-0.0701,-0.3190999999999999,0.2952,0.0589285160172899,-0.0231,0.1996,0.0,0,0.0,0.032549,29.7228,56.040899653979245,0,0.0,0.0,0.0,0.0747,0.1534,stable,stable,1.0,-2.7937,-1.6543,0.5714,3.2467,0.0026,0,Vegetation-loss zone
3293,13.1455,77.3945,0.6146,0.5259,0.0263,0.0199,-0.0887,-0.4996,-0.5684,0.3889333333333333,0.317165766332581,-0.4109,0.8155,0.0,0,0.0,0.033344,28.99,56.040899653979245,0,0.0,0.0,0.0,0.0266,0.2956,stable,stable,0.915,-2.7934,-1.7018,-0.155,3.271,0.0026,0,Vegetation-loss zone
3294,13.1455,77.4035,0.4119,0.2308,0.2143,-0.1628,-0.1810999999999999,-0.0165,-0.3604,0.2856666666666667,0.1096321272863631,0.1645999999999999,0.3838,0.0,0,0.0,0.034163,28.2716,56.040899653979245,0,0.0,0.0,0.0,0.1032,0.1822,stable,stable,1.0,-2.7916,-1.7487,-0.8696,3.2941,0.0027,0,Vegetation-loss zone
3295,13.1455,77.4125,0.6659,0.7019,0.4192,-0.1700999999999999,0.0359999999999999,-0.2826999999999999,-0.4167999999999999,0.5956666666666667,0.1538810038092204,-0.3186999999999998,0.2583,0.0,0,0.0,0.035003,27.5688,56.040899653979245,0,0.0,0.0,0.0,0.051,0.1986,stable,stable,1.0,-2.7912,-1.793,-1.5671,3.3175,0.0027,0,Vegetation-loss zone
3296,13.1455,77.4215,0.4192,0.5443,0.2952,-0.1875,0.1251,-0.2491,-0.3115,0.4195666666666667,0.1245504047899216,-0.3742,0.2969,0.0,0,0.0,0.035864,26.8829,56.040899653979245,0,0.0,0.0,0.0,0.0562,0.1567,stable,stable,1.0,-2.7901,-1.837,-2.2454,3.3405,0.0027,0,Vegetation-loss zone
3297,13.1455,77.4305,0.1504,0.1931,0.1621,-0.1672,0.0426999999999999,-0.031,-0.1555,0.1685333333333333,0.0220649797945371,-0.0736999999999999,0.1309,0.0,0,0.0,0.036744,26.2151,56.040899653979245,0,0.0,0.0,0.0,0.0502,0.0811,stable,stable,1.0,-2.7887,-1.8807,-2.9088,3.3636,0.0028,0,Vegetation-loss zone
3350,13.1545,77.3045,0.1123,0.2016,0.0992,-0.6522,0.0893,-0.1024,-0.6653,0.1377,0.0557253084334218,-0.1917,0.4047,0.0,0,0.0,0.026072,37.3547,56.040899653979245,0,0.0,0.0,0.0,0.1957,0.3104,stable,stable,0.97,-2.8044,-1.159,8.1548,3.0345,0.0023,0,Vegetation-loss zone
3351,13.1545,77.3135,0.3151,0.2974,0.1897,-0.3381,-0.0176999999999999,-0.1076999999999999,-0.4635,0.2674,0.0678696544856388,-0.09,0.2538,0.0,0,0.0,0.026637,36.542,56.040899653979245,0,0.0,0.0,0.0,0.1067,0.2163,stable,stable,1.0,-2.8033,-1.2131,7.3412,3.0545,0.0024,0,Vegetation-loss zone
3352,13.1545,77.3225,0.1701,0.1192,0.1092,-0.2063,-0.0509,-0.0099999999999999,-0.2672,0.1328333333333333,0.0326588936330264,0.0409000000000001,0.2459,0.0,0,0.0,0.02722,35.7372,56.040899653979245,0,0.0,0.0,0.0,0.0772,0.1332,stable,stable,1.0,-2.802,-1.2659,6.541,3.0747,0.0024,0,Vegetation-loss zone
3353,13.1545,77.3315,0.4008,0.15,0.5081,0.1124,-0.2508,0.3581,0.2197,0.3529666666666666,0.183779550911774,0.6089,0.5207,0.0,0,0.0,0.027823,34.941,56.040899653979245,0,0.0,0.0,0.0,0.0752,0.037,stable,stable,1.0,-2.8008,-1.3206,5.7424,3.0965,0.0024,0,Vegetation-loss zone
3354,13.1545,77.3405,0.5597,0.5355,0.3269,0.1948999999999999,-0.0242,-0.2085999999999999,-0.0378999999999999,0.4740333333333333,0.12799442696201,-0.1843999999999999,0.27,0.0,0,0.0,0.028446,34.154,56.040899653979245,0,0.0,0.0,0.0,0.0073,0.0381,stable,stable,1.0,-2.8003,-1.3696,4.9627,3.1172,0.0024,0,Vegetation-loss zone
3355,13.1545,77.3495,0.4637,0.5475,0.3228,-0.1826999999999999,0.0837999999999999,-0.2247,-0.3236,0.4446666666666667,0.1135527337114053,-0.3084999999999999,0.2554,0.0,0,0.0,0.029089,33.3767,56.040899653979245,0,0.0,0.0,0.0,0.0548,0.1579,stable,stable,1.0,-2.7992,-1.4178,4.1978,3.1378,0.0025,0,Vegetation-loss zone
3356,13.1545,77.3585,0.1545,0.4373,0.2905,-0.2603,0.2828,-0.1468,-0.1243,0.2941,0.1414343664036432,-0.4296,0.4809,0.0,0,0.0,0.029753,32.6099,56.040899653979245,0,0.0,0.0,0.0,0.0781,0.0875,stable,stable,1.0,-2.7982,-1.4667,3.4413,3.1593,0.0025,0,Vegetation-loss zone
3357,13.1545,77.3675,0.2254,0.4174,0.2763,-0.2491,0.192,-0.1411,-0.1982,0.3063666666666667,0.0994686047621727,-0.3331,0.3247,0.0,0,0.0,0.030437,31.8544,56.040899653979245,0,0.0,0.0,0.0,0.0747,0.1094,stable,stable,1.0,-2.797,-1.5157,2.6899,3.1813,0.0025,0,Vegetation-loss zone
3358,13.1545,77.3765,0.1663,0.3876,0.4734,-0.4731999999999999,0.2213,0.0857999999999999,-0.1660999999999999,0.3424333333333333,0.158453852377698,-0.1355000000000001,0.4627,0.0,0,0.0,0.031142,31.111,56.040899653979245,0,0.0,0.0,0.0,0.142,0.1043,stable,stable,1.0,-2.7959,-1.5635,1.9548,3.2033,0.0026,0,Vegetation-loss zone
3359,13.1545,77.3855,0.1436,0.5635,0.0863,-0.3572,0.4199,-0.4772,-0.4145,0.2644666666666667,0.2605504237826784,-0.8971,0.9852,0.0,0,0.0,0.031867,30.3805,56.040899653979245,0,0.0,0.0,0.0,0.1072,0.2406,stable,stable,0.9995,-2.7956,-1.6092,1.2356,3.2257,0.0026,0,Vegetation-loss zone
3360,13.1545,77.3945,-0.0232,0.3236,0.3672,-0.7921,0.3468,0.0436,-0.4017,0.2225333333333333,0.2139249712710821,-0.3032,0.9613,0.0,0,0.0,0.032612,29.6639,56.040899653979245,0,0.0,0.0,0.0,0.2376,0.2339,stable,stable,0.78,-2.7941,-1.6552,0.5277,3.2476,0.0026,0,Vegetation-loss zone
3361,13.1545,77.4035,0.0518,0.1224,0.0913,-0.6963,0.0706,-0.0310999999999999,-0.6567999999999999,0.0885,0.0353831880983045,-0.1016999999999999,0.3998,0.0,0,0.0,0.033375,28.9623,56.040899653979245,0,0.0,0.0,0.0,0.2089,0.308,stable,stable,0.985,-2.7926,-1.701,-0.1729,3.2698,0.0026,0,Vegetation-loss zone
3362,13.1545,77.4125,0.5869,0.4419,0.2439,-0.1675999999999999,-0.1449999999999999,-0.198,-0.5105999999999999,0.4242333333333333,0.1721811062031294,-0.0530000000000001,0.4059,0.0,0,0.0,0.034157,28.2768,56.040899653979245,0,0.0,0.0,0.0,0.0938,0.2469,stable,stable,1.0,-2.7919,-1.7479,-0.8642,3.2939,0.0027,0,Vegetation-loss zone
3363,13.1545,77.4215,0.1761,0.1734,0.0977,-0.3863,-0.0027,-0.0757,-0.4647,0.1490666666666666,0.0445053180342903,-0.073,0.2986,0.0,0,0.0,0.034955,27.6085,56.040899653979245,0,0.0,0.0,0.0,0.1167,0.2213,stable,stable,1.0,-2.7907,-1.7898,-1.5221,3.3153,0.0027,0,Vegetation-loss zone
3364,13.1545,77.4305,0.4751,0.309,0.0837,-0.0631999999999999,-0.1661,-0.2253,-0.4546,0.2892666666666666,0.1964447589866763,-0.0592,0.6791,0.0,0,0.0,0.035767,26.9587,56.040899653979245,0,0.0,0.0,0.0,0.0688,0.24,stable,stable,1.0,-2.7901,-1.8334,-2.1714,3.3386,0.0027,0,Vegetation-loss zone
3417,13.1635,77.3045,0.1728,0.1359,0.3457,-0.5245,-0.0369,0.2098,-0.3516,0.2181333333333333,0.1120059968632632,0.2466999999999999,0.5135,0.0,0,0.0,0.025703,37.906,56.040899653979245,0,0.0,0.0,0.0,0.1684,0.1845,stable,stable,1.0,-2.805,-1.1253,8.6972,3.0223,0.0023,0,Vegetation-loss zone
3418,13.1635,77.3135,0.3666,0.3379,0.1148,-0.1119,-0.0287,-0.2230999999999999,-0.3636999999999999,0.2730999999999999,0.1378408139848281,-0.1943999999999999,0.5047,0.0,0,0.0,0.026243,37.1054,56.040899653979245,0,0.0,0.0,0.0,0.0422,0.1892,stable,stable,1.0,-2.8043,-1.1776,7.8986,3.0415,0.0024,0,Vegetation-loss zone
3419,13.1635,77.3225,0.4693,0.3312,0.3553,-0.2118,-0.1381,0.0241,-0.3258,0.3852666666666666,0.0737658683493479,0.1622,0.1915,0.0,0,0.0,0.0268,36.3132,56.040899653979245,0,0.0,0.0,0.0,0.105,0.1545,stable,stable,1.0,-2.8029,-1.2292,7.1096,3.0606,0.0024,0,Vegetation-loss zone
3420,13.1635,77.3315,0.1632,0.24,0.1491,-0.4611999999999999,0.0767999999999999,-0.0908999999999999,-0.4752999999999999,0.1841,0.0489214676803548,-0.1676999999999998,0.2657,0.0,0,0.0,0.027375,35.5299,56.040899653979245,0,0.0,0.0,0.0,0.1384,0.2222,stable,stable,1.0,-2.8019,-1.2777,6.34,3.0794,0.0024,0,Vegetation-loss zone
3421,13.1635,77.3405,0.4,0.4682,0.4212,-0.3269999999999999,0.0681999999999999,-0.0469999999999999,-0.3057999999999999,0.4298,0.0349038679804975,-0.1151999999999998,0.0812,0.0,0,0.0,0.027967,34.7563,56.040899653979245,0,0.0,0.0,0.0,0.0981,0.1397,stable,stable,1.0,-2.8008,-1.3285,5.5672,3.1,0.0024,0,Vegetation-loss zone
3422,13.1635,77.3495,0.2015,0.4194,0.374,-0.6123999999999999,0.2178999999999999,-0.0453999999999999,-0.4398999999999999,0.3316333333333333,0.114962182187593,-0.2632999999999998,0.3467,0.0,0,0.0,0.028577,33.9929,56.040899653979245,0,0.0,0.0,0.0,0.1837,0.2123,stable,stable,1.0,-2.7999,-1.3763,4.8169,3.1199,0.0025,0,Vegetation-loss zone
3423,13.1635,77.3585,0.6472,0.2664,0.4319,0.1745999999999999,-0.3807999999999999,0.1654999999999999,-0.0407,0.4484999999999999,0.1909419545306897,0.5462999999999998,0.4257,0.0,0,0.0,0.029205,33.2404,56.040899653979245,0,0.0,0.0,0.0,0.1142,0.0488,stable,stable,1.0,-2.7985,-1.4304,4.0529,3.1429,0.0025,0,Vegetation-loss zone
3424,13.1635,77.3675,0.618,0.5059,0.3309,0.0666999999999999,-0.1120999999999999,-0.175,-0.2203999999999999,0.4849333333333332,0.1446938261755951,-0.0629000000000001,0.2984,0.0,0,0.0,0.029851,32.4996,56.040899653979245,0,0.0,0.0,0.0,0.0336,0.1171,stable,stable,1.0,-2.7979,-1.4762,3.3221,3.1634,0.0025,0,Vegetation-loss zone
3425,13.1635,77.3765,0.4954,0.3617,0.3396,0.2017999999999999,-0.1336999999999999,-0.0221,0.0459999999999999,0.3989,0.0842988137520333,0.1115999999999999,0.2113,0.0,0,0.0,0.030515,31.7713,56.040899653979245,0,0.0,0.0,0.0,0.0401,0.019,stable,stable,1.0,-2.7966,-1.5241,2.5968,3.185,0.0025,0,Vegetation-loss zone
3426,13.1635,77.3855,0.6106,0.4353,0.3746,0.0522,-0.1753,-0.0607,-0.1838,0.4735,0.1225497042020094,0.1146,0.2588,0.0,0,0.0,0.031195,31.0564,56.040899653979245,0,0.0,0.0,0.0,0.0526,0.0996,stable,stable,1.0,-2.7957,-1.5698,1.889,3.2062,0.0026,0,Vegetation-loss zone
3427,13.1635,77.3945,0.6812,0.6112,0.3864,0.1059,-0.07,-0.2247999999999999,-0.1889,0.5596,0.1540249330465687,-0.1547999999999998,0.2752,0.0,0,0.0,0.031892,30.3558,56.040899653979245,0,0.0,0.0,0.0,0.021,0.1029,stable,stable,1.0,-2.795,-1.6146,1.194,3.2278,0.0026,0,Vegetation-loss zone
3428,13.1635,77.4035,0.4586,0.1979,0.3061,-0.0739999999999999,-0.2607,0.1081999999999999,-0.2264999999999999,0.3208666666666666,0.1309758120163159,0.3688999999999999,0.4082,0.0,0,0.0,0.032605,29.6706,56.040899653979245,0,0.0,0.0,0.0,0.1004,0.1268,stable,stable,0.995,-2.7935,-1.6593,0.516,3.2491,0.0026,0,Vegetation-loss zone
3429,13.1635,77.4125,0.6335,0.6588,0.4272,0.0848999999999999,0.0253000000000001,-0.2316,-0.1213999999999999,0.5731666666666667,0.1270422108329878,-0.2569000000000001,0.2216,0.0,0,0.0,0.033331,29.0019,56.040899653979245,0,0.0,0.0,0.0,0.0,0.0715,stable,stable,1.0,-2.7931,-1.7017,-0.1489,3.2707,0.0026,0,Vegetation-loss zone
3430,13.1635,77.4215,0.2687,0.441,0.2765,-0.2829,0.1723,-0.1644999999999999,-0.2750999999999999,0.3287333333333333,0.0973039738825364,-0.3367999999999999,0.296,0.0,0,0.0,0.034071,28.3507,56.040899653979245,0,0.0,0.0,0.0,0.0849,0.1409,stable,stable,1.0,-2.7921,-1.7418,-0.7868,3.2908,0.0027,0,Vegetation-loss zone
3431,13.1635,77.4305,0.1307,0.3441,0.2192,-0.4828,0.2134,-0.1249,-0.3943,0.2313333333333333,0.1072161523900822,-0.3383,0.4635,0.0,0,0.0,0.034821,27.7184,56.040899653979245,0,0.0,0.0,0.0,0.1448,0.2014,stable,stable,1.0,-2.7912,-1.7818,-1.4097,3.3114,0.0027,0,Vegetation-loss zone
3484,13.1725,77.3045,0.4051,0.3309,0.2096,-0.3029999999999999,-0.0741999999999999,-0.1213,-0.4984999999999999,0.3152,0.0986910836904732,-0.0471000000000001,0.3131,0.0,0,0.0,0.025332,38.4753,56.040899653979245,0,0.0,0.0,0.0,0.1132,0.2344,stable,stable,1.0,-2.8061,-1.0886,9.2588,3.0098,0.0023,0,Vegetation-loss zone
3485,13.1725,77.3135,0.1766,0.0791,0.0774,-0.2387,-0.0975,-0.0017,-0.3379,0.1110333333333333,0.0567887606250861,0.0958,0.5115,0.0,0,0.0,0.025849,37.6868,56.040899653979245,0,0.0,0.0,0.0,0.1009,0.1786,stable,stable,1.0,-2.8048,-1.1401,8.4771,3.0276,0.0023,0,Vegetation-loss zone
3486,13.1725,77.3225,0.4824,0.5308,0.2935,-0.1307999999999999,0.0484,-0.2373,-0.3197,0.4355666666666667,0.1253907625518456,-0.2857,0.2879,0.0,0,0.0,0.02638,36.9072,56.040899653979245,0,0.0,0.0,0.0,0.0392,0.1576,stable,stable,1.0,-2.8041,-1.1901,7.7005,3.0462,0.0024,0,Vegetation-loss zone
3487,13.1725,77.3315,0.4308,0.6003,0.3599,0.0356,0.1694999999999999,-0.2403999999999999,-0.0353,0.4636666666666666,0.1235241002126035,-0.4098999999999998,0.2664,0.0,0,0.0,0.026927,36.1369,56.040899653979245,0,0.0,0.0,0.0,0.0,0.0365,stable,stable,1.0,-2.8032,-1.2403,6.9343,3.0653,0.0024,0,Vegetation-loss zone
3488,13.1725,77.3405,-0.0032,0.1443,0.4667,-0.5012,0.1475,0.3224,-0.0312999999999999,0.2026,0.2403136908292992,0.1749,1.1861,0.0,0,0.0,0.02749,35.3766,56.040899653979245,0,0.0,0.0,0.0,0.1504,0.09,stable,stable,0.975,-2.8018,-1.289,6.1906,3.0841,0.0024,0,Vegetation-loss zone
3489,13.1725,77.3495,0.3772,0.1996,0.167,-0.4044999999999999,-0.1775999999999999,-0.0325999999999999,-0.6146999999999999,0.2479333333333333,0.113128658320221,0.145,0.4563,0.0,0,0.0,0.028069,34.6269,56.040899653979245,0,0.0,0.0,0.0,0.1746,0.2925,stable,stable,0.99,-2.8005,-1.3372,5.4413,3.1034,0.0024,0,Vegetation-loss zone
3490,13.1725,77.3585,0.1236,0.2022,0.1084,-0.3921,0.0785999999999999,-0.0938,-0.4073,0.1447333333333333,0.0503445462124084,-0.1723999999999999,0.3478,0.0,0,0.0,0.028663,33.8885,56.040899653979245,0,0.0,0.0,0.0,0.1176,0.1987,stable,stable,1.0,-2.7996,-1.384,4.7109,3.123,0.0025,0,Vegetation-loss zone
3491,13.1725,77.3675,0.3878,0.5519,0.2154,0.0344999999999999,0.1640999999999999,-0.3364999999999999,-0.1379,0.3850333333333333,0.1682670595610838,-0.5005999999999998,0.437,0.0,0,0.0,0.029272,33.1622,56.040899653979245,0,0.0,0.0,0.0,0.0,0.0905,stable,stable,1.0,-2.7991,-1.4321,3.9843,3.1442,0.0025,0,Vegetation-loss zone
3492,13.1725,77.3765,0.2,0.2695,0.4008,-0.4865,0.0695,0.1312999999999999,-0.2857,0.2901,0.1019726924230207,0.0617999999999998,0.3515,0.0,0,0.0,0.029896,32.4489,56.040899653979245,0,0.0,0.0,0.0,0.146,0.1478,stable,stable,1.0,-2.7975,-1.4774,3.2812,3.1636,0.0025,0,Vegetation-loss zone
3493,13.1725,77.3855,0.0648,0.6662,0.5592,-0.3393,0.6014,-0.1069999999999999,0.1551,0.4300666666666666,0.3208224638851421,-0.7083999999999999,0.746,0.0,0,0.0,0.030535,31.7493,56.040899653979245,0,0.0,0.0,0.0,0.1018,0.0511,stable,stable,1.0,-2.7974,-1.5216,2.5906,3.1845,0.0025,0,Vegetation-loss zone
3494,13.1725,77.3945,0.1732,0.2227,0.1345,-0.3361999999999999,0.0495,-0.0882,-0.3748999999999999,0.1767999999999999,0.0442100667269344,-0.1377,0.2501,0.0,0,0.0,0.031187,31.0644,56.040899653979245,0,0.0,0.0,0.0,0.1009,0.1797,stable,stable,1.0,-2.7956,-1.5667,1.9067,3.2046,0.0026,0,Vegetation-loss zone
3495,13.1725,77.4035,0.2942,0.1204,0.19,-0.3782,-0.1738,0.0696,-0.4824,0.2015333333333333,0.0874721288944846,0.2434,0.434,0.0,0,0.0,0.031852,30.3953,56.040899653979245,0,0.0,0.0,0.0,0.1656,0.2362,stable,stable,0.995,-2.7945,-1.6108,1.2415,3.2255,0.0026,0,Vegetation-loss zone
3496,13.1725,77.4125,0.0905,0.1399,0.1333,-0.5695,0.0494,-0.0065999999999999,-0.5267000000000001,0.1212333333333333,0.0268196445415172,-0.0559999999999999,0.2212,0.0,0,0.0,0.032528,29.7429,56.040899653979245,0,0.0,0.0,0.0,0.1708,0.2423,stable,stable,1.0,-2.7936,-1.6512,0.5986,3.2451,0.0026,0,Vegetation-loss zone
3497,13.1725,77.4215,0.1691,0.2923,0.1032,-0.5256,0.1232,-0.1891,-0.5915,0.1882,0.0959859885608311,-0.3123,0.51,0.0,0,0.0,0.033213,29.1083,56.040899653979245,0,0.0,0.0,0.0,0.1577,0.2871,stable,stable,1.0,-2.7931,-1.6918,-0.0296,3.2655,0.0026,0,Vegetation-loss zone
3498,13.1725,77.4305,0.1105,0.6215,0.3529,-0.5400999999999999,0.511,-0.2686,-0.2976999999999999,0.3616333333333334,0.2556119193882268,-0.7796000000000001,0.7068,0.0,0,0.0,0.033906,28.4929,56.040899653979245,0,0.0,0.0,0.0,0.162,0.175,stable,stable,1.0,-2.7928,-1.7306,-0.6373,3.2856,0.0027,0,Vegetation-loss zone
3551,13.1815,77.3045,0.0064,0.3066,0.1327,-0.6454000000000001,0.3001999999999999,-0.1738999999999999,-0.5191,0.1485666666666666,0.1507276462144,-0.4740999999999998,1.0145,0.0,0,0.0,0.024961,39.0619,56.040899653979245,0,0.0,0.0,0.0,0.1936,0.285,stable,stable,1.0,-2.8074,-1.0484,9.8534,2.9967,0.0023,0,Vegetation-loss zone
3552,13.1815,77.3135,0.1798,0.1416,0.1471,-0.1984,-0.0381999999999999,0.0055,-0.2310999999999999,0.1561666666666666,0.0206509886768971,0.0436999999999999,0.1322,0.0,0,0.0,0.025455,38.2856,56.040899653979245,0,0.0,0.0,0.0,0.071,0.1107,stable,stable,1.0,-2.8055,-1.1014,9.0691,3.0139,0.0023,0,Vegetation-loss zone
3553,13.1815,77.3225,0.2228,0.2031,0.3418,-0.3368,-0.0196999999999999,0.1387,-0.2178,0.2559,0.0750408555388329,0.1583999999999999,0.2932,0.0,0,0.0,0.025962,37.5184,56.040899653979245,0,0.0,0.0,0.0,0.1069,0.1149,stable,stable,1.0,-2.8045,-1.1508,8.309,3.0314,0.0023,0,Vegetation-loss zone
3554,13.1815,77.3315,0.1889,0.3473,0.1705,-0.4029,0.1583999999999999,-0.1767999999999999,-0.4213,0.2355666666666666,0.0972002743480353,-0.3351999999999998,0.4126,0.0,0,0.0,0.026482,36.761,56.040899653979245,0,0.0,0.0,0.0,0.1209,0.208,stable,stable,1.0,-2.8038,-1.1981,7.5621,3.0491,0.0024,0,Vegetation-loss zone
3555,13.1815,77.3405,-0.0399,0.1722,0.0769,-0.6296,0.2120999999999999,-0.0953,-0.5128,0.0697333333333333,0.1062314611277343,-0.3073999999999999,1.5234,0.0,0,0.0,0.027017,36.0139,56.040899653979245,0,0.0,0.0,0.0,0.1889,0.3133,stable,stable,0.915,-2.8031,-1.2459,6.8303,3.0675,0.0024,0,Vegetation-loss zone
3556,13.1815,77.3495,0.0292,0.6258,0.5068,-0.7208,0.5966,-0.119,-0.2431999999999999,0.3872666666666666,0.315751569011673,-0.7156,0.8153,0.0,0,0.0,0.027565,35.2778,56.040899653979245,0,0.0,0.0,0.0,0.2162,0.1572,stable,stable,1.0,-2.8023,-1.2921,6.0983,3.0858,0.0024,0,Vegetation-loss zone
3557,13.1815,77.3585,0.3774,0.3566,0.2119,-0.1813999999999999,-0.0208,-0.1446999999999999,-0.3469,0.3152999999999999,0.0901489323286748,-0.1238999999999999,0.2859,0.0,0,0.0,0.028127,34.5534,56.040899653979245,0,0.0,0.0,0.0,0.0607,0.1694,stable,stable,1.0,-2.8006,-1.3422,5.3655,3.1056,0.0024,0,Vegetation-loss zone
3558,13.1815,77.3675,0.3455,0.4777,0.2741,0.0869999999999999,0.1322,-0.2036,0.0156,0.3657666666666666,0.1033019522242117,-0.3358,0.2824,0.0,0,0.0,0.028701,33.8414,56.040899653979245,0,0.0,0.0,0.0,0.0,0.0229,stable,stable,1.0,-2.7998,-1.3888,4.6561,3.1254,0.0025,0,Vegetation-loss zone
3559,13.1815,77.3765,0.4603,0.4429,0.3851,0.0970999999999999,-0.0173999999999999,-0.0578,0.0218999999999999,0.4294333333333333,0.0393671605952643,-0.0404,0.0917,0.0,0,0.0,0.029289,33.1428,56.040899653979245,0,0.0,0.0,0.0,0.0052,0.0116,stable,stable,1.0,-2.7986,-1.4347,3.9595,3.1449,0.0025,0,Vegetation-loss zone
3560,13.1815,77.3855,0.5183,0.3135,0.3518,-0.2018999999999999,-0.2047999999999999,0.0383,-0.3683999999999999,0.3945333333333333,0.1088823371044786,0.2430999999999999,0.276,0.0,0,0.0,0.029888,32.4582,56.040899653979245,0,35.0,34.0,1.0294,0.122,0.1782,stable,stable,1.0,37.1892,0.2513,0.3103,37.1901,0.0455,0,Vegetation-loss zone
3561,13.1815,77.3945,0.2828,0.3276,0.3002,-0.5142,0.0448,-0.0273999999999999,-0.4968,0.3035333333333334,0.0225852459214712,-0.0721999999999999,0.0744,0.0,0,0.0,0.030498,31.7886,56.040899653979245,0,0.0,0.0,0.0,0.1543,0.2204,stable,stable,1.0,-2.7965,-1.5194,2.6257,3.1826,0.0025,0,Vegetation-loss zone
3562,13.1815,77.4035,0.5652,0.0528,0.0986,-0.1687999999999999,-0.5124000000000001,0.0457999999999999,-0.6354,0.2388666666666666,0.2835392271509064,0.5582,1.187,0.0,0,0.0,0.031119,31.1351,56.040899653979245,0,0.0,0.0,0.0,0.2044,0.3457,at_risk,stable,0.85,-2.7957,-1.565,1.9735,3.204,0.0026,0,Vegetation-loss zone
3563,13.1815,77.4125,0.3565,0.6071,0.3745,0.0283999999999999,0.2506,-0.2325999999999999,0.0464,0.4460333333333333,0.1397778714007812,-0.4831999999999998,0.3134,0.0,0,0.0,0.031747,30.4986,56.040899653979245,0,0.0,0.0,0.0,0.0,0.0254,stable,stable,1.0,-2.7953,-1.6042,1.3402,3.2229,0.0026,0,Vegetation-loss zone
3564,13.1815,77.4215,0.27,0.3274,0.0125,-0.3994999999999999,0.0574,-0.3149,-0.657,0.2033,0.1677115678777108,-0.3723,0.8249,0.0,0,0.0,0.032383,29.8801,56.040899653979245,0,0.0,0.0,0.0,0.1198,0.3334,at_risk,at_risk,0.755,-2.7944,-1.6425,0.7359,3.2414,0.0026,0,Vegetation-loss zone
3565,13.1815,77.4305,0.4243,0.4175,0.1751,-0.267,-0.0068,-0.2423999999999999,-0.5162,0.3389666666666666,0.1419534195901364,-0.2355999999999999,0.4188,0.0,0,0.0,0.033024,29.281,56.040899653979245,0,0.0,0.0,0.0,0.0821,0.2498,stable,stable,1.0,-2.7934,-1.6821,0.1357,3.2607,0.0026,0,Vegetation-loss zone
3618,13.1905,77.3045,-0.0403,0.0504,0.1364,-0.4698,0.0907,0.086,-0.2931,0.0488333333333333,0.0883604172315485,-0.0047,1.8094,0.0,0,0.0,0.024591,39.6649,56.040899653979245,0,0.0,0.0,0.0,0.1409,0.2372,stable,stable,0.705,-2.8081,-1.0117,10.4506,2.9848,0.0023,0,Vegetation-loss zone
3619,13.1905,77.3135,0.1241,0.7785,0.5454,-0.7123,0.6544,-0.2330999999999999,-0.291,0.4826666666666666,0.3316797300609932,-0.8874999999999998,0.6872,0.0,0,0.0,0.025062,38.9007,56.040899653979245,0,0.0,0.0,0.0,0.2137,0.1692,stable,stable,1.0,-2.8076,-1.0577,9.6931,3.0002,0.0023,0,Vegetation-loss zone
3620,13.1905,77.3225,0.3636,0.1521,0.1873,-0.3278,-0.2114999999999999,0.0351999999999999,-0.5041,0.2343333333333333,0.1133232691609862,0.2466999999999998,0.4836,0.0,0,0.0,0.025545,38.146,56.040899653979245,0,0.0,0.0,0.0,0.1618,0.247,stable,stable,0.99,-2.8054,-1.1105,8.932,3.0172,0.0023,0,Vegetation-loss zone
3621,13.1905,77.3315,0.1032,0.1569,0.0586,-0.413,0.0537,-0.0983,-0.4576,0.1062333333333333,0.0492201516996172,-0.152,0.4633,0.0,0,0.0,0.026041,37.4013,56.040899653979245,0,0.0,0.0,0.0,0.1239,0.2263,stable,stable,1.0,-2.8045,-1.1571,8.1978,3.0338,0.0023,0,Vegetation-loss zone
3622,13.1905,77.3405,0.0389,0.2213,0.3276,-0.5205,0.1824,0.1063,-0.2318,0.1959333333333333,0.1460120657114792,-0.0761,0.7452,0.0,0,0.0,0.026548,36.6673,56.040899653979245,0,0.0,0.0,0.0,0.1561,0.148,stable,stable,1.0,-2.8036,-1.2046,7.4713,3.0514,0.0024,0,Vegetation-loss zone
3623,13.1905,77.3495,0.0688,0.279,0.2803,-0.1751,0.2102,0.0012999999999999,0.0363999999999999,0.2093666666666666,0.1217360395829161,-0.2089,0.5814,0.0,0,0.0,0.027067,35.9447,56.040899653979245,0,0.0,0.0,0.0,0.0525,0.0405,stable,stable,1.0,-2.8027,-1.2523,6.7491,3.0697,0.0024,0,Vegetation-loss zone
3624,13.1905,77.3585,0.0697,0.179,0.082,-0.3868,0.1093,-0.0969999999999999,-0.3745,0.1102333333333333,0.0598703877833886,-0.2062999999999999,0.5431,0.0,0,0.0,0.027598,35.234,56.040899653979245,0,0.0,0.0,0.0,0.116,0.1963,stable,stable,1.0,-2.8016,-1.2971,6.0474,3.0873,0.0024,0,Vegetation-loss zone
3625,13.1905,77.3675,0.2325,0.2196,0.2538,-0.4411999999999999,-0.0129,0.0342,-0.4198999999999999,0.2352999999999999,0.0172710740835652,0.0471,0.0734,0.0,0,0.0,0.02814,34.5362,56.040899653979245,0,0.0,0.0,0.0,0.1362,0.1874,stable,stable,1.0,-2.8003,-1.3425,5.351,3.1054,0.0024,0,Vegetation-loss zone
3626,13.1905,77.3765,0.1503,0.2419,0.1608,-0.6269,0.0916,-0.0811,-0.6164000000000001,0.1843333333333333,0.0501298646849693,-0.1727,0.272,0.0,0,0.0,0.028693,33.8519,56.040899653979245,0,0.0,0.0,0.0,0.1881,0.2824,stable,stable,1.0,-2.7995,-1.3854,4.6774,3.1235,0.0025,0,Vegetation-loss zone
3627,13.1905,77.3855,0.4759,0.1019,0.1544,0.0922,-0.374,0.0525,-0.2292999999999999,0.2440666666666666,0.2024823037535214,0.4265,0.8296,0.0,0,0.0,0.029255,33.182,56.040899653979245,0,0.0,0.0,0.0,0.1122,0.1526,stable,stable,1.0,-2.7985,-1.4335,4.0002,3.1443,0.0025,0,Vegetation-loss zone
3628,13.1905,77.3945,0.1784,0.2541,0.2268,-0.3289999999999999,0.0756999999999999,-0.0272999999999999,-0.2805999999999999,0.2197666666666666,0.0383369708419083,-0.1029999999999998,0.1744,0.0,0,0.0,0.029826,32.5274,56.040899653979245,0,0.0,0.0,0.0,0.0987,0.1351,stable,stable,1.0,-2.7976,-1.4724,3.3575,3.1614,0.0025,0,Vegetation-loss zone
3629,13.1905,77.4035,0.444,0.283,0.4015,-0.1272,-0.161,0.1185,-0.1697,0.3761666666666667,0.0834361032966745,0.2794999999999999,0.2218,0.0,0,0.0,0.030405,31.8891,56.040899653979245,0,0.0,0.0,0.0,0.0865,0.0912,stable,stable,1.0,-2.7966,-1.5156,2.7176,3.1809,0.0025,0,Vegetation-loss zone
3630,13.1905,77.4125,0.1528,0.559,0.3252,-0.3768999999999999,0.4062,-0.2338,-0.2044999999999999,0.3456666666666666,0.2038719532778684,-0.64,0.5898,0.0,0,0.0,0.030991,31.2679,56.040899653979245,0,1.0,1.0,1.0,0.1131,0.1281,stable,stable,1.0,-1.6364,-1.4968,2.021,2.2177,0.0013,0,Vegetation-loss zone
3631,13.1905,77.4215,-0.0014,0.5886,0.268,-0.621,0.59,-0.3206,-0.3516,0.2850666666666667,0.2953700278182153,-0.9106,1.0361,0.0,0,0.0,0.031581,30.6651,56.040899653979245,0,0.0,0.0,0.0,0.1863,0.217,stable,stable,1.0,-2.796,-1.5898,1.5224,3.2164,0.0026,0,Vegetation-loss zone
3632,13.1905,77.4305,0.1623,0.6181,0.2027,-0.1591,0.4558,-0.4154,-0.1187,0.3277,0.2523037058784511,-0.8712,0.7699,0.0,0,0.0,0.032173,30.0816,56.040899653979245,0,0.0,0.0,0.0,0.0477,0.1029,stable,stable,1.0,-2.7952,-1.6294,0.9346,3.2354,0.0026,0,Vegetation-loss zone
3685,13.1995,77.3045,0.31,0.4989,0.346,-0.1426,0.1889,-0.1529,-0.1066,0.3849666666666667,0.1002975739154907,-0.3418,0.2605,0.0,0,0.0,0.024223,40.2837,56.040899653979245,0,0.0,0.0,0.0,0.0428,0.0656,stable,stable,1.0,-2.8089,-0.9719,11.0522,2.9722,0.0023,0,Vegetation-loss zone
3686,13.1995,77.3135,0.087,0.6276,0.359,-0.6099,0.5406000000000001,-0.2686,-0.3379,0.3578666666666666,0.270301781964776,-0.8092000000000001,0.7553,0.0,0,0.0,0.024672,39.5315,56.040899653979245,0,0.0,0.0,0.0,0.183,0.193,stable,stable,1.0,-2.8083,-1.0175,10.3182,2.987,0.0023,0,Vegetation-loss zone
3687,13.1995,77.3225,0.0297,0.7204,0.205,-0.4903,0.6907000000000001,-0.5154000000000001,-0.315,0.3183666666666666,0.359034292698251,-1.2061000000000002,1.1277,0.0,0,0.0,0.025133,38.7891,56.040899653979245,0,0.0,0.0,0.0,0.1471,0.2057,stable,stable,0.965,-2.8078,-1.065,9.5842,3.0029,0.0023,0,Vegetation-loss zone
3688,13.1995,77.3315,0.0301,0.444,0.4282,-0.4978,0.4139,-0.0157999999999999,-0.0997,0.3007666666666667,0.2345372962522876,-0.4296999999999999,0.7798,0.0,0,0.0,0.025604,38.0571,56.040899653979245,0,0.0,0.0,0.0,0.1493,0.0941,stable,stable,1.0,-2.8059,-1.1142,8.8518,3.0191,0.0023,0,Vegetation-loss zone
3689,13.1995,77.3405,0.0605,0.1788,0.2135,-0.4671999999999999,0.1182999999999999,0.0347,-0.3141999999999999,0.1509333333333333,0.0802163532787008,-0.0835999999999999,0.5315,0.0,0,0.0,0.026085,37.3361,56.040899653979245,0,0.0,0.0,0.0,0.1402,0.1699,stable,stable,1.0,-2.8044,-1.1614,8.1335,3.0354,0.0023,0,Vegetation-loss zone
3690,13.1995,77.3495,0.413,0.8318,0.5271,-0.0205,0.4188,-0.3046999999999999,0.0936,0.5906333333333333,0.2165080214064443,-0.7234999999999999,0.3666,0.0,0,0.0,0.026577,36.6267,56.040899653979245,0,0.0,0.0,0.0,0.0062,0.0275,stable,stable,1.0,-2.8042,-1.2078,7.4227,3.0533,0.0024,0,Vegetation-loss zone
3691,13.1995,77.3585,0.2498,0.4639,0.29,-0.4329999999999999,0.2140999999999999,-0.1739,-0.3928,0.3345666666666667,0.1137951815031433,-0.3879999999999999,0.3401,0.0,0,0.0,0.027079,35.9296,56.040899653979245,0,0.0,0.0,0.0,0.1299,0.1918,stable,stable,1.0,-2.8027,-1.2516,6.7368,3.0695,0.0024,0,Vegetation-loss zone
3692,13.1995,77.3675,0.2444,0.6275,0.4124,-0.4876,0.3830999999999999,-0.2150999999999999,-0.3196,0.4281,0.1920319504665824,-0.5981999999999998,0.4486,0.0,0,0.0,0.02759,35.2456,56.040899653979245,0,0.0,0.0,0.0,0.1463,0.1675,stable,stable,1.0,-2.8021,-1.2952,6.06,3.0869,0.0024,0,Vegetation-loss zone
3693,13.1995,77.3765,0.4323,0.4229,0.316,0.0171,-0.0094,-0.1069,-0.0992,0.3904,0.0646034828782473,-0.0974999999999999,0.1655,0.0,0,0.0,0.028109,34.5754,56.040899653979245,0,0.0,0.0,0.0,0.0028,0.0576,stable,stable,1.0,-2.8006,-1.3417,5.3832,3.1054,0.0024,0,Vegetation-loss zone
3694,13.1995,77.3855,0.1021,0.2254,0.1019,-0.4610000000000001,0.1232999999999999,-0.1234999999999999,-0.4612,0.1431333333333333,0.0712450933983059,-0.2467999999999998,0.4977,0.0,0,0.0,0.028637,33.9198,56.040899653979245,0,0.0,0.0,0.0,0.1383,0.2304,stable,stable,1.0,-2.7997,-1.3816,4.7441,3.1221,0.0025,0,Vegetation-loss zone
3695,13.1995,77.3945,0.4484,0.4904,0.3014,-0.0643,0.0419999999999999,-0.189,-0.2113,0.4134,0.0992421281513047,-0.2309999999999999,0.2401,0.0,0,0.0,0.029172,33.2798,56.040899653979245,0,0.0,0.0,0.0,0.0193,0.1096,stable,stable,1.0,-2.799,-1.4247,4.0996,3.1407,0.0025,0,Vegetation-loss zone
3696,13.1995,77.4035,0.1529,0.7597,0.5009,-0.4196999999999999,0.6068,-0.2588,-0.0716999999999999,0.4711666666666667,0.3044907442490385,-0.8655999999999999,0.6462,0.0,0,0.0,0.029712,32.6562,56.040899653979245,0,0.0,0.0,0.0,0.1259,0.0752,stable,stable,1.0,-2.7988,-1.4622,3.4918,3.1577,0.0025,0,Vegetation-loss zone
3697,13.1995,77.4125,0.2618,0.6302,0.3322,-0.3494,0.3684,-0.298,-0.2789999999999999,0.4080666666666666,0.195567004715349,-0.6664,0.4793,0.0,0,0.0,0.030257,32.05,56.040899653979245,0,0.0,0.0,0.0,0.1048,0.1528,stable,stable,1.0,-2.7977,-1.5019,2.8875,3.1753,0.0025,0,Vegetation-loss zone
3698,13.1995,77.4215,0.4547,0.6576,0.2958,-0.0666999999999999,0.2028999999999999,-0.3617999999999999,-0.2255999999999999,0.4693666666666666,0.1813453703112746,-0.5646999999999998,0.3864,0.0,0,0.0,0.030805,31.4621,56.040899653979245,0,0.0,0.0,0.0,0.02,0.1248,stable,stable,1.0,-2.7968,-1.5414,2.2982,3.1934,0.0025,0,Vegetation-loss zone
3699,13.1995,77.4305,0.5744,0.6989,0.298,0.0912,0.1244999999999999,-0.4009,-0.1852,0.5237666666666666,0.2051901638318302,-0.5253999999999999,0.3918,0.0,0,0.0,0.031354,30.8937,56.040899653979245,0,0.0,0.0,0.0,0.0,0.1082,stable,stable,1.0,-2.796,-1.5789,1.7311,3.211,0.0026,0,Vegetation-loss zone
