cell_id,center_lat,center_lon,ndvi_2018,ndvi_2021,ndvi_2024,ndvi_change_2015_2018,ndvi_change_2018_2021,ndvi_change_2021_2024,ndvi_total_change,ndvi_mean,ndvi_std,ndvi_accel,fragmentation_index,road_length_km,building_count,infra_pressure,urban_proximity_score,dist_to_cbd_km,rainfall_anomaly,rainfall_stress,gbif_observations,gbif_species_count,biodiversity_density,lag_stress_score,ecological_vulnerability_score,degradation_label
0,12.7045,77.3045,,,,,,,,,,,0.0,0.0,0,0.0,0.022627,43.1946,124.62999999999988,0,0.0,0.0,0.0,0.0,0.0,nan
1,12.7045,77.3135,,,,,,,,,,,0.0,0.0,0,0.0,0.022993,42.4911,56.040899653979245,0,0.0,0.0,0.0,0.0,0.0,nan
2,12.7045,77.3225,,,,,,,,,,,0.0,0.0,0,0.0,0.023365,41.7985,56.040899653979245,0,0.0,0.0,0.0,0.0,0.0,nan
3,12.7045,77.3315,,,,,,,,,,,0.0,0.0,0,0.0,0.023743,41.1174,56.040899653979245,0,0.0,0.0,0.0,0.0,0.0,nan
4,12.7045,77.3405,,,,,,,,,,,0.0,0.0,0,0.0,0.024126,40.4483,56.040899653979245,0,0.0,0.0,0.0,0.0,0.0,nan
5,12.7045,77.3495,,,,,,,,,,,0.0,0.0,0,0.0,0.024515,39.7917,88.69000000000005,0,0.0,0.0,0.0,0.0,0.0,nan
6,12.7045,77.3585,,,,,,,,,,,0.0,0.0,0,0.0,0.024908,39.1485,56.040899653979245,0,0.0,0.0,0.0,0.0,0.0,nan
7,12.7045,77.3675,,,,,,,,,,,0.0,0.0,0,0.0,0.025304,38.5191,56.040899653979245,0,0.0,0.0,0.0,0.0,0.0,nan
8,12.7045,77.3765,,,,,,,,,,,0.0,0.0,0,0.0,0.025704,37.9044,56.040899653979245,0,0.0,0.0,0.0,0.0,0.0,nan
9,12.7045,77.3855,,,,,,,,,,,0.0,0.0,0,0.0,0.026106,37.305,56.040899653979245,0,0.0,0.0,0.0,0.0,0.0,nan
10,12.7045,77.3945,,,,,,,,,,,0.0,0.0,0,0.0,0.02651,36.7217,74.73000000000002,0,0.0,0.0,0.0,0.0,0.0,nan
11,12.7045,77.4035,,,,,,,,,,,0.0,0.0,0,0.0,0.026914,36.1552,56.040899653979245,0,0.0,0.0,0.0,0.0,0.0,nan
12,12.7045,77.4125,,,,,,,,,,,0.0,0.0,0,0.0,0.027318,35.6064,56.040899653979245,0,0.0,0.0,0.0,0.0,0.0,nan
13,12.7045,77.4215,,,,,,,,,,,0.0,0.0,0,0.0,0.027719,35.0761,56.040899653979245,0,0.0,0.0,0.0,0.0,0.0,nan
14,12.7045,77.4305,,,,,,,,,,,0.0,0.0,0,0.0,0.028117,34.5652,56.040899653979245,0,0.0,0.0,0.0,0.0,0.0,nan
15,12.7045,77.4395,,,,,,,,,,,0.0,0.0,0,0.0,0.028511,34.0745,103.44999999999982,0,0.0,0.0,0.0,0.0,0.0,nan
16,12.7045,77.4485,,,,,,,,,,,0.0,0.0,0,0.0,0.028898,33.6048,56.040899653979245,0,0.0,0.0,0.0,0.0,0.0,nan
17,12.7045,77.4575,,,,,,,,,,,0.0,0.0,0,0.0,0.029276,33.1572,56.040899653979245,0,0.0,0.0,0.0,0.0,0.0,nan
18,12.7045,77.4665,,,,,,,,,,,0.0,0.0,0,0.0,0.029645,32.7325,56.040899653979245,0,0.0,0.0,0.0,0.0,0.0,nan
19,12.7045,77.4755,,,,,,,,,,,0.0,0.0,0,0.0,0.030002,32.3315,56.040899653979245,0,0.0,0.0,0.0,0.0,0.0,nan
20,12.7045,77.4845,,,,,,,,,,,0.0,0.0,0,0.0,0.030344,31.9553,103.44999999999982,0,1624.0,73.0,22.2466,0.0,0.0,nan
21,12.7045,77.4935,,,,,,,,,,,0.0,0.0,0,0.0,0.03067,31.6047,56.040899653979245,0,0.0,0.0,0.0,0.0,0.0,nan
22,12.7045,77.5025,,,,,,,,,,,0.0,0.0,0,0.0,0.030978,31.2805,56.040899653979245,0,0.0,0.0,0.0,0.0,0.0,nan
23,12.7045,77.5115,,,,,,,,,,,0.0,0.0,0,0.0,0.031266,30.9835,56.040899653979245,0,0.0,0.0,0.0,0.0,0.0,nan
24,12.7045,77.5205,,,,,,,,,,,0.0,0.0,0,0.0,0.031531,30.7147,56.040899653979245,0,0.0,0.0,0.0,0.0,0.0,nan
25,12.7045,77.5295,,,,,,,,,,,0.0,0.0,0,0.0,0.031772,30.4746,122.12000000000012,0,0.0,0.0,0.0,0.0,0.0,nan
26,12.7045,77.5385,,,,,,,,,,,0.0,0.0,0,0.0,0.031986,30.264,56.040899653979245,0,0.0,0.0,0.0,0.0,0.0,nan
27,12.7045,77.5475,,,,,,,,,,,0.0,0.0,0,0.0,0.032171,30.0836,56.040899653979245,0,0.0,0.0,0.0,0.0,0.0,nan
28,12.7045,77.5565,,,,,,,,,,,0.0,0.0,0,0.0,0.032327,29.9338,56.040899653979245,0,0.0,0.0,0.0,0.0,0.0,nan
29,12.7045,77.5655,,,,,,,,,,,0.0,0.0,0,0.0,0.032452,29.8151,56.040899653979245,0,0.0,0.0,0.0,0.0,0.0,nan
30,12.7045,77.5745,,,,,,,,,,,0.0,0.0,0,0.0,0.032544,29.7279,155.92999999999984,0,1592.0,92.0,17.3043,0.0,0.0,nan
31,12.7045,77.5835,,,,,,,,,,,0.0,0.0,0,0.0,0.032602,29.6725,56.040899653979245,0,0.0,0.0,0.0,0.0,0.0,nan
32,12.7045,77.5925,,,,,,,,,,,0.0,0.0,0,0.0,0.032627,29.649,56.040899653979245,0,0.0,0.0,0.0,0.0,0.0,nan
33,12.7045,77.6015,,,,,,,,,,,0.0,0.0,0,0.0,0.032618,29.6575,56.040899653979245,0,0.0,0.0,0.0,0.0,0.0,nan
34,12.7045,77.6105,,,,,,,,,,,0.0,0.0,0,0.0,0.032575,29.698,56.040899653979245,0,0.0,0.0,0.0,0.0,0.0,nan
35,12.7045,77.6195,,,,,,,,,,,0.0,0.0,0,0.0,0.032499,29.7704,155.92999999999984,0,0.0,0.0,0.0,0.0,0.0,nan
36,12.7045,77.6285,,,,,,,,,,,0.0,0.0,0,0.0,0.032389,29.8745,56.040899653979245,0,0.0,0.0,0.0,0.0,0.0,nan
37,12.7045,77.6375,,,,,,,,,,,0.0,0.0,0,0.0,0.032248,30.0098,56.040899653979245,0,0.0,0.0,0.0,0.0,0.0,nan
38,12.7045,77.6465,,,,,,,,,,,0.0,0.0,0,0.0,0.032076,30.176,56.040899653979245,0,0.0,0.0,0.0,0.0,0.0,nan
39,12.7045,77.6555,,,,,,,,,,,0.0,0.0,0,0.0,0.031875,30.3726,56.040899653979245,0,0.0,0.0,0.0,0.0,0.0,nan
40,12.7045,77.6645,,,,,,,,,,,0.0,0.0,0,0.0,0.031647,30.599,50.980000000000246,0,21.0,20.0,1.05,0.0,0.0,nan
41,12.7045,77.6735,,,,,,,,,,,0.0,0.0,0,0.0,0.031393,30.8545,56.040899653979245,0,0.0,0.0,0.0,0.0,0.0,nan
42,12.7045,77.6825,,,,,,,,,,,0.0,0.0,0,0.0,0.031115,31.1384,56.040899653979245,0,0.0,0.0,0.0,0.0,0.0,nan
43,12.7045,77.6915,,,,,,,,,,,0.0,0.0,0,0.0,0.030817,31.45,56.040899653979245,0,0.0,0.0,0.0,0.0,0.0,nan
44,12.7045,77.7005,,,,,,,,,,,0.0,0.0,0,0.0,0.030499,31.7884,56.040899653979245,0,0.0,0.0,0.0,0.0,0.0,nan
45,12.7045,77.7095,,,,,,,,,,,0.0,0.0,0,0.0,0.030163,32.1528,50.980000000000246,0,0.0,0.0,0.0,0.0,0.0,nan
46,12.7045,77.7185,,,,,,,,,,,0.0,0.0,0,0.0,0.029813,32.5423,56.040899653979245,0,0.0,0.0,0.0,0.0,0.0,nan
47,12.7045,77.7275,,,,,,,,,,,0.0,0.0,0,0.0,0.02945,32.9561,56.040899653979245,0,0.0,0.0,0.0,0.0,0.0,nan
48,12.7045,77.7365,,,,,,,,,,,0.0,0.0,0,0.0,0.029076,33.3931,56.040899653979245,0,0.0,0.0,0.0,0.0,0.0,nan
49,12.7045,77.7455,,,,,,,,,,,0.0,0.0,0,0.0,0.028692,33.8526,56.040899653979245,0,0.0,0.0,0.0,0.0,0.0,nan
50,12.7045,77.7545,,,,,,,,,,,0.0,0.0,0,0.0,0.028302,34.3336,22.780000000000086,0,0.0,0.0,0.0,0.0,0.0,nan
51,12.7045,77.7635,,,,,,,,,,,0.0,0.0,0,0.0,0.027906,34.8352,56.040899653979245,0,0.0,0.0,0.0,0.0,0.0,nan
52,12.7045,77.7725,,,,,,,,,,,0.0,0.0,0,0.0,0.027505,35.3566,56.040899653979245,0,0.0,0.0,0.0,0.0,0.0,nan
53,12.7045,77.7815,,,,,,,,,,,0.0,0.0,0,0.0,0.027103,35.8969,56.040899653979245,0,0.0,0.0,0.0,0.0,0.0,nan
54,12.7045,77.7905,,,,,,,,,,,0.0,0.0,0,0.0,0.026699,36.4552,56.040899653979245,0,0.0,0.0,0.0,0.0,0.0,nan
55,12.7045,77.7995,,,,,,,,,,,0.0,0.0,0,0.0,0.026295,37.0307,22.780000000000086,0,0.0,0.0,0.0,0.0,0.0,nan
56,12.7045,77.8085,,,,,,,,,,,0.0,0.0,0,0.0,0.025892,37.6227,56.040899653979245,0,0.0,0.0,0.0,0.0,0.0,nan
57,12.7045,77.8175,,,,,,,,,,,0.0,0.0,0,0.0,0.02549,38.2304,56.040899653979245,0,0.0,0.0,0.0,0.0,0.0,nan
58,12.7045,77.8265,,,,,,,,,,,0.0,0.0,0,0.0,0.025092,38.853,56.040899653979245,0,0.0,0.0,0.0,0.0,0.0,nan
59,12.7045,77.8355,,,,,,,,,,,0.0,0.0,0,0.0,0.024698,39.4899,56.040899653979245,0,0.0,0.0,0.0,0.0,0.0,nan
60,12.7045,77.8445,,,,,,,,,,,0.0,0.0,0,0.0,0.024307,40.1403,25.180000000000064,0,0.0,0.0,0.0,0.0,0.0,nan
61,12.7045,77.8535,,,,,,,,,,,0.0,0.0,0,0.0,0.023921,40.8036,56.040899653979245,0,0.0,0.0,0.0,0.0,0.0,nan
62,12.7045,77.8625,,,,,,,,,,,0.0,0.0,0,0.0,0.023541,41.4792,56.040899653979245,0,0.0,0.0,0.0,0.0,0.0,nan
63,12.7045,77.8715,,,,,,,,,,,0.0,0.0,0,0.0,0.023166,42.1665,56.040899653979245,0,0.0,0.0,0.0,0.0,0.0,nan
64,12.7045,77.8805,,,,,,,,,,,0.0,0.0,0,0.0,0.022797,42.865,56.040899653979245,0,0.0,0.0,0.0,0.0,0.0,nan
65,12.7045,77.8895,,,,,,,,,,,0.0,0.0,0,0.0,0.022435,43.574,30.739999999999895,0,0.0,0.0,0.0,0.0,0.0,nan
66,12.7045,77.8985,,,,,,,,,,,0.0,0.0,0,0.0,0.022078,44.2931,56.040899653979245,0,0.0,0.0,0.0,0.0,0.0,nan
67,12.7135,77.3045,,,,,,,,,,,0.0,0.0,0,0.0,0.022981,42.5142,56.040899653979245,0,0.0,0.0,0.0,0.0,0.0,nan
68,12.7135,77.3135,,,,,,,,,,,0.0,0.0,0,0.0,0.023365,41.7994,56.040899653979245,0,0.0,0.0,0.0,0.0,0.0,nan
69,12.7135,77.3225,,,,,,,,,,,0.0,0.0,0,0.0,0.023756,41.0952,56.040899653979245,0,0.0,0.0,0.0,0.0,0.0,nan
70,12.7135,77.3315,,,,,,,,,,,0.0,0.0,0,0.0,0.024153,40.4023,88.69000000000005,0,18.0,18.0,1.0,0.0,0.0,nan
71,12.7135,77.3405,,,,,,,,,,,0.0,0.0,0,0.0,0.024557,39.7211,56.040899653979245,0,0.0,0.0,0.0,0.0,0.0,nan
72,12.7135,77.3495,,,,,,,,,,,0.0,0.0,0,0.0,0.024967,39.0524,56.040899653979245,0,0.0,0.0,0.0,0.0,0.0,nan
73,12.7135,77.3585,,,,,,,,,,,0.0,0.0,0,0.0,0.025383,38.3969,56.040899653979245,0,0.0,0.0,0.0,0.0,0.0,nan
74,12.7135,77.3675,,,,,,,,,,,0.0,0.0,0,0.0,0.025803,37.755,56.040899653979245,0,0.0,0.0,0.0,0.0,0.0,nan
75,12.7135,77.3765,,,,,,,,,,,0.0,0.0,0,0.0,0.026228,37.1277,74.73000000000002,0,0.0,0.0,0.0,0.0,0.0,nan
76,12.7135,77.3855,,,,,,,,,,,0.0,0.0,0,0.0,0.026656,36.5156,56.040899653979245,0,0.0,0.0,0.0,0.0,0.0,nan
77,12.7135,77.3945,,,,,,,,,,,0.0,0.0,0,0.0,0.027086,35.9195,56.040899653979245,0,0.0,0.0,0.0,0.0,0.0,nan
78,12.7135,77.4035,,,,,,,,,,,0.0,0.0,0,0.0,0.027518,35.3402,56.040899653979245,0,0.0,0.0,0.0,0.0,0.0,nan
79,12.7135,77.4125,,,,,,,,,,,0.0,0.0,0,0.0,0.02795,34.7786,56.040899653979245,0,0.0,0.0,0.0,0.0,0.0,nan
80,12.7135,77.4215,,,,,,,,,,,0.0,0.0,0,0.0,0.02838,34.2355,103.44999999999982,0,1.0,1.0,1.0,0.0,0.0,nan
81,12.7135,77.4305,,,,,,,,,,,0.0,0.0,0,0.0,0.028809,33.7119,56.040899653979245,0,0.0,0.0,0.0,0.0,0.0,nan
82,12.7135,77.4395,,,,,,,,,,,0.0,0.0,0,0.0,0.029232,33.2086,56.040899653979245,0,0.0,0.0,0.0,0.0,0.0,nan
83,12.7135,77.4485,,,,,,,,,,,0.0,0.0,0,0.0,0.02965,32.7266,56.040899653979245,0,0.0,0.0,0.0,0.0,0.0,nan
84,12.7135,77.4575,,,,,,,,,,,0.0,0.0,0,0.0,0.03006,32.2668,56.040899653979245,0,0.0,0.0,0.0,0.0,0.0,nan
85,12.7135,77.4665,,,,,,,,,,,0.0,0.0,0,0.0,0.03046,31.8302,103.44999999999982,0,0.0,0.0,0.0,0.0,0.0,nan
86,12.7135,77.4755,,,,,,,,,,,0.0,0.0,0,0.0,0.030847,31.4178,56.040899653979245,0,0.0,0.0,0.0,0.0,0.0,nan
87,12.7135,77.4845,,,,,,,,,,,0.0,0.0,0,0.0,0.03122,31.0305,56.040899653979245,0,0.0,0.0,0.0,0.0,0.0,nan
88,12.7135,77.4935,,,,,,,,,,,0.0,0.0,0,0.0,0.031576,30.6693,56.040899653979245,0,0.0,0.0,0.0,0.0,0.0,nan
89,12.7135,77.5025,,,,,,,,,,,0.0,0.0,0,0.0,0.031913,30.3351,56.040899653979245,0,0.0,0.0,0.0,0.0,0.0,nan
90,12.7135,77.5115,,,,,,,,,,,0.0,0.0,0,0.0,0.032228,30.0289,122.12000000000012,0,1.0,1.0,1.0,0.0,0.0,nan
91,12.7135,77.5205,,,,,,,,,,,0.0,0.0,0,0.0,0.032519,29.7514,56.040899653979245,0,0.0,0.0,0.0,0.0,0.0,nan
92,12.7135,77.5295,,,,,,,,,,,0.0,0.0,0,0.0,0.032783,29.5035,56.040899653979245,0,0.0,0.0,0.0,0.0,0.0,nan
93,12.7135,77.5385,,,,,,,,,,,0.0,0.0,0,0.0,0.033019,29.286,56.040899653979245,0,0.0,0.0,0.0,0.0,0.0,nan
94,12.7135,77.5475,,,,,,,,,,,0.0,0.0,0,0.0,0.033223,29.0995,56.040899653979245,0,0.0,0.0,0.0,0.0,0.0,nan
95,12.7135,77.5565,,,,,,,,,,,0.0,0.0,0,0.0,0.033395,28.9446,155.92999999999984,0,0.0,0.0,0.0,0.0,0.0,nan
96,12.7135,77.5655,,,,,,,,,,,0.0,0.0,0,0.0,0.033532,28.8219,56.040899653979245,0,0.0,0.0,0.0,0.0,0.0,nan
97,12.7135,77.5745,,,,,,,,,,,0.0,0.0,0,0.0,0.033634,28.7316,56.040899653979245,0,0.0,0.0,0.0,0.0,0.0,nan
98,12.7135,77.5835,,,,,,,,,,,0.0,0.0,0,0.0,0.033699,28.6743,56.040899653979245,0,0.0,0.0,0.0,0.0,0.0,nan
99,12.7135,77.5925,,,,,,,,,,,0.0,0.0,0,0.0,0.033727,28.65,56.040899653979245,0,0.0,0.0,0.0,0.0,0.0,nan
100,12.7135,77.6015,,,,,,,,,,,0.0,0.0,0,0.0,0.033717,28.6588,155.92999999999984,0,0.0,0.0,0.0,0.0,0.0,nan
101,12.7135,77.6105,,,,,,,,,,,0.0,0.0,0,0.0,0.033669,28.7008,56.040899653979245,0,0.0,0.0,0.0,0.0,0.0,nan
102,12.7135,77.6195,,,,,,,,,,,0.0,0.0,0,0.0,0.033584,28.7757,56.040899653979245,0,0.0,0.0,0.0,0.0,0.0,nan
103,12.7135,77.6285,,,,,,,,,,,0.0,0.0,0,0.0,0.033464,28.8833,56.040899653979245,0,0.0,0.0,0.0,0.0,0.0,nan
104,12.7135,77.6375,,,,,,,,,,,0.0,0.0,0,0.0,0.033308,29.0232,56.040899653979245,0,0.0,0.0,0.0,0.0,0.0,nan
105,12.7135,77.6465,,,,,,,,,,,0.0,0.0,0,0.0,0.033118,29.1951,150.5899999999997,0,0.0,0.0,0.0,0.0,0.0,nan
106,12.7135,77.6555,,,,,,,,,,,0.0,0.0,0,0.0,0.032897,29.3982,56.040899653979245,0,0.0,0.0,0.0,0.0,0.0,nan
107,12.7135,77.6645,,,,,,,,,,,0.0,0.0,0,0.0,0.032646,29.632,56.040899653979245,0,0.0,0.0,0.0,0.0,0.0,nan
108,12.7135,77.6735,,,,,,,,,,,0.0,0.0,0,0.0,0.032367,29.8958,56.040899653979245,0,0.0,0.0,0.0,0.0,0.0,nan
109,12.7135,77.6825,,,,,,,,,,,0.0,0.0,0,0.0,0.032063,30.1887,56.040899653979245,0,0.0,0.0,0.0,0.0,0.0,nan
110,12.7135,77.6915,,,,,,,,,,,0.0,0.0,0,0.0,0.031736,30.51,50.980000000000246,0,873.0,79.0,11.0506,0.0,0.0,nan
111,12.7135,77.7005,,,,,,,,,,,0.0,0.0,0,0.0,0.031389,30.8586,56.040899653979245,0,0.0,0.0,0.0,0.0,0.0,nan
112,12.7135,77.7095,,,,,,,,,,,0.0,0.0,0,0.0,0.031023,31.2339,56.040899653979245,0,0.0,0.0,0.0,0.0,0.0,nan
113,12.7135,77.7185,,,,,,,,,,,0.0,0.0,0,0.0,0.030642,31.6347,56.040899653979245,0,0.0,0.0,0.0,0.0,0.0,nan
114,12.7135,77.7275,,,,,,,,,,,0.0,0.0,0,0.0,0.030248,32.0601,56.040899653979245,0,0.0,0.0,0.0,0.0,0.0,nan
115,12.7135,77.7365,,,,,,,,,,,0.0,0.0,0,0.0,0.029843,32.5092,22.780000000000086,0,0.0,0.0,0.0,0.0,0.0,nan
116,12.7135,77.7455,,,,,,,,,,,0.0,0.0,0,0.0,0.029428,32.9809,56.040899653979245,0,0.0,0.0,0.0,0.0,0.0,nan
117,12.7135,77.7545,,,,,,,,,,,0.0,0.0,0,0.0,0.029007,33.4744,56.040899653979245,0,0.0,0.0,0.0,0.0,0.0,nan
118,12.7135,77.7635,,,,,,,,,,,0.0,0.0,0,0.0,0.028581,33.9887,56.040899653979245,0,0.0,0.0,0.0,0.0,0.0,nan
119,12.7135,77.7725,,,,,,,,,,,0.0,0.0,0,0.0,0.028151,34.5228,56.040899653979245,0,0.0,0.0,0.0,0.0,0.0,nan
120,12.7135,77.7815,,,,,,,,,,,0.0,0.0,0,0.0,0.027719,35.0759,22.780000000000086,0,15.0,15.0,1.0,0.0,0.0,nan
121,12.7135,77.7905,,,,,,,,,,,0.0,0.0,0,0.0,0.027287,35.647,56.040899653979245,0,0.0,0.0,0.0,0.0,0.0,nan
122,12.7135,77.7995,,,,,,,,,,,0.0,0.0,0,0.0,0.026856,36.2354,56.040899653979245,0,0.0,0.0,0.0,0.0,0.0,nan
123,12.7135,77.8085,,,,,,,,,,,0.0,0.0,0,0.0,0.026427,36.8401,56.040899653979245,0,0.0,0.0,0.0,0.0,0.0,nan
124,12.7135,77.8175,,,,,,,,,,,0.0,0.0,0,0.0,0.026001,37.4604,56.040899653979245,0,0.0,0.0,0.0,0.0,0.0,nan
125,12.7135,77.8265,,,,,,,,,,,0.0,0.0,0,0.0,0.025578,38.0956,25.180000000000064,0,0.0,0.0,0.0,0.0,0.0,nan
126,12.7135,77.8355,,,,,,,,,,,0.0,0.0,0,0.0,0.025161,38.7448,56.040899653979245,0,0.0,0.0,0.0,0.0,0.0,nan
127,12.7135,77.8445,,,,,,,,,,,0.0,0.0,0,0.0,0.024748,39.4075,56.040899653979245,0,0.0,0.0,0.0,0.0,0.0,nan
128,12.7135,77.8535,,,,,,,,,,,0.0,0.0,0,0.0,0.024341,40.0829,56.040899653979245,0,0.0,0.0,0.0,0.0,0.0,nan
129,12.7135,77.8625,,,,,,,,,,,0.0,0.0,0,0.0,0.02394,40.7704,56.040899653979245,0,0.0,0.0,0.0,0.0,0.0,nan
130,12.7135,77.8715,,,,,,,,,,,0.0,0.0,0,0.0,0.023546,41.4694,25.180000000000064,0,1.0,1.0,1.0,0.0,0.0,nan
131,12.7135,77.8805,,,,,,,,,,,0.0,0.0,0,0.0,0.023159,42.1793,56.040899653979245,0,0.0,0.0,0.0,0.0,0.0,nan
132,12.7135,77.8895,,,,,,,,,,,0.0,0.0,0,0.0,0.022779,42.8997,56.040899653979245,0,0.0,0.0,0.0,0.0,0.0,nan
133,12.7135,77.8985,,,,,,,,,,,0.0,0.0,0,0.0,0.022407,43.6299,56.040899653979245,0,0.0,0.0,0.0,0.0,0.0,nan
134,12.7225,77.3045,,,,,,,,,,,0.0,0.0,0,0.0,0.023339,41.8467,56.040899653979245,0,0.0,0.0,0.0,0.0,0.0,nan
135,12.7225,77.3135,,,,,,,,,,,0.0,0.0,0,0.0,0.023742,41.1203,124.62999999999988,0,0.0,0.0,0.0,0.0,0.0,nan
136,12.7225,77.3225,,,,,,,,,,,0.0,0.0,0,0.0,0.024152,40.4043,56.040899653979245,0,0.0,0.0,0.0,0.0,0.0,nan
137,12.7225,77.3315,,,,,,,,,,,0.0,0.0,0,0.0,0.02457,39.6994,56.040899653979245,0,0.0,0.0,0.0,0.0,0.0,nan
138,12.7225,77.3405,,,,,,,,,,,0.0,0.0,0,0.0,0.024996,39.006,56.040899653979245,0,0.0,0.0,0.0,0.0,0.0,nan
139,12.7225,77.3495,,,,,,,,,,,0.0,0.0,0,0.0,0.025429,38.3249,56.040899653979245,0,0.0,0.0,0.0,0.0,0.0,nan
140,12.7225,77.3585,,,,,,,,,,,0.0,0.0,0,0.0,0.025869,37.6567,56.040899653979245,0,0.0,0.0,0.0,0.0,0.0,nan
141,12.7225,77.3675,,,,,,,,,,,0.0,0.0,0,0.0,0.026314,37.0021,56.040899653979245,0,0.0,0.0,0.0,0.0,0.0,nan
142,12.7225,77.3765,,,,,,,,,,,0.0,0.0,0,0.0,0.026765,36.3618,56.040899653979245,0,0.0,0.0,0.0,0.0,0.0,nan
143,12.7225,77.3855,,,,,,,,,,,0.0,0.0,0,0.0,0.027221,35.7367,56.040899653979245,0,0.0,0.0,0.0,0.0,0.0,nan
144,12.7225,77.3945,,,,,,,,,,,0.0,0.0,0,0.0,0.02768,35.1274,56.040899653979245,0,0.0,0.0,0.0,0.0,0.0,nan
145,12.7225,77.4035,,,,,,,,,,,0.0,0.0,0,0.0,0.028141,34.5349,56.040899653979245,0,0.0,0.0,0.0,0.0,0.0,nan
146,12.7225,77.4125,,,,,,,,,,,0.0,0.0,0,0.0,0.028604,33.96,56.040899653979245,0,0.0,0.0,0.0,0.0,0.0,nan
147,12.7225,77.4215,,,,,,,,,,,0.0,0.0,0,0.0,0.029067,33.4037,56.040899653979245,0,0.0,0.0,0.0,0.0,0.0,nan
148,12.7225,77.4305,,,,,,,,,,,0.0,0.0,0,0.0,0.029527,32.8668,56.040899653979245,0,0.0,0.0,0.0,0.0,0.0,nan
149,12.7225,77.4395,,,,,,,,,,,0.0,0.0,0,0.0,0.029985,32.3504,56.040899653979245,0,0.0,0.0,0.0,0.0,0.0,nan
150,12.7225,77.4485,,,,,,,,,,,0.0,0.0,0,0.0,0.030436,31.8554,56.040899653979245,0,1.0,1.0,1.0,0.0,0.0,nan
151,12.7225,77.4575,,,,,,,,,,,0.0,0.0,0,0.0,0.03088,31.3829,56.040899653979245,0,0.0,0.0,0.0,0.0,0.0,nan
152,12.7225,77.4665,,,,,,,,,,,0.0,0.0,0,0.0,0.031315,30.9339,56.040899653979245,0,0.0,0.0,0.0,0.0,0.0,nan
153,12.7225,77.4755,,,,,,,,,,,0.0,0.0,0,0.0,0.031737,30.5094,56.040899653979245,0,0.0,0.0,0.0,0.0,0.0,nan
154,12.7225,77.4845,,,,,,,,,,,0.0,0.0,0,0.0,0.032143,30.1105,56.040899653979245,0,0.0,0.0,0.0,0.0,0.0,nan
155,12.7225,77.4935,,,,,,,,,,,0.0,0.0,0,0.0,0.032533,29.7381,56.040899653979245,0,0.0,0.0,0.0,0.0,0.0,nan
156,12.7225,77.5025,,,,,,,,,,,0.0,0.0,0,0.0,0.032902,29.3934,56.040899653979245,0,0.0,0.0,0.0,0.0,0.0,nan
157,12.7225,77.5115,,,,,,,,,,,0.0,0.0,0,0.0,0.033248,29.0772,56.040899653979245,0,0.0,0.0,0.0,0.0,0.0,nan
158,12.7225,77.5205,,,,,,,,,,,0.0,0.0,0,0.0,0.033568,28.7906,56.040899653979245,0,0.0,0.0,0.0,0.0,0.0,nan
159,12.7225,77.5295,,,,,,,,,,,0.0,0.0,0,0.0,0.033859,28.5344,56.040899653979245,0,0.0,0.0,0.0,0.0,0.0,nan
160,12.7225,77.5385,,,,,,,,,,,0.0,0.0,0,0.0,0.034119,28.3094,56.040899653979245,0,0.0,0.0,0.0,0.0,0.0,nan
161,12.7225,77.5475,,,,,,,,,,,0.0,0.0,0,0.0,0.034345,28.1165,56.040899653979245,0,0.0,0.0,0.0,0.0,0.0,nan
162,12.7225,77.5565,,,,,,,,,,,0.0,0.0,0,0.0,0.034535,27.9561,56.040899653979245,0,0.0,0.0,0.0,0.0,0.0,nan
163,12.7225,77.5655,,,,,,,,,,,0.0,0.0,0,0.0,0.034687,27.829,56.040899653979245,0,0.0,0.0,0.0,0.0,0.0,nan
164,12.7225,77.5745,,,,,,,,,,,0.0,0.0,0,0.0,0.0348,27.7356,56.040899653979245,0,0.0,0.0,0.0,0.0,0.0,nan
165,12.7225,77.5835,,,,,,,,,,,0.0,0.0,0,0.0,0.034872,27.6762,56.040899653979245,0,0.0,0.0,0.0,0.0,0.0,nan
166,12.7225,77.5925,,,,,,,,,,,0.0,0.0,0,0.0,0.034903,27.651,56.040899653979245,0,0.0,0.0,0.0,0.0,0.0,nan
167,12.7225,77.6015,,,,,,,,,,,0.0,0.0,0,0.0,0.034892,27.6602,56.040899653979245,0,0.0,0.0,0.0,0.0,0.0,nan
168,12.7225,77.6105,,,,,,,,,,,0.0,0.0,0,0.0,0.034839,27.7036,56.040899653979245,0,0.0,0.0,0.0,0.0,0.0,nan
169,12.7225,77.6195,,,,,,,,,,,0.0,0.0,0,0.0,0.034745,27.7812,56.040899653979245,0,0.0,0.0,0.0,0.0,0.0,nan
170,12.7225,77.6285,,,,,,,,,,,0.0,0.0,0,0.0,0.034611,27.8927,56.040899653979245,0,0.0,0.0,0.0,0.0,0.0,nan
171,12.7225,77.6375,,,,,,,,,,,0.0,0.0,0,0.0,0.034438,28.0375,56.040899653979245,0,0.0,0.0,0.0,0.0,0.0,nan
172,12.7225,77.6465,,,,,,,,,,,0.0,0.0,0,0.0,0.034229,28.2154,56.040899653979245,0,0.0,0.0,0.0,0.0,0.0,nan
173,12.7225,77.6555,,,,,,,,,,,0.0,0.0,0,0.0,0.033984,28.4255,56.040899653979245,0,0.0,0.0,0.0,0.0,0.0,nan
174,12.7225,77.6645,,,,,,,,,,,0.0,0.0,0,0.0,0.033707,28.6672,56.040899653979245,0,0.0,0.0,0.0,0.0,0.0,nan
175,12.7225,77.6735,,,,,,,,,,,0.0,0.0,0,0.0,0.0334,28.9397,56.040899653979245,0,0.0,0.0,0.0,0.0,0.0,nan
176,12.7225,77.6825,,,,,,,,,,,0.0,0.0,0,0.0,0.033066,29.2422,56.040899653979245,0,0.0,0.0,0.0,0.0,0.0,nan
177,12.7225,77.6915,,,,,,,,,,,0.0,0.0,0,0.0,0.032708,29.5737,56.040899653979245,0,0.0,0.0,0.0,0.0,0.0,nan
178,12.7225,77.7005,,,,,,,,,,,0.0,0.0,0,0.0,0.032328,29.9333,56.040899653979245,0,0.0,0.0,0.0,0.0,0.0,nan
179,12.7225,77.7095,,,,,,,,,,,0.0,0.0,0,0.0,0.031928,30.32,56.040899653979245,0,0.0,0.0,0.0,0.0,0.0,nan
180,12.7225,77.7185,,,,,,,,,,,0.0,0.0,0,0.0,0.031513,30.7327,56.040899653979245,0,0.0,0.0,0.0,0.0,0.0,nan
181,12.7225,77.7275,,,,,,,,,,,0.0,0.0,0,0.0,0.031084,31.1704,56.040899653979245,0,0.0,0.0,0.0,0.0,0.0,nan
182,12.7225,77.7365,,,,,,,,,,,0.0,0.0,0,0.0,0.030645,31.632,56.040899653979245,0,0.0,0.0,0.0,0.0,0.0,nan
183,12.7225,77.7455,,,,,,,,,,,0.0,0.0,0,0.0,0.030196,32.1167,56.040899653979245,0,0.0,0.0,0.0,0.0,0.0,nan
184,12.7225,77.7545,,,,,,,,,,,0.0,0.0,0,0.0,0.029741,32.6232,56.040899653979245,0,0.0,0.0,0.0,0.0,0.0,nan
185,12.7225,77.7635,,,,,,,,,,,0.0,0.0,0,0.0,0.029282,33.1506,56.040899653979245,0,0.0,0.0,0.0,0.0,0.0,nan
186,12.7225,77.7725,,,,,,,,,,,0.0,0.0,0,0.0,0.02882,33.698,56.040899653979245,0,0.0,0.0,0.0,0.0,0.0,nan
187,12.7225,77.7815,,,,,,,,,,,0.0,0.0,0,0.0,0.028357,34.2644,56.040899653979245,0,0.0,0.0,0.0,0.0,0.0,nan
188,12.7225,77.7905,,,,,,,,,,,0.0,0.0,0,0.0,0.027895,34.8488,56.040899653979245,0,0.0,0.0,0.0,0.0,0.0,nan
189,12.7225,77.7995,,,,,,,,,,,0.0,0.0,0,0.0,0.027435,35.4503,56.040899653979245,0,0.0,0.0,0.0,0.0,0.0,nan
190,12.7225,77.8085,,,,,,,,,,,0.0,0.0,0,0.0,0.026977,36.0682,56.040899653979245,0,10.0,10.0,1.0,0.0,0.0,nan
191,12.7225,77.8175,,,,,,,,,,,0.0,0.0,0,0.0,0.026524,36.7015,56.040899653979245,0,0.0,0.0,0.0,0.0,0.0,nan
192,12.7225,77.8265,,,,,,,,,,,0.0,0.0,0,0.0,0.026076,37.3495,56.040899653979245,0,0.0,0.0,0.0,0.0,0.0,nan
193,12.7225,77.8355,,,,,,,,,,,0.0,0.0,0,0.0,0.025633,38.0115,56.040899653979245,0,0.0,0.0,0.0,0.0,0.0,nan
194,12.7225,77.8445,,,,,,,,,,,0.0,0.0,0,0.0,0.025197,38.6866,56.040899653979245,0,0.0,0.0,0.0,0.0,0.0,nan
195,12.7225,77.8535,,,,,,,,,,,0.0,0.0,0,0.0,0.024768,39.3744,56.040899653979245,0,0.0,0.0,0.0,0.0,0.0,nan
196,12.7225,77.8625,,,,,,,,,,,0.0,0.0,0,0.0,0.024346,40.074,56.040899653979245,0,0.0,0.0,0.0,0.0,0.0,nan
197,12.7225,77.8715,,,,,,,,,,,0.0,0.0,0,0.0,0.023932,40.7849,56.040899653979245,0,0.0,0.0,0.0,0.0,0.0,nan
198,12.7225,77.8805,,,,,,,,,,,0.0,0.0,0,0.0,0.023526,41.5065,56.040899653979245,0,0.0,0.0,0.0,0.0,0.0,nan
199,12.7225,77.8895,,,,,,,,,,,0.0,0.0,0,0.0,0.023128,42.2382,56.040899653979245,0,0.0,0.0,0.0,0.0,0.0,nan
200,12.7225,77.8985,,,,,,,,,,,0.0,0.0,0,0.0,0.022738,42.9796,56.040899653979245,0,0.0,0.0,0.0,0.0,0.0,nan
201,12.7315,77.3045,,,,,,,,,,,0.0,0.0,0,0.0,0.023701,41.1926,56.040899653979245,0,0.0,0.0,0.0,0.0,0.0,nan
202,12.7315,77.3135,,,,,,,,,,,0.0,0.0,0,0.0,0.024123,40.4545,56.040899653979245,0,0.0,0.0,0.0,0.0,0.0,nan
203,12.7315,77.3225,,,,,,,,,,,0.0,0.0,0,0.0,0.024554,39.7266,56.040899653979245,0,0.0,0.0,0.0,0.0,0.0,nan
204,12.7315,77.3315,,,,,,,,,,,0.0,0.0,0,0.0,0.024994,39.0095,56.040899653979245,0,0.0,0.0,0.0,0.0,0.0,nan
205,12.7315,77.3405,,,,,,,,,,,0.0,0.0,0,0.0,0.025443,38.3037,56.040899653979245,0,0.0,0.0,0.0,0.0,0.0,nan
206,12.7315,77.3495,,,,,,,,,,,0.0,0.0,0,0.0,0.0259,37.6099,56.040899653979245,0,0.0,0.0,0.0,0.0,0.0,nan
207,12.7315,77.3585,,,,,,,,,,,0.0,0.0,0,0.0,0.026365,36.9288,56.040899653979245,0,0.0,0.0,0.0,0.0,0.0,nan
208,12.7315,77.3675,,,,,,,,,,,0.0,0.0,0,0.0,0.026838,36.2611,56.040899653979245,0,0.0,0.0,0.0,0.0,0.0,nan
209,12.7315,77.3765,,,,,,,,,,,0.0,0.0,0,0.0,0.027317,35.6075,56.040899653979245,0,0.0,0.0,0.0,0.0,0.0,nan
210,12.7315,77.3855,,,,,,,,,,,0.0,0.0,0,0.0,0.027802,34.9689,56.040899653979245,0,0.0,0.0,0.0,0.0,0.0,nan
211,12.7315,77.3945,,,,,,,,,,,0.0,0.0,0,0.0,0.028292,34.3461,56.040899653979245,0,0.0,0.0,0.0,0.0,0.0,nan
212,12.7315,77.4035,,,,,,,,,,,0.0,0.0,0,0.0,0.028785,33.7399,56.040899653979245,0,0.0,0.0,0.0,0.0,0.0,nan
213,12.7315,77.4125,,,,,,,,,,,0.0,0.0,0,0.0,0.029281,33.1513,56.040899653979245,0,0.0,0.0,0.0,0.0,0.0,nan
214,12.7315,77.4215,,,,,,,,,,,0.0,0.0,0,0.0,0.029779,32.5812,56.040899653979245,0,0.0,0.0,0.0,0.0,0.0,nan
215,12.7315,77.4305,,,,,,,,,,,0.0,0.0,0,0.0,0.030275,32.0306,56.040899653979245,0,0.0,0.0,0.0,0.0,0.0,nan
216,12.7315,77.4395,,,,,,,,,,,0.0,0.0,0,0.0,0.030769,31.5005,56.040899653979245,0,0.0,0.0,0.0,0.0,0.0,nan
217,12.7315,77.4485,,,,,,,,,,,0.0,0.0,0,0.0,0.031258,30.992,56.040899653979245,0,0.0,0.0,0.0,0.0,0.0,nan
218,12.7315,77.4575,,,,,,,,,,,0.0,0.0,0,0.0,0.03174,30.5061,56.040899653979245,0,0.0,0.0,0.0,0.0,0.0,nan
219,12.7315,77.4665,,,,,,,,,,,0.0,0.0,0,0.0,0.032212,30.044,56.040899653979245,0,0.0,0.0,0.0,0.0,0.0,nan
220,12.7315,77.4755,,,,,,,,,,,0.0,0.0,0,0.0,0.032672,29.6068,113.11000000000011,0,0.0,0.0,0.0,0.0,0.0,nan
221,12.7315,77.4845,,,,,,,,,,,0.0,0.0,0,0.0,0.033117,29.1956,56.040899653979245,0,0.0,0.0,0.0,0.0,0.0,nan
222,12.7315,77.4935,,,,,,,,,,,0.0,0.0,0,0.0,0.033544,28.8115,56.040899653979245,0,0.0,0.0,0.0,0.0,0.0,nan
223,12.7315,77.5025,,,,,,,,,,,0.0,0.0,0,0.0,0.03395,28.4555,56.040899653979245,0,0.0,0.0,0.0,0.0,0.0,nan
224,12.7315,77.5115,,,,,,,,,,,0.0,0.0,0,0.0,0.03433,28.1289,56.040899653979245,0,0.0,0.0,0.0,0.0,0.0,nan
225,12.7315,77.5205,,,,,,,,,,,0.0,0.0,0,0.0,0.034683,27.8325,113.11000000000011,0,0.0,0.0,0.0,0.0,0.0,nan
226,12.7315,77.5295,,,,,,,,,,,0.0,0.0,0,0.0,0.035005,27.5674,56.040899653979245,0,0.0,0.0,0.0,0.0,0.0,nan
227,12.7315,77.5385,,,,,,,,,,,0.0,0.0,0,0.0,0.035293,27.3345,56.040899653979245,0,0.0,0.0,0.0,0.0,0.0,nan
228,12.7315,77.5475,,,,,,,,,,,0.0,0.0,0,0.0,0.035543,27.1346,56.040899653979245,0,0.0,0.0,0.0,0.0,0.0,nan
229,12.7315,77.5565,,,,,,,,,,,0.0,0.0,0,0.0,0.035755,26.9685,56.040899653979245,0,0.0,0.0,0.0,0.0,0.0,nan
230,12.7315,77.5655,,,,,,,,,,,0.0,0.0,0,0.0,0.035924,26.8367,84.12999999999988,0,0.0,0.0,0.0,0.0,0.0,nan
231,12.7315,77.5745,,,,,,,,,,,0.0,0.0,0,0.0,0.036049,26.7398,56.040899653979245,0,0.0,0.0,0.0,0.0,0.0,nan
232,12.7315,77.5835,,,,,,,,,,,0.0,0.0,0,0.0,0.03613,26.6782,56.040899653979245,0,0.0,0.0,0.0,0.0,0.0,nan
233,12.7315,77.5925,,,,,,,,,,,0.0,0.0,0,0.0,0.036164,26.6521,56.040899653979245,0,0.0,0.0,0.0,0.0,0.0,nan
234,12.7315,77.6015,,,,,,,,,,,0.0,0.0,0,0.0,0.036151,26.6616,56.040899653979245,0,0.0,0.0,0.0,0.0,0.0,nan
235,12.7315,77.6105,,,,,,,,,,,0.0,0.0,0,0.0,0.036092,26.7066,84.12999999999988,0,0.0,0.0,0.0,0.0,0.0,nan
236,12.7315,77.6195,,,,,,,,,,,0.0,0.0,0,0.0,0.035988,26.7871,56.040899653979245,0,0.0,0.0,0.0,0.0,0.0,nan
237,12.7315,77.6285,,,,,,,,,,,0.0,0.0,0,0.0,0.035839,26.9027,56.040899653979245,0,0.0,0.0,0.0,0.0,0.0,nan
238,12.7315,77.6375,,,,,,,,,,,0.0,0.0,0,0.0,0.035647,27.0528,56.040899653979245,0,0.0,0.0,0.0,0.0,0.0,nan
239,12.7315,77.6465,,,,,,,,,,,0.0,0.0,0,0.0,0.035414,27.2371,56.040899653979245,0,0.0,0.0,0.0,0.0,0.0,nan
240,12.7315,77.6555,,,,,,,,,,,0.0,0.0,0,0.0,0.035144,27.4547,12.6400000000001,0,0.0,0.0,0.0,0.0,0.0,nan
241,12.7315,77.6645,,,,,,,,,,,0.0,0.0,0,0.0,0.034837,27.7048,56.040899653979245,0,0.0,0.0,0.0,0.0,0.0,nan
242,12.7315,77.6735,,,,,,,,,,,0.0,0.0,0,0.0,0.034499,27.9867,56.040899653979245,0,0.0,0.0,0.0,0.0,0.0,nan
243,12.7315,77.6825,,,,,,,,,,,0.0,0.0,0,0.0,0.03413,28.2994,56.040899653979245,0,0.0,0.0,0.0,0.0,0.0,nan
244,12.7315,77.6915,,,,,,,,,,,0.0,0.0,0,0.0,0.033736,28.6418,56.040899653979245,0,0.0,0.0,0.0,0.0,0.0,nan
245,12.7315,77.7005,,,,,,,,,,,0.0,0.0,0,0.0,0.033319,29.0129,12.6400000000001,0,0.0,0.0,0.0,0.0,0.0,nan
246,12.7315,77.7095,,,,,,,,,,,0.0,0.0,0,0.0,0.032882,29.4116,56.040899653979245,0,0.0,0.0,0.0,0.0,0.0,nan
247,12.7315,77.7185,,,,,,,,,,,0.0,0.0,0,0.0,0.032429,29.8368,56.040899653979245,0,0.0,0.0,0.0,0.0,0.0,nan
248,12.7315,77.7275,,,,,,,,,,,0.0,0.0,0,0.0,0.031962,30.2875,56.040899653979245,0,0.0,0.0,0.0,0.0,0.0,nan
249,12.7315,77.7365,,,,,,,,,,,0.0,0.0,0,0.0,0.031484,30.7624,56.040899653979245,0,0.0,0.0,0.0,0.0,0.0,nan
250,12.7315,77.7455,,,,,,,,,,,0.0,0.0,0,0.0,0.030998,31.2604,12.580000000000156,0,0.0,0.0,0.0,0.0,0.0,nan
251,12.7315,77.7545,,,,,,,,,,,0.0,0.0,0,0.0,0.030506,31.7806,56.040899653979245,0,0.0,0.0,0.0,0.0,0.0,nan
252,12.7315,77.7635,,,,,,,,,,,0.0,0.0,0,0.0,0.03001,32.3217,56.040899653979245,0,0.0,0.0,0.0,0.0,0.0,nan
253,12.7315,77.7725,,,,,,,,,,,0.0,0.0,0,0.0,0.029513,32.8829,56.040899653979245,0,0.0,0.0,0.0,0.0,0.0,nan
254,12.7315,77.7815,,,,,,,,,,,0.0,0.0,0,0.0,0.029017,33.463,56.040899653979245,0,0.0,0.0,0.0,0.0,0.0,nan
255,12.7315,77.7905,,,,,,,,,,,0.0,0.0,0,0.0,0.028522,34.0611,12.580000000000156,0,0.0,0.0,0.0,0.0,0.0,nan
256,12.7315,77.7995,,,,,,,,,,,0.0,0.0,0,0.0,0.02803,34.6763,56.040899653979245,0,0.0,0.0,0.0,0.0,0.0,nan
257,12.7315,77.8085,,,,,,,,,,,0.0,0.0,0,0.0,0.027542,35.3076,56.040899653979245,0,0.0,0.0,0.0,0.0,0.0,nan
258,12.7315,77.8175,,,,,,,,,,,0.0,0.0,0,0.0,0.02706,35.9543,56.040899653979245,0,0.0,0.0,0.0,0.0,0.0,nan
259,12.7315,77.8265,,,,,,,,,,,0.0,0.0,0,0.0,0.026585,36.6155,56.040899653979245,0,0.0,0.0,0.0,0.0,0.0,nan
260,12.7315,77.8355,,,,,,,,,,,0.0,0.0,0,0.0,0.026116,37.2904,53.020000000000095,0,54.0,29.0,1.8621,0.0,0.0,nan
261,12.7315,77.8445,,,,,,,,,,,0.0,0.0,0,0.0,0.025655,37.9784,56.040899653979245,0,0.0,0.0,0.0,0.0,0.0,nan
262,12.7315,77.8535,,,,,,,,,,,0.0,0.0,0,0.0,0.025203,38.6786,56.040899653979245,0,0.0,0.0,0.0,0.0,0.0,nan
263,12.7315,77.8625,,,,,,,,,,,0.0,0.0,0,0.0,0.024758,39.3906,56.040899653979245,0,0.0,0.0,0.0,0.0,0.0,nan
264,12.7315,77.8715,,,,,,,,,,,0.0,0.0,0,0.0,0.024323,40.1135,56.040899653979245,0,0.0,0.0,0.0,0.0,0.0,nan
265,12.7315,77.8805,,,,,,,,,,,0.0,0.0,0,0.0,0.023897,40.8469,58.58000000000004,0,0.0,0.0,0.0,0.0,0.0,nan
266,12.7315,77.8895,,,,,,,,,,,0.0,0.0,0,0.0,0.02348,41.5902,56.040899653979245,0,0.0,0.0,0.0,0.0,0.0,nan
267,12.7315,77.8985,,,,,,,,,,,0.0,0.0,0,0.0,0.023072,42.3429,56.040899653979245,0,0.0,0.0,0.0,0.0,0.0,nan
268,12.7405,77.3045,,,,,,,,,,,0.0,0.0,0,0.0,0.024066,40.5526,56.040899653979245,0,0.0,0.0,0.0,0.0,0.0,nan
269,12.7405,77.3135,,,,,,,,,,,0.0,0.0,0,0.0,0.024508,39.8026,56.040899653979245,0,0.0,0.0,0.0,0.0,0.0,nan
270,12.7405,77.3225,,,,,,,,,,,0.0,0.0,0,0.0,0.024961,39.0626,83.34000000000015,0,0.0,0.0,0.0,0.0,0.0,nan
271,12.7405,77.3315,,,,,,,,,,,0.0,0.0,0,0.0,0.025424,38.3331,56.040899653979245,0,0.0,0.0,0.0,0.0,0.0,nan
272,12.7405,77.3405,,,,,,,,,,,0.0,0.0,0,0.0,0.025897,37.6147,56.040899653979245,0,0.0,0.0,0.0,0.0,0.0,nan
273,12.7405,77.3495,,,,,,,,,,,0.0,0.0,0,0.0,0.02638,36.908,56.040899653979245,0,0.0,0.0,0.0,0.0,0.0,nan
274,12.7405,77.3585,,,,,,,,,,,0.0,0.0,0,0.0,0.026872,36.2138,56.040899653979245,0,0.0,0.0,0.0,0.0,0.0,nan
275,12.7405,77.3675,,,,,,,,,,,0.0,0.0,0,0.0,0.027373,35.5327,83.34000000000015,0,0.0,0.0,0.0,0.0,0.0,nan
276,12.7405,77.3765,,,,,,,,,,,0.0,0.0,0,0.0,0.027882,34.8655,56.040899653979245,0,0.0,0.0,0.0,0.0,0.0,nan
277,12.7405,77.3855,,,,,,,,,,,0.0,0.0,0,0.0,0.028399,34.2131,56.040899653979245,0,0.0,0.0,0.0,0.0,0.0,nan
278,12.7405,77.3945,,,,,,,,,,,0.0,0.0,0,0.0,0.028922,33.5763,56.040899653979245,0,0.0,0.0,0.0,0.0,0.0,nan
279,12.7405,77.4035,,,,,,,,,,,0.0,0.0,0,0.0,0.02945,32.956,56.040899653979245,0,0.0,0.0,0.0,0.0,0.0,nan
280,12.7405,77.4125,,,,,,,,,,,0.0,0.0,0,0.0,0.029982,32.3532,63.38999999999987,0,64.0,15.0,4.2667,0.0,0.0,nan
281,12.7405,77.4215,,,,,,,,,,,0.0,0.0,0,0.0,0.030517,31.7688,56.040899653979245,0,0.0,0.0,0.0,0.0,0.0,nan
282,12.7405,77.4305,,,,,,,,,,,0.0,0.0,0,0.0,0.031052,31.2039,56.040899653979245,0,0.0,0.0,0.0,0.0,0.0,nan
283,12.7405,77.4395,,,,,,,,,,,0.0,0.0,0,0.0,0.031586,30.6596,56.040899653979245,0,0.0,0.0,0.0,0.0,0.0,nan
284,12.7405,77.4485,,,,,,,,,,,0.0,0.0,0,0.0,0.032116,30.1369,56.040899653979245,0,0.0,0.0,0.0,0.0,0.0,nan
285,12.7405,77.4575,,,,,,,,,,,0.0,0.0,0,0.0,0.03264,29.6371,63.38999999999987,0,0.0,0.0,0.0,0.0,0.0,nan
286,12.7405,77.4665,,,,,,,,,,,0.0,0.0,0,0.0,0.033155,29.1613,56.040899653979245,0,0.0,0.0,0.0,0.0,0.0,nan
287,12.7405,77.4755,,,,,,,,,,,0.0,0.0,0,0.0,0.033658,28.7106,56.040899653979245,0,0.0,0.0,0.0,0.0,0.0,nan
288,12.7405,77.4845,,,,,,,,,,,0.0,0.0,0,0.0,0.034146,28.2864,56.040899653979245,0,0.0,0.0,0.0,0.0,0.0,nan
289,12.7405,77.4935,,,,,,,,,,,0.0,0.0,0,0.0,0.034614,27.8898,56.040899653979245,0,0.0,0.0,0.0,0.0,0.0,nan
290,12.7405,77.5025,,,,,,,,,,,0.0,0.0,0,0.0,0.035061,27.522,113.11000000000011,0,2929.0,68.0,43.0735,0.0,0.0,nan
291,12.7405,77.5115,,,,,,,,,,,0.0,0.0,0,0.0,0.035481,27.1841,56.040899653979245,0,0.0,0.0,0.0,0.0,0.0,nan
292,12.7405,77.5205,,,,,,,,,,,0.0,0.0,0,0.0,0.035871,26.8774,56.040899653979245,0,0.0,0.0,0.0,0.0,0.0,nan
293,12.7405,77.5295,,,,,,,,,,,0.0,0.0,0,0.0,0.036228,26.6028,56.040899653979245,0,0.0,0.0,0.0,0.0,0.0,nan
294,12.7405,77.5385,,,,,,,,,,,0.0,0.0,0,0.0,0.036548,26.3614,56.040899653979245,0,0.0,0.0,0.0,0.0,0.0,nan
295,12.7405,77.5475,,,,,,,,,,,0.0,0.0,0,0.0,0.036827,26.154,113.11000000000011,0,0.0,0.0,0.0,0.0,0.0,nan
296,12.7405,77.5565,,,,,,,,,,,0.0,0.0,0,0.0,0.037062,25.9816,56.040899653979245,0,0.0,0.0,0.0,0.0,0.0,nan
297,12.7405,77.5655,,,,,,,,,,,0.0,0.0,0,0.0,0.037251,25.8449,56.040899653979245,0,0.0,0.0,0.0,0.0,0.0,nan
298,12.7405,77.5745,,,,,,,,,,,0.0,0.0,0,0.0,0.037391,25.7442,56.040899653979245,0,0.0,0.0,0.0,0.0,0.0,nan
299,12.7405,77.5835,,,,,,,,,,,0.0,0.0,0,0.0,0.037481,25.6802,56.040899653979245,0,0.0,0.0,0.0,0.0,0.0,nan
300,12.7405,77.5925,,,,,,,,,,,0.0,0.0,0,0.0,0.037519,25.6531,84.12999999999988,0,0.0,0.0,0.0,0.0,0.0,nan
301,12.7405,77.6015,,,,,,,,,,,0.0,0.0,0,0.0,0.037505,25.663,56.040899653979245,0,0.0,0.0,0.0,0.0,0.0,nan
302,12.7405,77.6105,,,,,,,,,,,0.0,0.0,0,0.0,0.037439,25.7098,56.040899653979245,0,0.0,0.0,0.0,0.0,0.0,nan
303,12.7405,77.6195,,,,,,,,,,,0.0,0.0,0,0.0,0.037323,25.7934,56.040899653979245,0,0.0,0.0,0.0,0.0,0.0,nan
304,12.7405,77.6285,,,,,,,,,,,0.0,0.0,0,0.0,0.037156,25.9133,56.040899653979245,0,0.0,0.0,0.0,0.0,0.0,nan
305,12.7405,77.6375,,,,,,,,,,,0.0,0.0,0,0.0,0.036942,26.0692,78.78999999999996,0,0.0,0.0,0.0,0.0,0.0,nan
306,12.7405,77.6465,,,,,,,,,,,0.0,0.0,0,0.0,0.036683,26.2603,56.040899653979245,0,0.0,0.0,0.0,0.0,0.0,nan
307,12.7405,77.6555,,,,,,,,,,,0.0,0.0,0,0.0,0.036382,26.4859,56.040899653979245,0,0.0,0.0,0.0,0.0,0.0,nan
308,12.7405,77.6645,,,,,,,,,,,0.0,0.0,0,0.0,0.036042,26.7451,56.040899653979245,0,0.0,0.0,0.0,0.0,0.0,nan
309,12.7405,77.6735,,,,,,,,,,,0.0,0.0,0,0.0,0.035667,27.037,56.040899653979245,0,0.0,0.0,0.0,0.0,0.0,nan
310,12.7405,77.6825,,,,,,,,,,,0.0,0.0,0,0.0,0.03526,27.3605,12.6400000000001,0,0.0,0.0,0.0,0.0,0.0,nan
311,12.7405,77.6915,,,,,,,,,,,0.0,0.0,0,0.0,0.034826,27.7145,56.040899653979245,0,0.0,0.0,0.0,0.0,0.0,nan
312,12.7405,77.7005,,,,,,,,,,,0.0,0.0,0,0.0,0.034367,28.0978,56.040899653979245,0,0.0,0.0,0.0,0.0,0.0,nan
313,12.7405,77.7095,,,,,,,,,,,0.0,0.0,0,0.0,0.033888,28.5093,56.040899653979245,0,0.0,0.0,0.0,0.0,0.0,nan
314,12.7405,77.7185,,,,,,,,,,,0.0,0.0,0,0.0,0.033391,28.9478,56.040899653979245,0,0.0,0.0,0.0,0.0,0.0,nan
315,12.7405,77.7275,,,,,,,,,,,0.0,0.0,0,0.0,0.032882,29.412,12.580000000000156,0,0.0,0.0,0.0,0.0,0.0,nan
316,12.7405,77.7365,,,,,,,,,,,0.0,0.0,0,0.0,0.032362,29.9008,56.040899653979245,0,0.0,0.0,0.0,0.0,0.0,nan
317,12.7405,77.7455,,,,,,,,,,,0.0,0.0,0,0.0,0.031834,30.4129,56.040899653979245,0,0.0,0.0,0.0,0.0,0.0,nan
318,12.7405,77.7545,,,,,,,,,,,0.0,0.0,0,0.0,0.031302,30.9472,56.040899653979245,0,0.0,0.0,0.0,0.0,0.0,nan
319,12.7405,77.7635,,,,,,,,,,,0.0,0.0,0,0.0,0.030767,31.5027,56.040899653979245,0,0.0,0.0,0.0,0.0,0.0,nan
320,12.7405,77.7725,,,,,,,,,,,0.0,0.0,0,0.0,0.030231,32.0781,12.580000000000156,0,0.0,0.0,0.0,0.0,0.0,nan
321,12.7405,77.7815,,,,,,,,,,,0.0,0.0,0,0.0,0.029698,32.6725,56.040899653979245,0,0.0,0.0,0.0,0.0,0.0,nan
322,12.7405,77.7905,,,,,,,,,,,0.0,0.0,0,0.0,0.029168,33.2847,56.040899653979245,0,0.0,0.0,0.0,0.0,0.0,nan
323,12.7405,77.7995,,,,,,,,,,,0.0,0.0,0,0.0,0.028642,33.914,56.040899653979245,0,0.0,0.0,0.0,0.0,0.0,nan
324,12.7405,77.8085,,,,,,,,,,,0.0,0.0,0,0.0,0.028122,34.5592,56.040899653979245,0,0.0,0.0,0.0,0.0,0.0,nan
325,12.7405,77.8175,,,,,,,,,,,0.0,0.0,0,0.0,0.027609,35.2196,53.020000000000095,0,0.0,0.0,0.0,0.0,0.0,nan
326,12.7405,77.8265,,,,,,,,,,,0.0,0.0,0,0.0,0.027104,35.8943,56.040899653979245,0,0.0,0.0,0.0,0.0,0.0,nan
327,12.7405,77.8355,,,,,,,,,,,0.0,0.0,0,0.0,0.026608,36.5825,56.040899653979245,0,0.0,0.0,0.0,0.0,0.0,nan
328,12.7405,77.8445,,,,,,,,,,,0.0,0.0,0,0.0,0.026121,37.2834,56.040899653979245,0,0.0,0.0,0.0,0.0,0.0,nan
329,12.7405,77.8535,,,,,,,,,,,0.0,0.0,0,0.0,0.025643,37.9965,56.040899653979245,0,0.0,0.0,0.0,0.0,0.0,nan
330,12.7405,77.8625,,,,,,,,,,,0.0,0.0,0,0.0,0.025176,38.7209,53.020000000000095,0,0.0,0.0,0.0,0.0,0.0,nan
331,12.7405,77.8715,,,,,,,,,,,0.0,0.0,0,0.0,0.024718,39.456,56.040899653979245,0,0.0,0.0,0.0,0.0,0.0,nan
332,12.7405,77.8805,,,,,,,,,,,0.0,0.0,0,0.0,0.024271,40.2014,56.040899653979245,0,0.0,0.0,0.0,0.0,0.0,nan
333,12.7405,77.8895,,,,,,,,,,,0.0,0.0,0,0.0,0.023834,40.9564,56.040899653979245,0,0.0,0.0,0.0,0.0,0.0,nan
334,12.7405,77.8985,,,,,,,,,,,0.0,0.0,0,0.0,0.023408,41.7204,56.040899653979245,0,0.0,0.0,0.0,0.0,0.0,nan
335,12.7495,77.3045,,,,,,,,,,,0.0,0.0,0,0.0,0.024434,39.9272,56.040899653979245,0,0.0,0.0,0.0,0.0,0.0,nan
336,12.7495,77.3135,,,,,,,,,,,0.0,0.0,0,0.0,0.024897,39.1654,56.040899653979245,0,0.0,0.0,0.0,0.0,0.0,nan
337,12.7495,77.3225,,,,,,,,,,,0.0,0.0,0,0.0,0.025372,38.4132,56.040899653979245,0,0.0,0.0,0.0,0.0,0.0,nan
338,12.7495,77.3315,,,,,,,,,,,0.0,0.0,0,0.0,0.025859,37.6712,56.040899653979245,0,0.0,0.0,0.0,0.0,0.0,nan
339,12.7495,77.3405,,,,,,,,,,,0.0,0.0,0,0.0,0.026357,36.9399,56.040899653979245,0,0.0,0.0,0.0,0.0,0.0,nan
340,12.7495,77.3495,,,,,,,,,,,0.0,0.0,0,0.0,0.026867,36.2201,56.040899653979245,0,0.0,0.0,0.0,0.0,0.0,nan
341,12.7495,77.3585,,,,,,,,,,,0.0,0.0,0,0.0,0.027388,35.5125,56.040899653979245,0,0.0,0.0,0.0,0.0,0.0,nan
342,12.7495,77.3675,,,,,,,,,,,0.0,0.0,0,0.0,0.027919,34.8177,56.040899653979245,0,0.0,0.0,0.0,0.0,0.0,nan
343,12.7495,77.3765,,,,,,,,,,,0.0,0.0,0,0.0,0.02846,34.1367,56.040899653979245,0,0.0,0.0,0.0,0.0,0.0,nan
344,12.7495,77.3855,,,,,,,,,,,0.0,0.0,0,0.0,0.029011,33.4701,56.040899653979245,0,0.0,0.0,0.0,0.0,0.0,nan
345,12.7495,77.3945,,,,,,,,,,,0.0,0.0,0,0.0,0.029569,32.8189,56.040899653979245,0,0.0,0.0,0.0,0.0,0.0,nan
346,12.7495,77.4035,,,,,,,,,,,0.0,0.0,0,0.0,0.030135,32.1841,56.040899653979245,0,0.0,0.0,0.0,0.0,0.0,nan
347,12.7495,77.4125,,,,,,,,,,,0.0,0.0,0,0.0,0.030706,31.5665,56.040899653979245,0,0.0,0.0,0.0,0.0,0.0,nan
348,12.7495,77.4215,,,,,,,,,,,0.0,0.0,0,0.0,0.031282,30.9673,56.040899653979245,0,0.0,0.0,0.0,0.0,0.0,nan
349,12.7495,77.4305,,,,,,,,,,,0.0,0.0,0,0.0,0.03186,30.3876,56.040899653979245,0,0.0,0.0,0.0,0.0,0.0,nan
350,12.7495,77.4395,,,,,,,,,,,0.0,0.0,0,0.0,0.032438,29.8284,56.040899653979245,0,29.0,28.0,1.0357,0.0,0.0,nan
351,12.7495,77.4485,,,,,,,,,,,0.0,0.0,0,0.0,0.033013,29.291,56.040899653979245,0,0.0,0.0,0.0,0.0,0.0,nan
352,12.7495,77.4575,,,,,,,,,,,0.0,0.0,0,0.0,0.033584,28.7765,56.040899653979245,0,0.0,0.0,0.0,0.0,0.0,nan
353,12.7495,77.4665,,,,,,,,,,,0.0,0.0,0,0.0,0.034146,28.2862,56.040899653979245,0,0.0,0.0,0.0,0.0,0.0,nan
354,12.7495,77.4755,,,,,,,,,,,0.0,0.0,0,0.0,0.034696,27.8215,56.040899653979245,0,0.0,0.0,0.0,0.0,0.0,nan
355,12.7495,77.4845,,,,,,,,,,,0.0,0.0,0,0.0,0.035232,27.3835,56.040899653979245,0,0.0,0.0,0.0,0.0,0.0,nan
356,12.7495,77.4935,,,,,,,,,,,0.0,0.0,0,0.0,0.035748,26.9736,56.040899653979245,0,0.0,0.0,0.0,0.0,0.0,nan
357,12.7495,77.5025,,,,,,,,,,,0.0,0.0,0,0.0,0.036241,26.5932,56.040899653979245,0,0.0,0.0,0.0,0.0,0.0,nan
358,12.7495,77.5115,,,,,,,,,,,0.0,0.0,0,0.0,0.036706,26.2434,56.040899653979245,0,0.0,0.0,0.0,0.0,0.0,nan
359,12.7495,77.5205,,,,,,,,,,,0.0,0.0,0,0.0,0.03714,25.9255,56.040899653979245,0,0.0,0.0,0.0,0.0,0.0,nan
360,12.7495,77.5295,,,,,,,,,,,0.0,0.0,0,0.0,0.037536,25.6408,56.040899653979245,0,2.0,2.0,1.0,0.0,0.0,nan
361,12.7495,77.5385,,,,,,,,,,,0.0,0.0,0,0.0,0.037893,25.3902,56.040899653979245,0,0.0,0.0,0.0,0.0,0.0,nan
362,12.7495,77.5475,,,,,,,,,,,0.0,0.0,0,0.0,0.038205,25.1749,56.040899653979245,0,0.0,0.0,0.0,0.0,0.0,nan
363,12.7495,77.5565,,,,,,,,,,,0.0,0.0,0,0.0,0.038468,24.9958,56.040899653979245,0,0.0,0.0,0.0,0.0,0.0,nan
364,12.7495,77.5655,,,,,,,,,,,0.0,0.0,0,0.0,0.038679,24.8536,56.040899653979245,0,0.0,0.0,0.0,0.0,0.0,nan
365,12.7495,77.5745,,,,,,,,,,,0.0,0.0,0,0.0,0.038836,24.749,56.040899653979245,0,0.0,0.0,0.0,0.0,0.0,nan
366,12.7495,77.5835,,,,,,,,,,,0.0,0.0,0,0.0,0.038937,24.6824,56.040899653979245,0,0.0,0.0,0.0,0.0,0.0,nan
367,12.7495,77.5925,,,,,,,,,,,0.0,0.0,0,0.0,0.03898,24.6541,56.040899653979245,0,0.0,0.0,0.0,0.0,0.0,nan
368,12.7495,77.6015,,,,,,,,,,,0.0,0.0,0,0.0,0.038964,24.6644,56.040899653979245,0,0.0,0.0,0.0,0.0,0.0,nan
369,12.7495,77.6105,,,,,,,,,,,0.0,0.0,0,0.0,0.038891,24.7131,56.040899653979245,0,0.0,0.0,0.0,0.0,0.0,nan
370,12.7495,77.6195,,,,,,,,,,,0.0,0.0,0,0.0,0.03876,24.8,56.040899653979245,0,5.0,5.0,1.0,0.0,0.0,nan
371,12.7495,77.6285,,,,,,,,,,,0.0,0.0,0,0.0,0.038573,24.9248,56.040899653979245,0,0.0,0.0,0.0,0.0,0.0,nan
372,12.7495,77.6375,,,,,,,,,,,0.0,0.0,0,0.0,0.038334,25.0868,56.040899653979245,0,0.0,0.0,0.0,0.0,0.0,nan
373,12.7495,77.6465,,,,,,,,,,,0.0,0.0,0,0.0,0.038044,25.2853,56.040899653979245,0,0.0,0.0,0.0,0.0,0.0,nan
374,12.7495,77.6555,,,,,,,,,,,0.0,0.0,0,0.0,0.037708,25.5195,56.040899653979245,0,0.0,0.0,0.0,0.0,0.0,nan
375,12.7495,77.6645,,,,,,,,,,,0.0,0.0,0,0.0,0.03733,25.7884,56.040899653979245,0,0.0,0.0,0.0,0.0,0.0,nan
376,12.7495,77.6735,,,,,,,,,,,0.0,0.0,0,0.0,0.036913,26.091,56.040899653979245,0,0.0,0.0,0.0,0.0,0.0,nan
377,12.7495,77.6825,,,,,,,,,,,0.0,0.0,0,0.0,0.036462,26.426,56.040899653979245,0,0.0,0.0,0.0,0.0,0.0,nan
378,12.7495,77.6915,,,,,,,,,,,0.0,0.0,0,0.0,0.035981,26.7924,56.040899653979245,0,0.0,0.0,0.0,0.0,0.0,nan
379,12.7495,77.7005,,,,,,,,,,,0.0,0.0,0,0.0,0.035475,27.1887,56.040899653979245,0,0.0,0.0,0.0,0.0,0.0,nan
380,12.7495,77.7095,,,,,,,,,,,0.0,0.0,0,0.0,0.034948,27.6137,56.040899653979245,0,116.0,39.0,2.9744,0.0,0.0,nan
381,12.7495,77.7185,,,,,,,,,,,0.0,0.0,0,0.0,0.034404,28.0661,56.040899653979245,0,0.0,0.0,0.0,0.0,0.0,nan
382,12.7495,77.7275,,,,,,,,,,,0.0,0.0,0,0.0,0.033847,28.5446,56.040899653979245,0,0.0,0.0,0.0,0.0,0.0,nan
383,12.7495,77.7365,,,,,,,,,,,0.0,0.0,0,0.0,0.03328,29.0479,56.040899653979245,0,0.0,0.0,0.0,0.0,0.0,nan
384,12.7495,77.7455,,,,,,,,,,,0.0,0.0,0,0.0,0.032707,29.5748,56.040899653979245,0,0.0,0.0,0.0,0.0,0.0,nan
385,12.7495,77.7545,,,,,,,,,,,0.0,0.0,0,0.0,0.03213,30.124,12.580000000000156,0,0.0,0.0,0.0,0.0,0.0,nan
386,12.7495,77.7635,,,,,,,,,,,0.0,0.0,0,0.0,0.031551,30.6943,56.040899653979245,0,0.0,0.0,0.0,0.0,0.0,nan
387,12.7495,77.7725,,,,,,,,,,,0.0,0.0,0,0.0,0.030975,31.2846,56.040899653979245,0,0.0,0.0,0.0,0.0,0.0,nan
388,12.7495,77.7815,,,,,,,,,,,0.0,0.0,0,0.0,0.030401,31.8937,56.040899653979245,0,0.0,0.0,0.0,0.0,0.0,nan
389,12.7495,77.7905,,,,,,,,,,,0.0,0.0,0,0.0,0.029832,32.5206,56.040899653979245,0,0.0,0.0,0.0,0.0,0.0,nan
390,12.7495,77.7995,,,,,,,,,,,0.0,0.0,0,0.0,0.02927,33.1642,12.580000000000156,0,1.0,1.0,1.0,0.0,0.0,nan
391,12.7495,77.8085,,,,,,,,,,,0.0,0.0,0,0.0,0.028716,33.8237,56.040899653979245,0,0.0,0.0,0.0,0.0,0.0,nan
392,12.7495,77.8175,,,,,,,,,,,0.0,0.0,0,0.0,0.02817,34.4982,56.040899653979245,0,0.0,0.0,0.0,0.0,0.0,nan
393,12.7495,77.8265,,,,,,,,,,,0.0,0.0,0,0.0,0.027635,35.1866,56.040899653979245,0,0.0,0.0,0.0,0.0,0.0,nan
394,12.7495,77.8355,,,,,,,,,,,0.0,0.0,0,0.0,0.027109,35.8883,56.040899653979245,0,0.0,0.0,0.0,0.0,0.0,nan
395,12.7495,77.8445,,,,,,,,,,,0.0,0.0,0,0.0,0.026594,36.6026,53.020000000000095,0,0.0,0.0,0.0,0.0,0.0,nan
396,12.7495,77.8535,,,,,,,,,,,0.0,0.0,0,0.0,0.02609,37.3285,56.040899653979245,0,0.0,0.0,0.0,0.0,0.0,nan
397,12.7495,77.8625,,,,,,,,,,,0.0,0.0,0,0.0,0.025598,38.0656,56.040899653979245,0,0.0,0.0,0.0,0.0,0.0,nan
398,12.7495,77.8715,,,,,,,,,,,0.0,0.0,0,0.0,0.025117,38.8132,56.040899653979245,0,0.0,0.0,0.0,0.0,0.0,nan
399,12.7495,77.8805,,,,,,,,,,,0.0,0.0,0,0.0,0.024648,39.5706,56.040899653979245,0,0.0,0.0,0.0,0.0,0.0,nan
400,12.7495,77.8895,,,,,,,,,,,0.0,0.0,0,0.0,0.024191,40.3373,76.78000000000009,0,8.0,6.0,1.3333,0.0,0.0,nan
401,12.7495,77.8985,,,,,,,,,,,0.0,0.0,0,0.0,0.023746,41.1128,56.040899653979245,0,0.0,0.0,0.0,0.0,0.0,nan
402,12.7585,77.3045,,,,,,,,,,,0.0,0.0,0,0.0,0.024803,39.3174,56.040899653979245,0,0.0,0.0,0.0,0.0,0.0,nan
403,12.7585,77.3135,,,,,,,,,,,0.0,0.0,0,0.0,0.025289,38.5435,56.040899653979245,0,0.0,0.0,0.0,0.0,0.0,nan
404,12.7585,77.3225,,,,,,,,,,,0.0,0.0,0,0.0,0.025787,37.779,56.040899653979245,0,0.0,0.0,0.0,0.0,0.0,nan
405,12.7585,77.3315,,,,,,,,,,,0.0,0.0,0,0.0,0.026299,37.0243,83.34000000000015,0,0.0,0.0,0.0,0.0,0.0,nan
406,12.7585,77.3405,,,,,,,,,,,0.0,0.0,0,0.0,0.026824,36.2801,56.040899653979245,0,0.0,0.0,0.0,0.0,0.0,nan
407,12.7585,77.3495,,,,,,,,,,,0.0,0.0,0,0.0,0.027362,35.547,56.040899653979245,0,0.0,0.0,0.0,0.0,0.0,nan
408,12.7585,77.3585,,,,,,,,,,,0.0,0.0,0,0.0,0.027913,34.8257,56.040899653979245,0,0.0,0.0,0.0,0.0,0.0,nan
409,12.7585,77.3675,,,,,,,,,,,0.0,0.0,0,0.0,0.028476,34.1171,56.040899653979245,0,0.0,0.0,0.0,0.0,0.0,nan
410,12.7585,77.3765,,,,,,,,,,,0.0,0.0,0,0.0,0.029051,33.4217,69.38000000000011,0,0.0,0.0,0.0,0.0,0.0,nan
411,12.7585,77.3855,,,,,,,,,,,0.0,0.0,0,0.0,0.029638,32.7407,56.040899653979245,0,0.0,0.0,0.0,0.0,0.0,nan
412,12.7585,77.3945,,,,,,,,,,,0.0,0.0,0,0.0,0.030235,32.0747,56.040899653979245,0,0.0,0.0,0.0,0.0,0.0,nan
413,12.7585,77.4035,,,,,,,,,,,0.0,0.0,0,0.0,0.03084,31.4249,56.040899653979245,0,0.0,0.0,0.0,0.0,0.0,nan
414,12.7585,77.4125,,,,,,,,,,,0.0,0.0,0,0.0,0.031454,30.7922,56.040899653979245,0,0.0,0.0,0.0,0.0,0.0,nan
415,12.7585,77.4215,,,,,,,,,,,0.0,0.0,0,0.0,0.032074,30.1777,63.38999999999987,0,0.0,0.0,0.0,0.0,0.0,nan
416,12.7585,77.4305,,,,,,,,,,,0.0,0.0,0,0.0,0.032698,29.5825,56.040899653979245,0,0.0,0.0,0.0,0.0,0.0,nan
417,12.7585,77.4395,,,,,,,,,,,0.0,0.0,0,0.0,0.033325,29.0078,56.040899653979245,0,0.0,0.0,0.0,0.0,0.0,nan
418,12.7585,77.4485,,,,,,,,,,,0.0,0.0,0,0.0,0.03395,28.455,56.040899653979245,0,0.0,0.0,0.0,0.0,0.0,nan
419,12.7585,77.4575,,,,,,,,,,,0.0,0.0,0,0.0,0.034572,27.9251,56.040899653979245,0,0.0,0.0,0.0,0.0,0.0,nan
420,12.7585,77.4665,,,,,,,,,,,0.0,0.0,0,0.0,0.035187,27.4197,63.38999999999987,0,90.0,43.0,2.093,0.0,0.0,nan
421,12.7585,77.4755,,,,,,,,,,,0.0,0.0,0,0.0,0.035791,26.94,56.040899653979245,0,0.0,0.0,0.0,0.0,0.0,nan
422,12.7585,77.4845,,,,,,,,,,,0.0,0.0,0,0.0,0.03638,26.4875,56.040899653979245,0,0.0,0.0,0.0,0.0,0.0,nan
423,12.7585,77.4935,,,,,,,,,,,0.0,0.0,0,0.0,0.03695,26.0636,56.040899653979245,0,0.0,0.0,0.0,0.0,0.0,nan
424,12.7585,77.5025,,,,,,,,,,,0.0,0.0,0,0.0,0.037496,25.6697,56.040899653979245,0,0.0,0.0,0.0,0.0,0.0,nan
425,12.7585,77.5115,,,,,,,,,,,0.0,0.0,0,0.0,0.038013,25.3071,113.11000000000011,0,0.0,0.0,0.0,0.0,0.0,nan
426,12.7585,77.5205,,,,,,,,,,,0.0,0.0,0,0.0,0.038495,24.9774,56.040899653979245,0,0.0,0.0,0.0,0.0,0.0,nan
427,12.7585,77.5295,,,,,,,,,,,0.0,0.0,0,0.0,0.038938,24.6817,56.040899653979245,0,0.0,0.0,0.0,0.0,0.0,nan
428,12.7585,77.5385,,,,,,,,,,,0.0,0.0,0,0.0,0.039337,24.4213,56.040899653979245,0,0.0,0.0,0.0,0.0,0.0,nan
429,12.7585,77.5475,,,,,,,,,,,0.0,0.0,0,0.0,0.039687,24.1974,56.040899653979245,0,0.0,0.0,0.0,0.0,0.0,nan
430,12.7585,77.5565,,,,,,,,,,,0.0,0.0,0,0.0,0.039982,24.011,113.11000000000011,0,33.0,31.0,1.0645,0.0,0.0,nan
431,12.7585,77.5655,,,,,,,,,,,0.0,0.0,0,0.0,0.04022,23.863,56.040899653979245,0,0.0,0.0,0.0,0.0,0.0,nan
432,12.7585,77.5745,,,,,,,,,,,0.0,0.0,0,0.0,0.040398,23.754,56.040899653979245,0,0.0,0.0,0.0,0.0,0.0,nan
433,12.7585,77.5835,,,,,,,,,,,0.0,0.0,0,0.0,0.040511,23.6846,56.040899653979245,0,0.0,0.0,0.0,0.0,0.0,nan
434,12.7585,77.5925,,,,,,,,,,,0.0,0.0,0,0.0,0.040559,23.6552,56.040899653979245,0,0.0,0.0,0.0,0.0,0.0,nan
435,12.7585,77.6015,,,,,,,,,,,0.0,0.0,0,0.0,0.040542,23.6659,84.12999999999988,0,0.0,0.0,0.0,0.0,0.0,nan
436,12.7585,77.6105,,,,,,,,,,,0.0,0.0,0,0.0,0.040459,23.7166,56.040899653979245,0,0.0,0.0,0.0,0.0,0.0,nan
437,12.7585,77.6195,,,,,,,,,,,0.0,0.0,0,0.0,0.040311,23.8072,56.040899653979245,0,0.0,0.0,0.0,0.0,0.0,nan
438,12.7585,77.6285,,,,,,,,,,,0.0,0.0,0,0.0,0.040101,23.9371,56.040899653979245,0,0.0,0.0,0.0,0.0,0.0,nan
439,12.7585,77.6375,,,,,,,,,,,0.0,0.0,0,0.0,0.039832,24.1057,56.040899653979245,0,0.0,0.0,0.0,0.0,0.0,nan
440,12.7585,77.6465,,,,,,,,,,,0.0,0.0,0,0.0,0.039506,24.3123,12.6400000000001,0,47.0,45.0,1.0444,0.0,0.0,nan
441,12.7585,77.6555,,,,,,,,,,,0.0,0.0,0,0.0,0.03913,24.5557,56.040899653979245,0,0.0,0.0,0.0,0.0,0.0,nan
442,12.7585,77.6645,,,,,,,,,,,0.0,0.0,0,0.0,0.038707,24.8351,56.040899653979245,0,0.0,0.0,0.0,0.0,0.0,nan
443,12.7585,77.6735,,,,,,,,,,,0.0,0.0,0,0.0,0.038242,25.1491,56.040899653979245,0,0.0,0.0,0.0,0.0,0.0,nan
444,12.7585,77.6825,,,,,,,,,,,0.0,0.0,0,0.0,0.037741,25.4965,56.040899653979245,0,0.0,0.0,0.0,0.0,0.0,nan
445,12.7585,77.6915,,,,,,,,,,,0.0,0.0,0,0.0,0.037208,25.8759,12.6400000000001,0,0.0,0.0,0.0,0.0,0.0,nan
446,12.7585,77.7005,,,,,,,,,,,0.0,0.0,0,0.0,0.036649,26.286,56.040899653979245,0,0.0,0.0,0.0,0.0,0.0,nan
447,12.7585,77.7095,,,,,,,,,,,0.0,0.0,0,0.0,0.036068,26.7254,56.040899653979245,0,0.0,0.0,0.0,0.0,0.0,nan
448,12.7585,77.7185,,,,,,,,,,,0.0,0.0,0,0.0,0.03547,27.1925,56.040899653979245,0,0.0,0.0,0.0,0.0,0.0,nan
449,12.7585,77.7275,,,,,,,,,,,0.0,0.0,0,0.0,0.03486,27.6861,56.040899653979245,0,0.0,0.0,0.0,0.0,0.0,nan
450,12.7585,77.7365,,,,,,,,,,,0.0,0.0,0,0.0,0.034241,28.2047,12.580000000000156,0,35.0,35.0,1.0,0.0,0.0,nan
451,12.7585,77.7455,,,,,,,,,,,0.0,0.0,0,0.0,0.033617,28.747,56.040899653979245,0,0.0,0.0,0.0,0.0,0.0,nan
452,12.7585,77.7545,,,,,,,,,,,0.0,0.0,0,0.0,0.032991,29.3117,56.040899653979245,0,0.0,0.0,0.0,0.0,0.0,nan
453,12.7585,77.7635,,,,,,,,,,,0.0,0.0,0,0.0,0.032365,29.8975,56.040899653979245,0,0.0,0.0,0.0,0.0,0.0,nan
454,12.7585,77.7725,,,,,,,,,,,0.0,0.0,0,0.0,0.031743,30.5031,56.040899653979245,0,0.0,0.0,0.0,0.0,0.0,nan
455,12.7585,77.7815,,,,,,,,,,,0.0,0.0,0,0.0,0.031126,31.1274,12.580000000000156,0,0.0,0.0,0.0,0.0,0.0,nan
456,12.7585,77.7905,,,,,,,,,,,0.0,0.0,0,0.0,0.030516,31.7694,56.040899653979245,0,0.0,0.0,0.0,0.0,0.0,nan
457,12.7585,77.7995,,,,,,,,,,,0.0,0.0,0,0.0,0.029915,32.428,56.040899653979245,0,0.0,0.0,0.0,0.0,0.0,nan
458,12.7585,77.8085,,,,,,,,,,,0.0,0.0,0,0.0,0.029324,33.1021,56.040899653979245,0,0.0,0.0,0.0,0.0,0.0,nan
459,12.7585,77.8175,,,,,,,,,,,0.0,0.0,0,0.0,0.028743,33.7909,56.040899653979245,0,0.0,0.0,0.0,0.0,0.0,nan
460,12.7585,77.8265,,,,,,,,,,,0.0,0.0,0,0.0,0.028174,34.4934,53.020000000000095,0,1.0,1.0,1.0,0.0,0.0,nan
461,12.7585,77.8355,,,,,,,,,,,0.0,0.0,0,0.0,0.027618,35.2089,56.040899653979245,0,0.0,0.0,0.0,0.0,0.0,nan
462,12.7585,77.8445,,,,,,,,,,,0.0,0.0,0,0.0,0.027073,35.9366,56.040899653979245,0,0.0,0.0,0.0,0.0,0.0,nan
463,12.7585,77.8535,,,,,,,,,,,0.0,0.0,0,0.0,0.026542,36.6757,56.040899653979245,0,0.0,0.0,0.0,0.0,0.0,nan
464,12.7585,77.8625,,,,,,,,,,,0.0,0.0,0,0.0,0.026024,37.4256,56.040899653979245,0,0.0,0.0,0.0,0.0,0.0,nan
465,12.7585,77.8715,,,,,,,,,,,0.0,0.0,0,0.0,0.02552,38.1856,53.020000000000095,0,0.0,0.0,0.0,0.0,0.0,nan
466,12.7585,77.8805,,,,,,,,,,,0.0,0.0,0,0.0,0.025028,38.9551,56.040899653979245,0,0.0,0.0,0.0,0.0,0.0,nan
467,12.7585,77.8895,,,,,,,,,,,0.0,0.0,0,0.0,0.02455,39.7337,56.040899653979245,0,0.0,0.0,0.0,0.0,0.0,nan
468,12.7585,77.8985,,,,,,,,,,,0.0,0.0,0,0.0,0.024084,40.5207,56.040899653979245,0,0.0,0.0,0.0,0.0,0.0,nan
469,12.7675,77.3045,,,,,,,,,,,0.0,0.0,0,0.0,0.025174,38.7237,56.040899653979245,0,0.0,0.0,0.0,0.0,0.0,nan
470,12.7675,77.3135,,,,,,,,,,,0.0,0.0,0,0.0,0.025682,37.9378,83.34000000000015,0,0.0,0.0,0.0,0.0,0.0,nan
471,12.7675,77.3225,,,,,,,,,,,0.0,0.0,0,0.0,0.026205,37.1608,56.040899653979245,0,0.0,0.0,0.0,0.0,0.0,nan
472,12.7675,77.3315,,,,,,,,,,,0.0,0.0,0,0.0,0.026743,36.3934,56.040899653979245,0,0.0,0.0,0.0,0.0,0.0,nan
473,12.7675,77.3405,,,,,,,,,,,0.0,0.0,0,0.0,0.027295,35.6361,56.040899653979245,0,0.0,0.0,0.0,0.0,0.0,nan
474,12.7675,77.3495,,,,,,,,,,,0.0,0.0,0,0.0,0.027863,34.8895,56.040899653979245,0,0.0,0.0,0.0,0.0,0.0,nan
475,12.7675,77.3585,,,,,,,,,,,0.0,0.0,0,0.0,0.028446,34.1544,83.34000000000015,0,0.0,0.0,0.0,0.0,0.0,nan
476,12.7675,77.3675,,,,,,,,,,,0.0,0.0,0,0.0,0.029043,33.4315,56.040899653979245,0,0.0,0.0,0.0,0.0,0.0,nan
477,12.7675,77.3765,,,,,,,,,,,0.0,0.0,0,0.0,0.029654,32.7217,56.040899653979245,0,0.0,0.0,0.0,0.0,0.0,nan
478,12.7675,77.3855,,,,,,,,,,,0.0,0.0,0,0.0,0.030279,32.0258,56.040899653979245,0,0.0,0.0,0.0,0.0,0.0,nan
479,12.7675,77.3945,,,,,,,,,,,0.0,0.0,0,0.0,0.030917,31.3447,56.040899653979245,0,0.0,0.0,0.0,0.0,0.0,nan
480,12.7675,77.4035,,,,,,,,,,,0.0,0.0,0,0.0,0.031566,30.6795,63.38999999999987,0,0.0,0.0,0.0,0.0,0.0,nan
481,12.7675,77.4125,,,,,,,,,,,0.0,0.0,0,0.0,0.032226,30.0311,56.040899653979245,0,0.0,0.0,0.0,0.0,0.0,nan
482,12.7675,77.4215,,,,,,,,,,,0.0,0.0,0,0.0,0.032894,29.4008,56.040899653979245,0,0.0,0.0,0.0,0.0,0.0,nan
483,12.7675,77.4305,,,,,,,,,,,0.0,0.0,0,0.0,0.033569,28.7896,56.040899653979245,0,0.0,0.0,0.0,0.0,0.0,nan
484,12.7675,77.4395,,,,,,,,,,,0.0,0.0,0,0.0,0.034248,28.1988,56.040899653979245,0,0.0,0.0,0.0,0.0,0.0,nan
485,12.7675,77.4485,,,,,,,,,,,0.0,0.0,0,0.0,0.034929,27.6298,63.38999999999987,0,0.0,0.0,0.0,0.0,0.0,nan
486,12.7675,77.4575,,,,,,,,,,,0.0,0.0,0,0.0,0.035608,27.0838,56.040899653979245,0,0.0,0.0,0.0,0.0,0.0,nan
487,12.7675,77.4665,,,,,,,,,,,0.0,0.0,0,0.0,0.036281,26.5624,56.040899653979245,0,0.0,0.0,0.0,0.0,0.0,nan
488,12.7675,77.4755,,,,,,,,,,,0.0,0.0,0,0.0,0.036945,26.067,56.040899653979245,0,0.0,0.0,0.0,0.0,0.0,nan
489,12.7675,77.4845,,,,,,,,,,,0.0,0.0,0,0.0,0.037595,25.5991,56.040899653979245,0,0.0,0.0,0.0,0.0,0.0,nan
490,12.7675,77.4935,,,,,,,,,,,0.0,0.0,0,0.0,0.038226,25.1603,113.11000000000011,0,356.0,59.0,6.0339,0.0,0.0,nan
491,12.7675,77.5025,,,,,,,,,,,0.0,0.0,0,0.0,0.038832,24.752,56.040899653979245,0,0.0,0.0,0.0,0.0,0.0,nan
492,12.7675,77.5115,,,,,,,,,,,0.0,0.0,0,0.0,0.039407,24.3759,56.040899653979245,0,0.0,0.0,0.0,0.0,0.0,nan
493,12.7675,77.5205,,,,,,,,,,,0.0,0.0,0,0.0,0.039947,24.0333,56.040899653979245,0,0.0,0.0,0.0,0.0,0.0,nan
494,12.7675,77.5295,,,,,,,,,,,0.0,0.0,0,0.0,0.040443,23.7259,56.040899653979245,0,0.0,0.0,0.0,0.0,0.0,nan
495,12.7675,77.5385,,,,,,,,,,,0.0,0.0,0,0.0,0.040891,23.455,113.11000000000011,0,0.0,0.0,0.0,0.0,0.0,nan
496,12.7675,77.5475,,,,,,,,,,,0.0,0.0,0,0.0,0.041285,23.2218,56.040899653979245,0,0.0,0.0,0.0,0.0,0.0,nan
497,12.7675,77.5565,,,,,,,,,,,0.0,0.0,0,0.0,0.041619,23.0275,56.040899653979245,0,0.0,0.0,0.0,0.0,0.0,nan
498,12.7675,77.5655,,,,,,,,,,,0.0,0.0,0,0.0,0.041888,22.8731,56.040899653979245,0,0.0,0.0,0.0,0.0,0.0,nan
499,12.7675,77.5745,,,,,,,,,,,0.0,0.0,0,0.0,0.042089,22.7594,56.040899653979245,0,0.0,0.0,0.0,0.0,0.0,nan
500,12.7675,77.5835,,,,,,,,,,,0.0,0.0,0,0.0,0.042217,22.6869,56.040899653979245,0,8193.0,94.0,87.1596,0.0,0.0,nan
501,12.7675,77.5925,,,,,,,,,,,0.0,0.0,0,0.0,0.042272,22.6562,56.040899653979245,0,0.0,0.0,0.0,0.0,0.0,nan
502,12.7675,77.6015,,,,,,,,,,,0.0,0.0,0,0.0,0.042252,22.6674,56.040899653979245,0,0.0,0.0,0.0,0.0,0.0,nan
503,12.7675,77.6105,,,,,,,,,,,0.0,0.0,0,0.0,0.042158,22.7204,56.040899653979245,0,0.0,0.0,0.0,0.0,0.0,nan
504,12.7675,77.6195,,,,,,,,,,,0.0,0.0,0,0.0,0.041991,22.8149,56.040899653979245,0,0.0,0.0,0.0,0.0,0.0,nan
505,12.7675,77.6285,,,,,,,,,,,0.0,0.0,0,0.0,0.041753,22.9504,56.040899653979245,0,0.0,0.0,0.0,0.0,0.0,nan
506,12.7675,77.6375,,,,,,,,,,,0.0,0.0,0,0.0,0.041449,23.1262,56.040899653979245,0,0.0,0.0,0.0,0.0,0.0,nan
507,12.7675,77.6465,,,,,,,,,,,0.0,0.0,0,0.0,0.041082,23.3414,56.040899653979245,0,0.0,0.0,0.0,0.0,0.0,nan
508,12.7675,77.6555,,,,,,,,,,,0.0,0.0,0,0.0,0.040659,23.5949,56.040899653979245,0,0.0,0.0,0.0,0.0,0.0,nan
509,12.7675,77.6645,,,,,,,,,,,0.0,0.0,0,0.0,0.040184,23.8854,56.040899653979245,0,0.0,0.0,0.0,0.0,0.0,nan
510,12.7675,77.6735,,,,,,,,,,,0.0,0.0,0,0.0,0.039664,24.2117,56.040899653979245,0,0.0,0.0,0.0,0.0,0.0,nan
511,12.7675,77.6825,,,,,,,,,,,0.0,0.0,0,0.0,0.039105,24.5724,56.040899653979245,0,0.0,0.0,0.0,0.0,0.0,nan
512,12.7675,77.6915,,,,,,,,,,,0.0,0.0,0,0.0,0.038512,24.9658,56.040899653979245,0,0.0,0.0,0.0,0.0,0.0,nan
513,12.7675,77.7005,,,,,,,,,,,0.0,0.0,0,0.0,0.037892,25.3906,56.040899653979245,0,0.0,0.0,0.0,0.0,0.0,nan
514,12.7675,77.7095,,,,,,,,,,,0.0,0.0,0,0.0,0.037251,25.8451,56.040899653979245,0,0.0,0.0,0.0,0.0,0.0,nan
515,12.7675,77.7185,,,,,,,,,,,0.0,0.0,0,0.0,0.036593,26.3279,56.040899653979245,0,0.0,0.0,0.0,0.0,0.0,nan
516,12.7675,77.7275,,,,,,,,,,,0.0,0.0,0,0.0,0.035923,26.8374,56.040899653979245,0,0.0,0.0,0.0,0.0,0.0,nan
517,12.7675,77.7365,,,,,,,,,,,0.0,0.0,0,0.0,0.035246,27.372,56.040899653979245,0,0.0,0.0,0.0,0.0,0.0,nan
518,12.7675,77.7455,,,,,,,,,,,0.0,0.0,0,0.0,0.034566,27.9305,56.040899653979245,0,0.0,0.0,0.0,0.0,0.0,nan
519,12.7675,77.7545,,,,,,,,,,,0.0,0.0,0,0.0,0.033885,28.5113,56.040899653979245,0,0.0,0.0,0.0,0.0,0.0,nan
520,12.7675,77.7635,,,,,,,,,,,0.0,0.0,0,0.0,0.033208,29.1131,56.040899653979245,0,34.0,22.0,1.5455,0.0,0.0,nan
521,12.7675,77.7725,,,,,,,,,,,0.0,0.0,0,0.0,0.032537,29.7346,56.040899653979245,0,0.0,0.0,0.0,0.0,0.0,nan
522,12.7675,77.7815,,,,,,,,,,,0.0,0.0,0,0.0,0.031873,30.3748,56.040899653979245,0,0.0,0.0,0.0,0.0,0.0,nan
523,12.7675,77.7905,,,,,,,,,,,0.0,0.0,0,0.0,0.031218,31.0323,56.040899653979245,0,0.0,0.0,0.0,0.0,0.0,nan
524,12.7675,77.7995,,,,,,,,,,,0.0,0.0,0,0.0,0.030575,31.7061,56.040899653979245,0,0.0,0.0,0.0,0.0,0.0,nan
525,12.7675,77.8085,,,,,,,,,,,0.0,0.0,0,0.0,0.029944,32.3952,56.040899653979245,0,0.0,0.0,0.0,0.0,0.0,nan
526,12.7675,77.8175,,,,,,,,,,,0.0,0.0,0,0.0,0.029327,33.0986,56.040899653979245,0,0.0,0.0,0.0,0.0,0.0,nan
527,12.7675,77.8265,,,,,,,,,,,0.0,0.0,0,0.0,0.028723,33.8155,56.040899653979245,0,0.0,0.0,0.0,0.0,0.0,nan
528,12.7675,77.8355,,,,,,,,,,,0.0,0.0,0,0.0,0.028133,34.545,56.040899653979245,0,0.0,0.0,0.0,0.0,0.0,nan
529,12.7675,77.8445,,,,,,,,,,,0.0,0.0,0,0.0,0.027559,35.2863,56.040899653979245,0,0.0,0.0,0.0,0.0,0.0,nan
530,12.7675,77.8535,,,,,,,,,,,0.0,0.0,0,0.0,0.026999,36.0387,56.040899653979245,0,2.0,2.0,1.0,0.0,0.0,nan
531,12.7675,77.8625,,,,,,,,,,,0.0,0.0,0,0.0,0.026454,36.8015,56.040899653979245,0,0.0,0.0,0.0,0.0,0.0,nan
532,12.7675,77.8715,,,,,,,,,,,0.0,0.0,0,0.0,0.025924,37.5741,56.040899653979245,0,0.0,0.0,0.0,0.0,0.0,nan
533,12.7675,77.8805,,,,,,,,,,,0.0,0.0,0,0.0,0.025409,38.3559,56.040899653979245,0,0.0,0.0,0.0,0.0,0.0,nan
534,12.7675,77.8895,,,,,,,,,,,0.0,0.0,0,0.0,0.024909,39.1463,56.040899653979245,0,0.0,0.0,0.0,0.0,0.0,nan
535,12.7675,77.8985,,,,,,,,,,,0.0,0.0,0,0.0,0.024423,39.9448,56.040899653979245,0,0.0,0.0,0.0,0.0,0.0,nan
536,12.7765,77.3045,,,,,,,,,,,0.0,0.0,0,0.0,0.025545,38.1469,56.040899653979245,0,0.0,0.0,0.0,0.0,0.0,nan
537,12.7765,77.3135,,,,,,,,,,,0.0,0.0,0,0.0,0.026076,37.3489,56.040899653979245,0,0.0,0.0,0.0,0.0,0.0,nan
538,12.7765,77.3225,,,,,,,,,,,0.0,0.0,0,0.0,0.026624,36.5595,56.040899653979245,0,0.0,0.0,0.0,0.0,0.0,nan
539,12.7765,77.3315,,,,,,,,,,,0.0,0.0,0,0.0,0.027189,35.7792,56.040899653979245,0,0.0,0.0,0.0,0.0,0.0,nan
540,12.7765,77.3405,,,,,,,,,,,0.0,0.0,0,0.0,0.027771,35.0087,56.040899653979245,0,0.0,0.0,0.0,0.0,0.0,nan
541,12.7765,77.3495,,,,,,,,,,,0.0,0.0,0,0.0,0.02837,34.2485,56.040899653979245,0,0.0,0.0,0.0,0.0,0.0,nan
542,12.7765,77.3585,,,,,,,,,,,0.0,0.0,0,0.0,0.028986,33.4994,56.040899653979245,0,0.0,0.0,0.0,0.0,0.0,nan
543,12.7765,77.3675,,,,,,,,,,,0.0,0.0,0,0.0,0.029619,32.7621,56.040899653979245,0,0.0,0.0,0.0,0.0,0.0,nan
544,12.7765,77.3765,,,,,,,,,,,0.0,0.0,0,0.0,0.030269,32.0375,56.040899653979245,0,0.0,0.0,0.0,0.0,0.0,nan
545,12.7765,77.3855,,,,,,,,,,,0.0,0.0,0,0.0,0.030934,31.3265,56.040899653979245,0,0.0,0.0,0.0,0.0,0.0,nan
546,12.7765,77.3945,,,,,,,,,,,0.0,0.0,0,0.0,0.031616,30.6299,56.040899653979245,0,0.0,0.0,0.0,0.0,0.0,nan
547,12.7765,77.4035,,,,,,,,,,,0.0,0.0,0,0.0,0.032311,29.9489,56.040899653979245,0,0.0,0.0,0.0,0.0,0.0,nan
548,12.7765,77.4125,,,,,,,,,,,0.0,0.0,0,0.0,0.03302,29.2844,56.040899653979245,0,0.0,0.0,0.0,0.0,0.0,nan
549,12.7765,77.4215,,,,,,,,,,,0.0,0.0,0,0.0,0.033741,28.6376,56.040899653979245,0,0.0,0.0,0.0,0.0,0.0,nan
550,12.7765,77.4305,,,,,,,,,,,0.0,0.0,0,0.0,0.034471,28.0098,63.38999999999987,0,0.0,0.0,0.0,0.0,0.0,nan
551,12.7765,77.4395,,,,,,,,,,,0.0,0.0,0,0.0,0.035208,27.4023,56.040899653979245,0,0.0,0.0,0.0,0.0,0.0,nan
552,12.7765,77.4485,,,,,,,,,,,0.0,0.0,0,0.0,0.03595,26.8164,56.040899653979245,0,0.0,0.0,0.0,0.0,0.0,nan
553,12.7765,77.4575,,,,,,,,,,,0.0,0.0,0,0.0,0.036692,26.2536,56.040899653979245,0,0.0,0.0,0.0,0.0,0.0,nan
554,12.7765,77.4665,,,,,,,,,,,0.0,0.0,0,0.0,0.037432,25.7154,56.040899653979245,0,0.0,0.0,0.0,0.0,0.0,nan
555,12.7765,77.4755,,,,,,,,,,,0.0,0.0,0,0.0,0.038163,25.2034,113.11000000000011,0,0.0,0.0,0.0,0.0,0.0,nan
556,12.7765,77.4845,,,,,,,,,,,0.0,0.0,0,0.0,0.038881,24.7192,56.040899653979245,0,0.0,0.0,0.0,0.0,0.0,nan
557,12.7765,77.4935,,,,,,,,,,,0.0,0.0,0,0.0,0.039581,24.2644,56.040899653979245,0,0.0,0.0,0.0,0.0,0.0,nan
558,12.7765,77.5025,,,,,,,,,,,0.0,0.0,0,0.0,0.040256,23.8409,56.040899653979245,0,0.0,0.0,0.0,0.0,0.0,nan
559,12.7765,77.5115,,,,,,,,,,,0.0,0.0,0,0.0,0.0409,23.4501,56.040899653979245,0,0.0,0.0,0.0,0.0,0.0,nan
560,12.7765,77.5205,,,,,,,,,,,0.0,0.0,0,0.0,0.041504,23.0939,113.11000000000011,0,103.0,57.0,1.807,0.0,0.0,nan
561,12.7765,77.5295,,,,,,,,,,,0.0,0.0,0,0.0,0.042063,22.7739,56.040899653979245,0,0.0,0.0,0.0,0.0,0.0,nan
562,12.7765,77.5385,,,,,,,,,,,0.0,0.0,0,0.0,0.042569,22.4915,56.040899653979245,0,0.0,0.0,0.0,0.0,0.0,nan
563,12.7765,77.5475,,,,,,,,,,,0.0,0.0,0,0.0,0.043014,22.2482,56.040899653979245,0,0.0,0.0,0.0,0.0,0.0,nan
564,12.7765,77.5565,,,,,,,,,,,0.0,0.0,0,0.0,0.043393,22.0453,56.040899653979245,0,0.0,0.0,0.0,0.0,0.0,nan
565,12.7765,77.5655,,,,,,,,,,,0.0,0.0,0,0.0,0.043699,21.884,84.12999999999988,0,0.0,0.0,0.0,0.0,0.0,nan
566,12.7765,77.5745,,,,,,,,,,,0.0,0.0,0,0.0,0.043927,21.7651,56.040899653979245,0,0.0,0.0,0.0,0.0,0.0,nan
567,12.7765,77.5835,,,,,,,,,,,0.0,0.0,0,0.0,0.044073,21.6894,56.040899653979245,0,0.0,0.0,0.0,0.0,0.0,nan
568,12.7765,77.5925,,,,,,,,,,,0.0,0.0,0,0.0,0.044136,21.6573,56.040899653979245,0,0.0,0.0,0.0,0.0,0.0,nan
569,12.7765,77.6015,,,,,,,,,,,0.0,0.0,0,0.0,0.044113,21.669,56.040899653979245,0,0.0,0.0,0.0,0.0,0.0,nan
570,12.7765,77.6105,,,,,,,,,,,0.0,0.0,0,0.0,0.044006,21.7244,84.12999999999988,0,847.0,105.0,8.0667,0.0,0.0,nan
571,12.7765,77.6195,,,,,,,,,,,0.0,0.0,0,0.0,0.043815,21.8232,56.040899653979245,0,0.0,0.0,0.0,0.0,0.0,nan
572,12.7765,77.6285,,,,,,,,,,,0.0,0.0,0,0.0,0.043545,21.9648,56.040899653979245,0,0.0,0.0,0.0,0.0,0.0,nan
573,12.7765,77.6375,,,,,,,,,,,0.0,0.0,0,0.0,0.0432,22.1484,56.040899653979245,0,0.0,0.0,0.0,0.0,0.0,nan
574,12.7765,77.6465,,,,,,,,,,,0.0,0.0,0,0.0,0.042784,22.373,56.040899653979245,0,0.0,0.0,0.0,0.0,0.0,nan
575,12.7765,77.6555,,,,,,,,,,,0.0,0.0,0,0.0,0.042306,22.6373,12.6400000000001,0,0.0,0.0,0.0,0.0,0.0,nan
576,12.7765,77.6645,,,,,,,,,,,0.0,0.0,0,0.0,0.041771,22.94,56.040899653979245,0,0.0,0.0,0.0,0.0,0.0,nan
577,12.7765,77.6735,,,,,,,,,,,0.0,0.0,0,0.0,0.041187,23.2795,56.040899653979245,0,0.0,0.0,0.0,0.0,0.0,nan
578,12.7765,77.6825,,,,,,,,,,,0.0,0.0,0,0.0,0.040561,23.6543,56.040899653979245,0,0.0,0.0,0.0,0.0,0.0,nan
579,12.7765,77.6915,,,,,,,,,,,0.0,0.0,0,0.0,0.0399,24.0628,56.040899653979245,0,0.0,0.0,0.0,0.0,0.0,nan
580,12.7765,77.7005,,,,,,,,,,,0.0,0.0,0,0.0,0.039211,24.5032,12.6400000000001,0,1543.0,60.0,25.7167,0.0,0.0,nan
581,12.7765,77.7095,,,,,,,,,,,0.0,0.0,0,0.0,0.0385,24.9739,56.040899653979245,0,0.0,0.0,0.0,0.0,0.0,nan
582,12.7765,77.7185,,,,,,,,,,,0.0,0.0,0,0.0,0.037774,25.4731,56.040899653979245,0,0.0,0.0,0.0,0.0,0.0,nan
583,12.7765,77.7275,,,,,,,,,,,0.0,0.0,0,0.0,0.037038,25.9993,56.040899653979245,0,0.0,0.0,0.0,0.0,0.0,nan
584,12.7765,77.7365,,,,,,,,,,,0.0,0.0,0,0.0,0.036297,26.5508,56.040899653979245,0,0.0,0.0,0.0,0.0,0.0,nan
585,12.7765,77.7455,,,,,,,,,,,0.0,0.0,0,0.0,0.035554,27.1261,12.580000000000156,0,0.0,0.0,0.0,0.0,0.0,nan
586,12.7765,77.7545,,,,,,,,,,,0.0,0.0,0,0.0,0.034814,27.7237,56.040899653979245,0,0.0,0.0,0.0,0.0,0.0,nan
587,12.7765,77.7635,,,,,,,,,,,0.0,0.0,0,0.0,0.034081,28.3422,56.040899653979245,0,0.0,0.0,0.0,0.0,0.0,nan
588,12.7765,77.7725,,,,,,,,,,,0.0,0.0,0,0.0,0.033355,28.9803,56.040899653979245,0,0.0,0.0,0.0,0.0,0.0,nan
589,12.7765,77.7815,,,,,,,,,,,0.0,0.0,0,0.0,0.032641,29.6366,56.040899653979245,0,0.0,0.0,0.0,0.0,0.0,nan
590,12.7765,77.7905,,,,,,,,,,,0.0,0.0,0,0.0,0.031939,30.3101,12.580000000000156,0,25.0,19.0,1.3158,0.0,0.0,nan
591,12.7765,77.7995,,,,,,,,,,,0.0,0.0,0,0.0,0.03125,30.9996,56.040899653979245,0,0.0,0.0,0.0,0.0,0.0,nan
592,12.7765,77.8085,,,,,,,,,,,0.0,0.0,0,0.0,0.030577,31.704,56.040899653979245,0,0.0,0.0,0.0,0.0,0.0,nan
593,12.7765,77.8175,,,,,,,,,,,0.0,0.0,0,0.0,0.02992,32.4224,56.040899653979245,0,0.0,0.0,0.0,0.0,0.0,nan
594,12.7765,77.8265,,,,,,,,,,,0.0,0.0,0,0.0,0.029279,33.1538,56.040899653979245,0,0.0,0.0,0.0,0.0,0.0,nan
595,12.7765,77.8355,,,,,,,,,,,0.0,0.0,0,0.0,0.028655,33.8975,53.020000000000095,0,0.0,0.0,0.0,0.0,0.0,nan
596,12.7765,77.8445,,,,,,,,,,,0.0,0.0,0,0.0,0.028048,34.6526,56.040899653979245,0,0.0,0.0,0.0,0.0,0.0,nan
597,12.7765,77.8535,,,,,,,,,,,0.0,0.0,0,0.0,0.027459,35.4184,56.040899653979245,0,0.0,0.0,0.0,0.0,0.0,nan
598,12.7765,77.8625,,,,,,,,,,,0.0,0.0,0,0.0,0.026886,36.1942,56.040899653979245,0,0.0,0.0,0.0,0.0,0.0,nan
599,12.7765,77.8715,,,,,,,,,,,0.0,0.0,0,0.0,0.02633,36.9795,56.040899653979245,0,0.0,0.0,0.0,0.0,0.0,nan
600,12.7765,77.8805,,,,,,,,,,,0.0,0.0,0,0.0,0.025791,37.7735,58.58000000000004,0,357.0,69.0,5.1739,0.0,0.0,nan
601,12.7765,77.8895,,,,,,,,,,,0.0,0.0,0,0.0,0.025268,38.5758,56.040899653979245,0,0.0,0.0,0.0,0.0,0.0,nan
602,12.7765,77.8985,,,,,,,,,,,0.0,0.0,0,0.0,0.024761,39.3858,56.040899653979245,0,0.0,0.0,0.0,0.0,0.0,nan
603,12.7855,77.3045,,,,,,,,,,,0.0,0.0,0,0.0,0.025915,37.5878,56.040899653979245,0,0.0,0.0,0.0,0.0,0.0,nan
604,12.7855,77.3135,,,,,,,,,,,0.0,0.0,0,0.0,0.026471,36.7778,56.040899653979245,0,0.0,0.0,0.0,0.0,0.0,nan
605,12.7855,77.3225,,,,,,,,,,,0.0,0.0,0,0.0,0.027045,35.9759,83.34000000000015,0,0.0,0.0,0.0,0.0,0.0,nan
606,12.7855,77.3315,,,,,,,,,,,0.0,0.0,0,0.0,0.027637,35.1828,56.040899653979245,0,0.0,0.0,0.0,0.0,0.0,nan
607,12.7855,77.3405,,,,,,,,,,,0.0,0.0,0,0.0,0.028249,34.3989,56.040899653979245,0,0.0,0.0,0.0,0.0,0.0,nan
608,12.7855,77.3495,,,,,,,,,,,0.0,0.0,0,0.0,0.028881,33.625,56.040899653979245,0,0.0,0.0,0.0,0.0,0.0,nan
609,12.7855,77.3585,,,,,,,,,,,0.0,0.0,0,0.0,0.029532,32.8617,56.040899653979245,0,0.0,0.0,0.0,0.0,0.0,nan
610,12.7855,77.3675,,,,,,,,,,,0.0,0.0,0,0.0,0.030202,32.1099,83.34000000000015,0,9.0,9.0,1.0,0.0,0.0,nan
611,12.7855,77.3765,,,,,,,,,,,0.0,0.0,0,0.0,0.030893,31.3703,56.040899653979245,0,0.0,0.0,0.0,0.0,0.0,nan
612,12.7855,77.3855,,,,,,,,,,,0.0,0.0,0,0.0,0.031602,30.6438,56.040899653979245,0,0.0,0.0,0.0,0.0,0.0,nan
613,12.7855,77.3945,,,,,,,,,,,0.0,0.0,0,0.0,0.03233,29.9314,56.040899653979245,0,0.0,0.0,0.0,0.0,0.0,nan
614,12.7855,77.4035,,,,,,,,,,,0.0,0.0,0,0.0,0.033075,29.2341,56.040899653979245,0,0.0,0.0,0.0,0.0,0.0,nan
615,12.7855,77.4125,,,,,,,,,,,0.0,0.0,0,0.0,0.033838,28.553,63.38999999999987,0,0.0,0.0,0.0,0.0,0.0,nan
616,12.7855,77.4215,,,,,,,,,,,0.0,0.0,0,0.0,0.034615,27.8894,56.040899653979245,0,0.0,0.0,0.0,0.0,0.0,nan
617,12.7855,77.4305,,,,,,,,,,,0.0,0.0,0,0.0,0.035405,27.2444,56.040899653979245,0,0.0,0.0,0.0,0.0,0.0,nan
618,12.7855,77.4395,,,,,,,,,,,0.0,0.0,0,0.0,0.036206,26.6194,56.040899653979245,0,0.0,0.0,0.0,0.0,0.0,nan
619,12.7855,77.4485,,,,,,,,,,,0.0,0.0,0,0.0,0.037015,26.016,56.040899653979245,0,0.0,0.0,0.0,0.0,0.0,nan
620,12.7855,77.4575,,,,,,,,,,,0.0,0.0,0,0.0,0.037828,25.4355,63.38999999999987,0,1.0,1.0,1.0,0.0,0.0,nan
621,12.7855,77.4665,,,,,,,,,,,0.0,0.0,0,0.0,0.03864,24.8796,56.040899653979245,0,0.0,0.0,0.0,0.0,0.0,nan
622,12.7855,77.4755,,,,,,,,,,,0.0,0.0,0,0.0,0.039448,24.3501,56.040899653979245,0,0.0,0.0,0.0,0.0,0.0,nan
623,12.7855,77.4845,,,,,,,,,,,0.0,0.0,0,0.0,0.040244,23.8486,56.040899653979245,0,0.0,0.0,0.0,0.0,0.0,nan
624,12.7855,77.4935,,,,,,,,,,,0.0,0.0,0,0.0,0.041022,23.377,56.040899653979245,0,0.0,0.0,0.0,0.0,0.0,nan
625,12.7855,77.5025,,,,,,,,,,,0.0,0.0,0,0.0,0.041776,22.9371,113.11000000000011,0,0.0,0.0,0.0,0.0,0.0,nan
626,12.7855,77.5115,,,,,,,,,,,0.0,0.0,0,0.0,0.042498,22.5307,56.040899653979245,0,0.0,0.0,0.0,0.0,0.0,nan
627,12.7855,77.5205,,,,,,,,,,,0.0,0.0,0,0.0,0.043178,22.1598,56.040899653979245,0,0.0,0.0,0.0,0.0,0.0,nan
628,12.7855,77.5295,,,,,,,,,,,0.0,0.0,0,0.0,0.04381,21.826,56.040899653979245,0,0.0,0.0,0.0,0.0,0.0,nan
629,12.7855,77.5385,,,,,,,,,,,0.0,0.0,0,0.0,0.044383,21.5312,56.040899653979245,0,0.0,0.0,0.0,0.0,0.0,nan
630,12.7855,77.5475,,,,,,,,,,,0.0,0.0,0,0.0,0.044889,21.277,113.11000000000011,0,481.0,109.0,4.4128,0.0,0.0,nan
631,12.7855,77.5565,,,,,,,,,,,0.0,0.0,0,0.0,0.045321,21.0648,56.040899653979245,0,0.0,0.0,0.0,0.0,0.0,nan
632,12.7855,77.5655,,,,,,,,,,,0.0,0.0,0,0.0,0.045671,20.8959,56.040899653979245,0,0.0,0.0,0.0,0.0,0.0,nan
633,12.7855,77.5745,,,,,,,,,,,0.0,0.0,0,0.0,0.045932,20.7714,56.040899653979245,0,0.0,0.0,0.0,0.0,0.0,nan
634,12.7855,77.5835,,,,,,,,,,,0.0,0.0,0,0.0,0.0461,20.692,56.040899653979245,0,0.0,0.0,0.0,0.0,0.0,nan
635,12.7855,77.5925,,,,,,,,,,,0.0,0.0,0,0.0,0.046171,20.6584,84.12999999999988,0,0.0,0.0,0.0,0.0,0.0,nan
636,12.7855,77.6015,,,,,,,,,,,0.0,0.0,0,0.0,0.046145,20.6706,56.040899653979245,0,0.0,0.0,0.0,0.0,0.0,nan
637,12.7855,77.6105,,,,,,,,,,,0.0,0.0,0,0.0,0.046022,20.7287,56.040899653979245,0,0.0,0.0,0.0,0.0,0.0,nan
638,12.7855,77.6195,,,,,,,,,,,0.0,0.0,0,0.0,0.045804,20.8322,56.040899653979245,0,0.0,0.0,0.0,0.0,0.0,nan
639,12.7855,77.6285,,,,,,,,,,,0.0,0.0,0,0.0,0.045495,20.9805,56.040899653979245,0,0.0,0.0,0.0,0.0,0.0,nan
640,12.7855,77.6375,,,,,,,,,,,0.0,0.0,0,0.0,0.045101,21.1726,78.78999999999996,0,1626.0,47.0,34.5957,0.0,0.0,nan
641,12.7855,77.6465,,,,,,,,,,,0.0,0.0,0,0.0,0.044628,21.4074,56.040899653979245,0,0.0,0.0,0.0,0.0,0.0,nan
642,12.7855,77.6555,,,,,,,,,,,0.0,0.0,0,0.0,0.044085,21.6835,56.040899653979245,0,0.0,0.0,0.0,0.0,0.0,nan
643,12.7855,77.6645,,,,,,,,,,,0.0,0.0,0,0.0,0.04348,21.9993,56.040899653979245,0,0.0,0.0,0.0,0.0,0.0,nan
644,12.7855,77.6735,,,,,,,,,,,0.0,0.0,0,0.0,0.042821,22.3531,56.040899653979245,0,0.0,0.0,0.0,0.0,0.0,nan
645,12.7855,77.6825,,,,,,,,,,,0.0,0.0,0,0.0,0.042117,22.7431,12.6400000000001,0,0.0,0.0,0.0,0.0,0.0,nan
646,12.7855,77.6915,,,,,,,,,,,0.0,0.0,0,0.0,0.041378,23.1676,56.040899653979245,0,0.0,0.0,0.0,0.0,0.0,nan
647,12.7855,77.7005,,,,,,,,,,,0.0,0.0,0,0.0,0.04061,23.6247,56.040899653979245,0,0.0,0.0,0.0,0.0,0.0,nan
648,12.7855,77.7095,,,,,,,,,,,0.0,0.0,0,0.0,0.039821,24.1125,56.040899653979245,0,0.0,0.0,0.0,0.0,0.0,nan
649,12.7855,77.7185,,,,,,,,,,,0.0,0.0,0,0.0,0.039018,24.6291,56.040899653979245,0,0.0,0.0,0.0,0.0,0.0,nan
650,12.7855,77.7275,,,,,,,,,,,0.0,0.0,0,0.0,0.038207,25.1729,12.580000000000156,0,10.0,5.0,2.0,0.0,0.0,nan
651,12.7855,77.7365,,,,,,,,,,,0.0,0.0,0,0.0,0.037394,25.7421,56.040899653979245,0,0.0,0.0,0.0,0.0,0.0,nan
652,12.7855,77.7455,,,,,,,,,,,0.0,0.0,0,0.0,0.036583,26.335,56.040899653979245,0,0.0,0.0,0.0,0.0,0.0,nan
653,12.7855,77.7545,,,,,,,,,,,0.0,0.0,0,0.0,0.035778,26.9502,56.040899653979245,0,0.0,0.0,0.0,0.0,0.0,nan
654,12.7855,77.7635,,,,,,,,,,,0.0,0.0,0,0.0,0.034982,27.586,56.040899653979245,0,0.0,0.0,0.0,0.0,0.0,nan
655,12.7855,77.7725,,,,,,,,,,,0.0,0.0,0,0.0,0.034198,28.2411,12.580000000000156,0,0.0,0.0,0.0,0.0,0.0,nan
656,12.7855,77.7815,,,,,,,,,,,0.0,0.0,0,0.0,0.033429,28.9142,56.040899653979245,0,0.0,0.0,0.0,0.0,0.0,nan
657,12.7855,77.7905,,,,,,,,,,,0.0,0.0,0,0.0,0.032675,29.604,56.040899653979245,0,0.0,0.0,0.0,0.0,0.0,nan
658,12.7855,77.7995,,,,,,,,,,,0.0,0.0,0,0.0,0.031939,30.3095,56.040899653979245,0,0.0,0.0,0.0,0.0,0.0,nan
659,12.7855,77.8085,,,,,,,,,,,0.0,0.0,0,0.0,0.031221,31.0295,56.040899653979245,0,0.0,0.0,0.0,0.0,0.0,nan
660,12.7855,77.8175,,,,,,,,,,,0.0,0.0,0,0.0,0.030522,31.7631,53.020000000000095,0,0.0,0.0,0.0,0.0,0.0,nan
661,12.7855,77.8265,,,,,,,,,,,0.0,0.0,0,0.0,0.029842,32.5094,56.040899653979245,0,0.0,0.0,0.0,0.0,0.0,nan
662,12.7855,77.8355,,,,,,,,,,,0.0,0.0,0,0.0,0.029182,33.2674,56.040899653979245,0,0.0,0.0,0.0,0.0,0.0,nan
663,12.7855,77.8445,,,,,,,,,,,0.0,0.0,0,0.0,0.028542,34.0364,56.040899653979245,0,0.0,0.0,0.0,0.0,0.0,nan
664,12.7855,77.8535,,,,,,,,,,,0.0,0.0,0,0.0,0.027921,34.8157,56.040899653979245,0,0.0,0.0,0.0,0.0,0.0,nan
665,12.7855,77.8625,,,,,,,,,,,0.0,0.0,0,0.0,0.027319,35.6047,56.040899653979245,0,0.0,0.0,0.0,0.0,0.0,nan
666,12.7855,77.8715,,,,,,,,,,,0.0,0.0,0,0.0,0.026736,36.4025,56.040899653979245,0,0.0,0.0,0.0,0.0,0.0,nan
667,12.7855,77.8805,,,,,,,,,,,0.0,0.0,0,0.0,0.026172,37.2088,56.040899653979245,0,0.0,0.0,0.0,0.0,0.0,nan
668,12.7855,77.8895,,,,,,,,,,,0.0,0.0,0,0.0,0.025626,38.023,56.040899653979245,0,0.0,0.0,0.0,0.0,0.0,nan
669,12.7855,77.8985,,,,,,,,,,,0.0,0.0,0,0.0,0.025098,38.8445,56.040899653979245,0,0.0,0.0,0.0,0.0,0.0,nan
670,12.7945,77.3045,,,,,,,,,,,0.0,0.0,0,0.0,0.026283,37.0473,56.040899653979245,0,2.0,2.0,1.0,0.0,0.0,nan
671,12.7945,77.3135,,,,,,,,,,,0.0,0.0,0,0.0,0.026864,36.2252,56.040899653979245,0,0.0,0.0,0.0,0.0,0.0,nan
672,12.7945,77.3225,,,,,,,,,,,0.0,0.0,0,0.0,0.027464,35.4109,56.040899653979245,0,0.0,0.0,0.0,0.0,0.0,nan
673,12.7945,77.3315,,,,,,,,,,,0.0,0.0,0,0.0,0.028086,34.6048,56.040899653979245,0,0.0,0.0,0.0,0.0,0.0,nan
674,12.7945,77.3405,,,,,,,,,,,0.0,0.0,0,0.0,0.028729,33.8076,56.040899653979245,0,0.0,0.0,0.0,0.0,0.0,nan
675,12.7945,77.3495,,,,,,,,,,,0.0,0.0,0,0.0,0.029395,33.0199,56.040899653979245,0,0.0,0.0,0.0,0.0,0.0,nan
676,12.7945,77.3585,,,,,,,,,,,0.0,0.0,0,0.0,0.030082,32.2424,56.040899653979245,0,0.0,0.0,0.0,0.0,0.0,nan
677,12.7945,77.3675,,,,,,,,,,,0.0,0.0,0,0.0,0.030792,31.4758,56.040899653979245,0,0.0,0.0,0.0,0.0,0.0,nan
678,12.7945,77.3765,,,,,,,,,,,0.0,0.0,0,0.0,0.031525,30.721,56.040899653979245,0,0.0,0.0,0.0,0.0,0.0,nan
679,12.7945,77.3855,,,,,,,,,,,0.0,0.0,0,0.0,0.03228,29.9788,56.040899653979245,0,0.0,0.0,0.0,0.0,0.0,nan
680,12.7945,77.3945,,,,,,,,,,,0.0,0.0,0,0.0,0.033058,29.2503,56.040899653979245,0,0.0,0.0,0.0,0.0,0.0,nan
681,12.7945,77.4035,,,,,,,,,,,0.0,0.0,0,0.0,0.033857,28.5364,56.040899653979245,0,0.0,0.0,0.0,0.0,0.0,nan
682,12.7945,77.4125,,,,,,,,,,,0.0,0.0,0,0.0,0.034676,27.8383,56.040899653979245,0,0.0,0.0,0.0,0.0,0.0,nan
683,12.7945,77.4215,,,,,,,,,,,0.0,0.0,0,0.0,0.035515,27.1573,56.040899653979245,0,0.0,0.0,0.0,0.0,0.0,nan
684,12.7945,77.4305,,,,,,,,,,,0.0,0.0,0,0.0,0.036371,26.4945,56.040899653979245,0,0.0,0.0,0.0,0.0,0.0,nan
685,12.7945,77.4395,,,,,,,,,,,0.0,0.0,0,0.0,0.037242,25.8515,56.040899653979245,0,0.0,0.0,0.0,0.0,0.0,nan
686,12.7945,77.4485,,,,,,,,,,,0.0,0.0,0,0.0,0.038125,25.2297,56.040899653979245,0,0.0,0.0,0.0,0.0,0.0,nan
687,12.7945,77.4575,,,,,,,,,,,0.0,0.0,0,0.0,0.039016,24.6307,56.040899653979245,0,0.0,0.0,0.0,0.0,0.0,nan
688,12.7945,77.4665,,,,,,,,,,,0.0,0.0,0,0.0,0.03991,24.0564,56.040899653979245,0,0.0,0.0,0.0,0.0,0.0,nan
689,12.7945,77.4755,,,,,,,,,,,0.0,0.0,0,0.0,0.040803,23.5083,56.040899653979245,0,0.0,0.0,0.0,0.0,0.0,nan
690,12.7945,77.4845,,,,,,,,,,,0.0,0.0,0,0.0,0.041687,22.9885,56.040899653979245,0,0.0,0.0,0.0,0.0,0.0,nan
691,12.7945,77.4935,,,,,,,,,,,0.0,0.0,0,0.0,0.042555,22.4989,56.040899653979245,0,0.0,0.0,0.0,0.0,0.0,nan
692,12.7945,77.5025,,,,,,,,,,,0.0,0.0,0,0.0,0.0434,22.0415,56.040899653979245,0,0.0,0.0,0.0,0.0,0.0,nan
693,12.7945,77.5115,,,,,,,,,,,0.0,0.0,0,0.0,0.044212,21.6183,56.040899653979245,0,0.0,0.0,0.0,0.0,0.0,nan
694,12.7945,77.5205,,,,,,,,,,,0.0,0.0,0,0.0,0.044981,21.2315,56.040899653979245,0,0.0,0.0,0.0,0.0,0.0,nan
695,12.7945,77.5295,,,,,,,,,,,0.0,0.0,0,0.0,0.045698,20.8829,56.040899653979245,0,0.0,0.0,0.0,0.0,0.0,nan
696,12.7945,77.5385,,,,,,,,,,,0.0,0.0,0,0.0,0.046351,20.5746,56.040899653979245,0,0.0,0.0,0.0,0.0,0.0,nan
697,12.7945,77.5475,,,,,,,,,,,0.0,0.0,0,0.0,0.04693,20.3085,56.040899653979245,0,0.0,0.0,0.0,0.0,0.0,nan
698,12.7945,77.5565,,,,,,,,,,,0.0,0.0,0,0.0,0.047425,20.086,56.040899653979245,0,0.0,0.0,0.0,0.0,0.0,nan
699,12.7945,77.5655,,,,,,,,,,,0.0,0.0,0,0.0,0.047827,19.9089,56.040899653979245,0,0.0,0.0,0.0,0.0,0.0,nan
700,12.7945,77.5745,,,,,,,,,,,0.0,0.0,0,0.0,0.048128,19.7781,56.040899653979245,0,13881.0,74.0,187.5811,0.0,0.0,nan
701,12.7945,77.5835,,,,,,,,,,,0.0,0.0,0,0.0,0.048321,19.6948,56.040899653979245,0,0.0,0.0,0.0,0.0,0.0,nan
702,12.7945,77.5925,,,,,,,,,,,0.0,0.0,0,0.0,0.048404,19.6594,56.040899653979245,0,0.0,0.0,0.0,0.0,0.0,nan
703,12.7945,77.6015,,,,,,,,,,,0.0,0.0,0,0.0,0.048374,19.6723,56.040899653979245,0,0.0,0.0,0.0,0.0,0.0,nan
704,12.7945,77.6105,,,,,,,,,,,0.0,0.0,0,0.0,0.048232,19.7333,56.040899653979245,0,0.0,0.0,0.0,0.0,0.0,nan
705,12.7945,77.6195,,,,,,,,,,,0.0,0.0,0,0.0,0.04798,19.842,56.040899653979245,0,0.0,0.0,0.0,0.0,0.0,nan
706,12.7945,77.6285,,,,,,,,,,,0.0,0.0,0,0.0,0.047624,19.9976,56.040899653979245,0,0.0,0.0,0.0,0.0,0.0,nan
707,12.7945,77.6375,,,,,,,,,,,0.0,0.0,0,0.0,0.047172,20.1991,56.040899653979245,0,0.0,0.0,0.0,0.0,0.0,nan
708,12.7945,77.6465,,,,,,,,,,,0.0,0.0,0,0.0,0.046631,20.4451,56.040899653979245,0,0.0,0.0,0.0,0.0,0.0,nan
709,12.7945,77.6555,,,,,,,,,,,0.0,0.0,0,0.0,0.046011,20.7339,56.040899653979245,0,0.0,0.0,0.0,0.0,0.0,nan
710,12.7945,77.6645,,,,,,,,,,,0.0,0.0,0,0.0,0.045323,21.0639,56.040899653979245,0,46.0,26.0,1.7692,0.0,0.0,nan
711,12.7945,77.6735,,,,,,,,,,,0.0,0.0,0,0.0,0.044577,21.4332,56.040899653979245,0,0.0,0.0,0.0,0.0,0.0,nan
712,12.7945,77.6825,,,,,,,,,,,0.0,0.0,0,0.0,0.043784,21.8396,56.040899653979245,0,0.0,0.0,0.0,0.0,0.0,nan
713,12.7945,77.6915,,,,,,,,,,,0.0,0.0,0,0.0,0.042953,22.2813,56.040899653979245,0,0.0,0.0,0.0,0.0,0.0,nan
714,12.7945,77.7005,,,,,,,,,,,0.0,0.0,0,0.0,0.042094,22.7561,56.040899653979245,0,0.0,0.0,0.0,0.0,0.0,nan
715,12.7945,77.7095,,,,,,,,,,,0.0,0.0,0,0.0,0.041217,23.2621,56.040899653979245,0,0.0,0.0,0.0,0.0,0.0,nan
716,12.7945,77.7185,,,,,,,,,,,0.0,0.0,0,0.0,0.040327,23.7972,56.040899653979245,0,0.0,0.0,0.0,0.0,0.0,nan
717,12.7945,77.7275,,,,,,,,,,,0.0,0.0,0,0.0,0.039433,24.3595,56.040899653979245,0,0.0,0.0,0.0,0.0,0.0,nan
718,12.7945,77.7365,,,,,,,,,,,0.0,0.0,0,0.0,0.03854,24.9472,56.040899653979245,0,0.0,0.0,0.0,0.0,0.0,nan
719,12.7945,77.7455,,,,,,,,,,,0.0,0.0,0,0.0,0.037653,25.5586,56.040899653979245,0,0.0,0.0,0.0,0.0,0.0,nan
720,12.7945,77.7545,,,,,,,,,,,0.0,0.0,0,0.0,0.036776,26.1919,56.040899653979245,0,0.0,0.0,0.0,0.0,0.0,nan
721,12.7945,77.7635,,,,,,,,,,,0.0,0.0,0,0.0,0.035912,26.8456,56.040899653979245,0,0.0,0.0,0.0,0.0,0.0,nan
722,12.7945,77.7725,,,,,,,,,,,0.0,0.0,0,0.0,0.035065,27.5183,56.040899653979245,0,0.0,0.0,0.0,0.0,0.0,nan
723,12.7945,77.7815,,,,,,,,,,,0.0,0.0,0,0.0,0.034236,28.2086,56.040899653979245,0,0.0,0.0,0.0,0.0,0.0,nan
724,12.7945,77.7905,,,,,,,,,,,0.0,0.0,0,0.0,0.033428,28.9153,56.040899653979245,0,0.0,0.0,0.0,0.0,0.0,nan
725,12.7945,77.7995,,,,,,,,,,,0.0,0.0,0,0.0,0.03264,29.6371,56.040899653979245,0,0.0,0.0,0.0,0.0,0.0,nan
726,12.7945,77.8085,,,,,,,,,,,0.0,0.0,0,0.0,0.031875,30.373,56.040899653979245,0,0.0,0.0,0.0,0.0,0.0,nan
727,12.7945,77.8175,,,,,,,,,,,0.0,0.0,0,0.0,0.031131,31.122,56.040899653979245,0,0.0,0.0,0.0,0.0,0.0,nan
728,12.7945,77.8265,,,,,,,,,,,0.0,0.0,0,0.0,0.030411,31.8832,56.040899653979245,0,0.0,0.0,0.0,0.0,0.0,nan
729,12.7945,77.8355,,,,,,,,,,,0.0,0.0,0,0.0,0.029713,32.6557,56.040899653979245,0,0.0,0.0,0.0,0.0,0.0,nan
730,12.7945,77.8445,,,,,,,,,,,0.0,0.0,0,0.0,0.029037,33.4388,56.040899653979245,0,1.0,1.0,1.0,0.0,0.0,nan
731,12.7945,77.8535,,,,,,,,,,,0.0,0.0,0,0.0,0.028384,34.2316,56.040899653979245,0,0.0,0.0,0.0,0.0,0.0,nan
732,12.7945,77.8625,,,,,,,,,,,0.0,0.0,0,0.0,0.027752,35.0337,56.040899653979245,0,0.0,0.0,0.0,0.0,0.0,nan
733,12.7945,77.8715,,,,,,,,,,,0.0,0.0,0,0.0,0.027141,35.8442,56.040899653979245,0,0.0,0.0,0.0,0.0,0.0,nan
734,12.7945,77.8805,,,,,,,,,,,0.0,0.0,0,0.0,0.026551,36.6627,56.040899653979245,0,0.0,0.0,0.0,0.0,0.0,nan
735,12.7945,77.8895,,,,,,,,,,,0.0,0.0,0,0.0,0.025982,37.4887,56.040899653979245,0,0.0,0.0,0.0,0.0,0.0,nan
736,12.7945,77.8985,,,,,,,,,,,0.0,0.0,0,0.0,0.025431,38.3216,56.040899653979245,0,0.0,0.0,0.0,0.0,0.0,nan
737,12.8035,77.3045,,,,,,,,,,,0.0,0.0,0,0.0,0.026648,36.526,56.040899653979245,0,0.0,0.0,0.0,0.0,0.0,nan
738,12.8035,77.3135,,,,,,,,,,,0.0,0.0,0,0.0,0.027254,35.692,56.040899653979245,0,0.0,0.0,0.0,0.0,0.0,nan
739,12.8035,77.3225,,,,,,,,,,,0.0,0.0,0,0.0,0.027882,34.8653,56.040899653979245,0,0.0,0.0,0.0,0.0,0.0,nan
740,12.8035,77.3315,,,,,,,,,,,0.0,0.0,0,0.0,0.028534,34.0464,56.040899653979245,0,0.0,0.0,0.0,0.0,0.0,nan
741,12.8035,77.3405,,,,,,,,,,,0.0,0.0,0,0.0,0.029209,33.2358,56.040899653979245,0,0.0,0.0,0.0,0.0,0.0,nan
742,12.8035,77.3495,,,,,,,,,,,0.0,0.0,0,0.0,0.029909,32.4343,56.040899653979245,0,0.0,0.0,0.0,0.0,0.0,nan
743,12.8035,77.3585,,,,,,,,,,,0.0,0.0,0,0.0,0.030635,31.6425,56.040899653979245,0,0.0,0.0,0.0,0.0,0.0,nan
744,12.8035,77.3675,,,,,,,,,,,0.0,0.0,0,0.0,0.031386,30.861,56.040899653979245,0,0.0,0.0,0.0,0.0,0.0,nan
745,12.8035,77.3765,,,,,,,,,,,0.0,0.0,0,0.0,0.032164,30.0909,56.040899653979245,0,0.0,0.0,0.0,0.0,0.0,nan
746,12.8035,77.3855,,,,,,,,,,,0.0,0.0,0,0.0,0.032968,29.3328,56.040899653979245,0,0.0,0.0,0.0,0.0,0.0,nan
747,12.8035,77.3945,,,,,,,,,,,0.0,0.0,0,0.0,0.033798,28.5879,56.040899653979245,0,0.0,0.0,0.0,0.0,0.0,nan
748,12.8035,77.4035,,,,,,,,,,,0.0,0.0,0,0.0,0.034654,27.8571,56.040899653979245,0,0.0,0.0,0.0,0.0,0.0,nan
749,12.8035,77.4125,,,,,,,,,,,0.0,0.0,0,0.0,0.035535,27.1416,56.040899653979245,0,0.0,0.0,0.0,0.0,0.0,nan
750,12.8035,77.4215,,,,,,,,,,,0.0,0.0,0,0.0,0.03644,26.4426,101.40999999999984,0,1.0,1.0,1.0,0.0,0.0,nan
751,12.8035,77.4305,,,,,,,,,,,0.0,0.0,0,0.0,0.037367,25.7616,56.040899653979245,0,0.0,0.0,0.0,0.0,0.0,nan
752,12.8035,77.4395,,,,,,,,,,,0.0,0.0,0,0.0,0.038314,25.0998,56.040899653979245,0,0.0,0.0,0.0,0.0,0.0,nan
753,12.8035,77.4485,,,,,,,,,,,0.0,0.0,0,0.0,0.039279,24.459,56.040899653979245,0,0.0,0.0,0.0,0.0,0.0,nan
754,12.8035,77.4575,,,,,,,,,,,0.0,0.0,0,0.0,0.040257,23.8407,56.040899653979245,0,0.0,0.0,0.0,0.0,0.0,nan
755,12.8035,77.4665,,,,,,,,,,,0.0,0.0,0,0.0,0.041243,23.2468,64.15999999999985,0,0.0,0.0,0.0,0.0,0.0,nan
756,12.8035,77.4755,,,,,,,,,,,0.0,0.0,0,0.0,0.042231,22.6793,56.040899653979245,0,0.0,0.0,0.0,0.0,0.0,nan
757,12.8035,77.4845,,,,,,,,,,,0.0,0.0,0,0.0,0.043215,22.1401,56.040899653979245,0,0.0,0.0,0.0,0.0,0.0,nan
758,12.8035,77.4935,,,,,,,,,,,0.0,0.0,0,0.0,0.044187,21.6313,56.040899653979245,0,0.0,0.0,0.0,0.0,0.0,nan
759,12.8035,77.5025,,,,,,,,,,,0.0,0.0,0,0.0,0.045136,21.1552,56.040899653979245,0,0.0,0.0,0.0,0.0,0.0,nan
760,12.8035,77.5115,,,,,,,,,,,0.0,0.0,0,0.0,0.046053,20.7139,64.15999999999985,0,6.0,6.0,1.0,0.0,0.0,nan
761,12.8035,77.5205,,,,,,,,,,,0.0,0.0,0,0.0,0.046927,20.3099,56.040899653979245,0,0.0,0.0,0.0,0.0,0.0,nan
762,12.8035,77.5295,,,,,,,,,,,0.0,0.0,0,0.0,0.047743,19.9453,56.040899653979245,0,0.0,0.0,0.0,0.0,0.0,nan
763,12.8035,77.5385,,,,,,,,,,,0.0,0.0,0,0.0,0.048491,19.6223,56.040899653979245,0,0.0,0.0,0.0,0.0,0.0,nan
764,12.8035,77.5475,,,,,,,,,,,0.0,0.0,0,0.0,0.049157,19.343,56.040899653979245,0,0.0,0.0,0.0,0.0,0.0,nan
765,12.8035,77.5565,,,,,,,,,,,0.0,0.0,0,0.0,0.049728,19.1094,48.65000000000032,0,0.0,0.0,0.0,0.0,0.0,nan
766,12.8035,77.5655,,,,,,,,,,,0.0,0.0,0,0.0,0.050193,18.9231,56.040899653979245,0,0.0,0.0,0.0,0.0,0.0,nan
767,12.8035,77.5745,,,,,,,,,,,0.0,0.0,0,0.0,0.050542,18.7855,56.040899653979245,0,0.0,0.0,0.0,0.0,0.0,nan
768,12.8035,77.5835,,,,,,,,,,,0.0,0.0,0,0.0,0.050767,18.6977,56.040899653979245,0,0.0,0.0,0.0,0.0,0.0,nan
769,12.8035,77.5925,,,,,,,,,,,0.0,0.0,0,0.0,0.050863,18.6605,56.040899653979245,0,0.0,0.0,0.0,0.0,0.0,nan
770,12.8035,77.6015,,,,,,,,,,,0.0,0.0,0,0.0,0.050829,18.674,48.65000000000032,0,778.0,61.0,12.7541,0.0,0.0,nan
771,12.8035,77.6105,,,,,,,,,,,0.0,0.0,0,0.0,0.050663,18.7383,56.040899653979245,0,0.0,0.0,0.0,0.0,0.0,nan
772,12.8035,77.6195,,,,,,,,,,,0.0,0.0,0,0.0,0.050371,18.8527,56.040899653979245,0,0.0,0.0,0.0,0.0,0.0,nan
773,12.8035,77.6285,,,,,,,,,,,0.0,0.0,0,0.0,0.049959,19.0165,56.040899653979245,0,0.0,0.0,0.0,0.0,0.0,nan
774,12.8035,77.6375,,,,,,,,,,,0.0,0.0,0,0.0,0.049436,19.2282,56.040899653979245,0,0.0,0.0,0.0,0.0,0.0,nan
775,12.8035,77.6465,,,,,,,,,,,0.0,0.0,0,0.0,0.048813,19.4864,22.770000000000095,0,0.0,0.0,0.0,0.0,0.0,nan
776,12.8035,77.6555,,,,,,,,,,,0.0,0.0,0,0.0,0.048102,19.7892,56.040899653979245,0,0.0,0.0,0.0,0.0,0.0,nan
777,12.8035,77.6645,,,,,,,,,,,0.0,0.0,0,0.0,0.047316,20.1347,56.040899653979245,0,0.0,0.0,0.0,0.0,0.0,nan
778,12.8035,77.6735,,,,,,,,,,,0.0,0.0,0,0.0,0.046467,20.5206,56.040899653979245,0,0.0,0.0,0.0,0.0,0.0,nan
779,12.8035,77.6825,,,,,,,,,,,0.0,0.0,0,0.0,0.045569,20.9448,56.040899653979245,0,0.0,0.0,0.0,0.0,0.0,nan
780,12.8035,77.6915,,,,,,,,,,,0.0,0.0,0,0.0,0.044633,21.4049,22.770000000000095,0,3512.0,57.0,61.614,0.0,0.0,nan
781,12.8035,77.7005,,,,,,,,,,,0.0,0.0,0,0.0,0.043671,21.8987,56.040899653979245,0,0.0,0.0,0.0,0.0,0.0,nan
782,12.8035,77.7095,,,,,,,,,,,0.0,0.0,0,0.0,0.042691,22.424,56.040899653979245,0,0.0,0.0,0.0,0.0,0.0,nan
783,12.8035,77.7185,,,,,,,,,,,0.0,0.0,0,0.0,0.041704,22.9786,56.040899653979245,0,0.0,0.0,0.0,0.0,0.0,nan
784,12.8035,77.7275,,,,,,,,,,,0.0,0.0,0,0.0,0.040716,23.5604,56.040899653979245,0,0.0,0.0,0.0,0.0,0.0,nan
785,12.8035,77.7365,,,,,,,,,,,0.0,0.0,0,0.0,0.039734,24.1675,49.25,0,0.0,0.0,0.0,0.0,0.0,nan
786,12.8035,77.7455,,,,,,,,,,,0.0,0.0,0,0.0,0.038763,24.798,56.040899653979245,0,0.0,0.0,0.0,0.0,0.0,nan
787,12.8035,77.7545,,,,,,,,,,,0.0,0.0,0,0.0,0.037807,25.4502,56.040899653979245,0,0.0,0.0,0.0,0.0,0.0,nan
788,12.8035,77.7635,,,,,,,,,,,0.0,0.0,0,0.0,0.03687,26.1225,56.040899653979245,0,0.0,0.0,0.0,0.0,0.0,nan
789,12.8035,77.7725,,,,,,,,,,,0.0,0.0,0,0.0,0.035954,26.8133,56.040899653979245,0,0.0,0.0,0.0,0.0,0.0,nan
790,12.8035,77.7815,,,,,,,,,,,0.0,0.0,0,0.0,0.035062,27.5212,49.25,0,6.0,5.0,1.2,0.0,0.0,nan
791,12.8035,77.7905,,,,,,,,,,,0.0,0.0,0,0.0,0.034194,28.245,56.040899653979245,0,0.0,0.0,0.0,0.0,0.0,nan
792,12.8035,77.7995,,,,,,,,,,,0.0,0.0,0,0.0,0.033352,28.9835,56.040899653979245,0,0.0,0.0,0.0,0.0,0.0,nan
793,12.8035,77.8085,,,,,,,,,,,0.0,0.0,0,0.0,0.032536,29.7355,56.040899653979245,0,0.0,0.0,0.0,0.0,0.0,nan
794,12.8035,77.8175,,,,,,,,,,,0.0,0.0,0,0.0,0.031746,30.5002,56.040899653979245,0,0.0,0.0,0.0,0.0,0.0,nan
795,12.8035,77.8265,,,,,,,,,,,0.0,0.0,0,0.0,0.030982,31.2764,45.370000000000005,0,0.0,0.0,0.0,0.0,0.0,nan
796,12.8035,77.8355,,,,,,,,,,,0.0,0.0,0,0.0,0.030245,32.0635,56.040899653979245,0,0.0,0.0,0.0,0.0,0.0,nan
797,12.8035,77.8445,,,,,,,,,,,0.0,0.0,0,0.0,0.029533,32.8606,56.040899653979245,0,0.0,0.0,0.0,0.0,0.0,nan
798,12.8035,77.8535,,,,,,,,,,,0.0,0.0,0,0.0,0.028846,33.6671,56.040899653979245,0,0.0,0.0,0.0,0.0,0.0,nan
799,12.8035,77.8625,,,,,,,,,,,0.0,0.0,0,0.0,0.028183,34.4821,56.040899653979245,0,0.0,0.0,0.0,0.0,0.0,nan
800,12.8035,77.8715,,,,,,,,,,,0.0,0.0,0,0.0,0.027544,35.3053,45.370000000000005,0,0.0,0.0,0.0,0.0,0.0,nan
801,12.8035,77.8805,,,,,,,,,,,0.0,0.0,0,0.0,0.026928,36.136,56.040899653979245,0,0.0,0.0,0.0,0.0,0.0,nan
802,12.8035,77.8895,,,,,,,,,,,0.0,0.0,0,0.0,0.026334,36.9736,56.040899653979245,0,0.0,0.0,0.0,0.0,0.0,nan
803,12.8035,77.8985,,,,,,,,,,,0.0,0.0,0,0.0,0.025761,37.8178,56.040899653979245,0,0.0,0.0,0.0,0.0,0.0,nan
804,12.8125,77.3045,,,,,,,,,,,0.0,0.0,0,0.0,0.027009,36.0249,56.040899653979245,0,0.0,0.0,0.0,0.0,0.0,nan
805,12.8125,77.3135,,,,,,,,,,,0.0,0.0,0,0.0,0.02764,35.1791,107.36000000000011,0,0.0,0.0,0.0,0.0,0.0,nan
806,12.8125,77.3225,,,,,,,,,,,0.0,0.0,0,0.0,0.028296,34.3401,56.040899653979245,0,0.0,0.0,0.0,0.0,0.0,nan
807,12.8125,77.3315,,,,,,,,,,,0.0,0.0,0,0.0,0.028978,33.5084,56.040899653979245,0,0.0,0.0,0.0,0.0,0.0,nan
808,12.8125,77.3405,,,,,,,,,,,0.0,0.0,0,0.0,0.029687,32.6846,56.040899653979245,0,0.0,0.0,0.0,0.0,0.0,nan
809,12.8125,77.3495,,,,,,,,,,,0.0,0.0,0,0.0,0.030424,31.8693,56.040899653979245,0,0.0,0.0,0.0,0.0,0.0,nan
810,12.8125,77.3585,,,,,,,,,,,0.0,0.0,0,0.0,0.031189,31.0631,107.36000000000011,0,0.0,0.0,0.0,0.0,0.0,nan
811,12.8125,77.3675,,,,,,,,,,,0.0,0.0,0,0.0,0.031983,30.2668,56.040899653979245,0,0.0,0.0,0.0,0.0,0.0,nan
812,12.8125,77.3765,,,,,,,,,,,0.0,0.0,0,0.0,0.032807,29.4811,56.040899653979245,0,0.0,0.0,0.0,0.0,0.0,nan
813,12.8125,77.3855,,,,,,,,,,,0.0,0.0,0,0.0,0.033662,28.7071,56.040899653979245,0,0.0,0.0,0.0,0.0,0.0,nan
814,12.8125,77.3945,,,,,,,,,,,0.0,0.0,0,0.0,0.034548,27.9455,56.040899653979245,0,0.0,0.0,0.0,0.0,0.0,nan
815,12.8125,77.4035,,,,,,,,,,,0.0,0.0,0,0.0,0.035464,27.1975,101.40999999999984,0,0.0,0.0,0.0,0.0,0.0,nan
816,12.8125,77.4125,,,,,,,,,,,0.0,0.0,0,0.0,0.036411,26.4642,56.040899653979245,0,0.0,0.0,0.0,0.0,0.0,nan
817,12.8125,77.4215,,,,,,,,,,,0.0,0.0,0,0.0,0.037388,25.7469,56.040899653979245,0,0.0,0.0,0.0,0.0,0.0,nan
818,12.8125,77.4305,,,,,,,,,,,0.0,0.0,0,0.0,0.038392,25.047,56.040899653979245,0,0.0,0.0,0.0,0.0,0.0,nan
819,12.8125,77.4395,,,,,,,,,,,0.0,0.0,0,0.0,0.039423,24.3659,56.040899653979245,0,0.0,0.0,0.0,0.0,0.0,nan
820,12.8125,77.4485,,,,,,,,,,,0.0,0.0,0,0.0,0.040477,23.7053,101.40999999999984,0,3.0,3.0,1.0,0.0,0.0,nan
821,12.8125,77.4575,,,,,,,,,,,0.0,0.0,0,0.0,0.041551,23.0669,56.040899653979245,0,0.0,0.0,0.0,0.0,0.0,nan
822,12.8125,77.4665,,,,,,,,,,,0.0,0.0,0,0.0,0.042639,22.4526,56.040899653979245,0,0.0,0.0,0.0,0.0,0.0,nan
823,12.8125,77.4755,,,,,,,,,,,0.0,0.0,0,0.0,0.043736,21.8645,56.040899653979245,0,0.0,0.0,0.0,0.0,0.0,nan
824,12.8125,77.4845,,,,,,,,,,,0.0,0.0,0,0.0,0.044834,21.3047,56.040899653979245,0,0.0,0.0,0.0,0.0,0.0,nan
825,12.8125,77.4935,,,,,,,,,,,0.0,0.0,0,0.0,0.045923,20.7755,64.15999999999985,0,0.0,0.0,0.0,0.0,0.0,nan
826,12.8125,77.5025,,,,,,,,,,,0.0,0.0,0,0.0,0.046994,20.2793,56.040899653979245,0,0.0,0.0,0.0,0.0,0.0,nan
827,12.8125,77.5115,,,,,,,,,,,0.0,0.0,0,0.0,0.048034,19.8186,56.040899653979245,0,0.0,0.0,0.0,0.0,0.0,nan
828,12.8125,77.5205,,,,,,,,,,,0.0,0.0,0,0.0,0.049029,19.396,56.040899653979245,0,0.0,0.0,0.0,0.0,0.0,nan
829,12.8125,77.5295,,,,,,,,,,,0.0,0.0,0,0.0,0.049965,19.0139,56.040899653979245,0,0.0,0.0,0.0,0.0,0.0,nan
830,12.8125,77.5385,,,,,,,,,,,0.0,0.0,0,0.0,0.050826,18.6748,64.15999999999985,0,845.0,83.0,10.1807,0.0,0.0,nan
831,12.8125,77.5475,,,,,,,,,,,0.0,0.0,0,0.0,0.051596,18.3812,56.040899653979245,0,0.0,0.0,0.0,0.0,0.0,nan
832,12.8125,77.5565,,,,,,,,,,,0.0,0.0,0,0.0,0.05226,18.1352,56.040899653979245,0,0.0,0.0,0.0,0.0,0.0,nan
833,12.8125,77.5655,,,,,,,,,,,0.0,0.0,0,0.0,0.052802,17.9388,56.040899653979245,0,0.0,0.0,0.0,0.0,0.0,nan
834,12.8125,77.5745,,,,,,,,,,,0.0,0.0,0,0.0,0.05321,17.7936,56.040899653979245,0,0.0,0.0,0.0,0.0,0.0,nan
835,12.8125,77.5835,,,,,,,,,,,0.0,0.0,0,0.0,0.053473,17.7009,48.65000000000032,0,0.0,0.0,0.0,0.0,0.0,nan
836,12.8125,77.5925,,,,,,,,,,,0.0,0.0,0,0.0,0.053586,17.6616,56.040899653979245,0,0.0,0.0,0.0,0.0,0.0,nan
837,12.8125,77.6015,,,,,,,,,,,0.0,0.0,0,0.0,0.053545,17.6759,56.040899653979245,0,0.0,0.0,0.0,0.0,0.0,nan
838,12.8125,77.6105,,,,,,,,,,,0.0,0.0,0,0.0,0.053351,17.7438,56.040899653979245,0,0.0,0.0,0.0,0.0,0.0,nan
839,12.8125,77.6195,,,,,,,,,,,0.0,0.0,0,0.0,0.053009,17.8646,56.040899653979245,0,0.0,0.0,0.0,0.0,0.0,nan
840,12.8125,77.6285,,,,,,,,,,,0.0,0.0,0,0.0,0.052529,18.0372,22.770000000000095,0,84.0,57.0,1.4737,0.0,0.0,nan
841,12.8125,77.6375,,,,,,,,,,,0.0,0.0,0,0.0,0.05192,18.2603,56.040899653979245,0,0.0,0.0,0.0,0.0,0.0,nan
842,12.8125,77.6465,,,,,,,,,,,0.0,0.0,0,0.0,0.051198,18.532,56.040899653979245,0,0.0,0.0,0.0,0.0,0.0,nan
843,12.8125,77.6555,,,,,,,,,,,0.0,0.0,0,0.0,0.050378,18.8501,56.040899653979245,0,0.0,0.0,0.0,0.0,0.0,nan
844,12.8125,77.6645,,,,,,,,,,,0.0,0.0,0,0.0,0.049474,19.2125,56.040899653979245,0,0.0,0.0,0.0,0.0,0.0,nan
845,12.8125,77.6735,,,,,,,,,,,0.0,0.0,0,0.0,0.048505,19.6165,22.770000000000095,0,0.0,0.0,0.0,0.0,0.0,nan
846,12.8125,77.6825,,,,,,,,,,,0.0,0.0,0,0.0,0.047484,20.0598,56.040899653979245,0,0.0,0.0,0.0,0.0,0.0,nan
847,12.8125,77.6915,,,,,,,,,,,0.0,0.0,0,0.0,0.046426,20.5397,56.040899653979245,0,0.0,0.0,0.0,0.0,0.0,nan
848,12.8125,77.7005,,,,,,,,,,,0.0,0.0,0,0.0,0.045344,21.0538,56.040899653979245,0,0.0,0.0,0.0,0.0,0.0,nan
849,12.8125,77.7095,,,,,,,,,,,0.0,0.0,0,0.0,0.044249,21.5996,56.040899653979245,0,0.0,0.0,0.0,0.0,0.0,nan
850,12.8125,77.7185,,,,,,,,,,,0.0,0.0,0,0.0,0.04315,22.1748,49.25,0,2.0,1.0,2.0,0.0,0.0,nan
851,12.8125,77.7275,,,,,,,,,,,0.0,0.0,0,0.0,0.042057,22.7771,56.040899653979245,0,0.0,0.0,0.0,0.0,0.0,nan
852,12.8125,77.7365,,,,,,,,,,,0.0,0.0,0,0.0,0.040976,23.4045,56.040899653979245,0,0.0,0.0,0.0,0.0,0.0,nan
853,12.8125,77.7455,,,,,,,,,,,0.0,0.0,0,0.0,0.039912,24.055,56.040899653979245,0,0.0,0.0,0.0,0.0,0.0,nan
854,12.8125,77.7545,,,,,,,,,,,0.0,0.0,0,0.0,0.03887,24.7267,56.040899653979245,0,0.0,0.0,0.0,0.0,0.0,nan
855,12.8125,77.7635,,,,,,,,,,,0.0,0.0,0,0.0,0.037853,25.4181,49.25,0,0.0,0.0,0.0,0.0,0.0,nan
856,12.8125,77.7725,,,,,,,,,,,0.0,0.0,0,0.0,0.036863,26.1274,56.040899653979245,0,0.0,0.0,0.0,0.0,0.0,nan
857,12.8125,77.7815,,,,,,,,,,,0.0,0.0,0,0.0,0.035902,26.8534,56.040899653979245,0,0.0,0.0,0.0,0.0,0.0,nan
858,12.8125,77.7905,,,,,,,,,,,0.0,0.0,0,0.0,0.034972,27.5947,56.040899653979245,0,0.0,0.0,0.0,0.0,0.0,nan
859,12.8125,77.7995,,,,,,,,,,,0.0,0.0,0,0.0,0.034072,28.35,56.040899653979245,0,0.0,0.0,0.0,0.0,0.0,nan
860,12.8125,77.8085,,,,,,,,,,,0.0,0.0,0,0.0,0.033202,29.1184,45.370000000000005,0,0.0,0.0,0.0,0.0,0.0,nan
861,12.8125,77.8175,,,,,,,,,,,0.0,0.0,0,0.0,0.032364,29.8988,56.040899653979245,0,0.0,0.0,0.0,0.0,0.0,nan
862,12.8125,77.8265,,,,,,,,,,,0.0,0.0,0,0.0,0.031555,30.6902,56.040899653979245,0,0.0,0.0,0.0,0.0,0.0,nan
863,12.8125,77.8355,,,,,,,,,,,0.0,0.0,0,0.0,0.030777,31.4919,56.040899653979245,0,0.0,0.0,0.0,0.0,0.0,nan
864,12.8125,77.8445,,,,,,,,,,,0.0,0.0,0,0.0,0.030027,32.303,56.040899653979245,0,0.0,0.0,0.0,0.0,0.0,nan
865,12.8125,77.8535,,,,,,,,,,,0.0,0.0,0,0.0,0.029306,33.123,56.040899653979245,0,0.0,0.0,0.0,0.0,0.0,nan
866,12.8125,77.8625,,,,,,,,,,,0.0,0.0,0,0.0,0.028611,33.9511,56.040899653979245,0,0.0,0.0,0.0,0.0,0.0,nan
867,12.8125,77.8715,,,,,,,,,,,0.0,0.0,0,0.0,0.027943,34.7867,56.040899653979245,0,0.0,0.0,0.0,0.0,0.0,nan
868,12.8125,77.8805,,,,,,,,,,,0.0,0.0,0,0.0,0.0273,35.6294,56.040899653979245,0,0.0,0.0,0.0,0.0,0.0,nan
869,12.8125,77.8895,,,,,,,,,,,0.0,0.0,0,0.0,0.026682,36.4787,56.040899653979245,0,0.0,0.0,0.0,0.0,0.0,nan
870,12.8125,77.8985,,,,,,,,,,,0.0,0.0,0,0.0,0.026087,37.334,56.040899653979245,0,0.0,0.0,0.0,0.0,0.0,nan
871,12.8215,77.3045,,,,,,,,,,,0.0,0.0,0,0.0,0.027364,35.5449,56.040899653979245,0,0.0,0.0,0.0,0.0,0.0,nan
872,12.8215,77.3135,,,,,,,,,,,0.0,0.0,0,0.0,0.028021,34.6874,56.040899653979245,0,0.0,0.0,0.0,0.0,0.0,nan
873,12.8215,77.3225,,,,,,,,,,,0.0,0.0,0,0.0,0.028706,33.8363,56.040899653979245,0,0.0,0.0,0.0,0.0,0.0,nan
874,12.8215,77.3315,,,,,,,,,,,0.0,0.0,0,0.0,0.029419,32.992,56.040899653979245,0,0.0,0.0,0.0,0.0,0.0,nan
875,12.8215,77.3405,,,,,,,,,,,0.0,0.0,0,0.0,0.030161,32.155,56.040899653979245,0,0.0,0.0,0.0,0.0,0.0,nan
876,12.8215,77.3495,,,,,,,,,,,0.0,0.0,0,0.0,0.030935,31.3259,56.040899653979245,0,0.0,0.0,0.0,0.0,0.0,nan
877,12.8215,77.3585,,,,,,,,,,,0.0,0.0,0,0.0,0.031741,30.5054,56.040899653979245,0,0.0,0.0,0.0,0.0,0.0,nan
878,12.8215,77.3675,,,,,,,,,,,0.0,0.0,0,0.0,0.032579,29.6942,56.040899653979245,0,0.0,0.0,0.0,0.0,0.0,nan
879,12.8215,77.3765,,,,,,,,,,,0.0,0.0,0,0.0,0.033453,28.8931,56.040899653979245,0,0.0,0.0,0.0,0.0,0.0,nan
880,12.8215,77.3855,,,,,,,,,,,0.0,0.0,0,0.0,0.034361,28.1029,56.040899653979245,0,4.0,4.0,1.0,0.0,0.0,nan
881,12.8215,77.3945,,,,,,,,,,,0.0,0.0,0,0.0,0.035305,27.3245,56.040899653979245,0,0.0,0.0,0.0,0.0,0.0,nan
882,12.8215,77.4035,,,,,,,,,,,0.0,0.0,0,0.0,0.036286,26.5591,56.040899653979245,0,0.0,0.0,0.0,0.0,0.0,nan
883,12.8215,77.4125,,,,,,,,,,,0.0,0.0,0,0.0,0.037303,25.8078,56.040899653979245,0,0.0,0.0,0.0,0.0,0.0,nan
884,12.8215,77.4215,,,,,,,,,,,0.0,0.0,0,0.0,0.038356,25.0718,56.040899653979245,0,0.0,0.0,0.0,0.0,0.0,nan
885,12.8215,77.4305,,,,,,,,,,,0.0,0.0,0,0.0,0.039444,24.3525,56.040899653979245,0,0.0,0.0,0.0,0.0,0.0,nan
886,12.8215,77.4395,,,,,,,,,,,0.0,0.0,0,0.0,0.040566,23.6514,56.040899653979245,0,0.0,0.0,0.0,0.0,0.0,nan
887,12.8215,77.4485,,,,,,,,,,,0.0,0.0,0,0.0,0.041718,22.9703,56.040899653979245,0,0.0,0.0,0.0,0.0,0.0,nan
888,12.8215,77.4575,,,,,,,,,,,0.0,0.0,0,0.0,0.042898,22.3109,56.040899653979245,0,0.0,0.0,0.0,0.0,0.0,nan
889,12.8215,77.4665,,,,,,,,,,,0.0,0.0,0,0.0,0.044101,21.6753,56.040899653979245,0,0.0,0.0,0.0,0.0,0.0,nan
890,12.8215,77.4755,,,,,,,,,,,0.0,0.0,0,0.0,0.04532,21.0655,56.040899653979245,0,36.0,35.0,1.0286,0.0,0.0,nan
891,12.8215,77.4845,,,,,,,,,,,0.0,0.0,0,0.0,0.046546,20.484,56.040899653979245,0,0.0,0.0,0.0,0.0,0.0,nan
892,12.8215,77.4935,,,,,,,,,,,0.0,0.0,0,0.0,0.047771,19.933,56.040899653979245,0,0.0,0.0,0.0,0.0,0.0,nan
893,12.8215,77.5025,,,,,,,,,,,0.0,0.0,0,0.0,0.048983,19.4154,56.040899653979245,0,0.0,0.0,0.0,0.0,0.0,nan
894,12.8215,77.5115,,,,,,,,,,,0.0,0.0,0,0.0,0.050166,18.9337,56.040899653979245,0,0.0,0.0,0.0,0.0,0.0,nan
895,12.8215,77.5205,,,,,,,,,,,0.0,0.0,0,0.0,0.051306,18.4909,56.040899653979245,0,0.0,0.0,0.0,0.0,0.0,nan
896,12.8215,77.5295,,,,,,,,,,,0.0,0.0,0,0.0,0.052384,18.0897,56.040899653979245,0,0.0,0.0,0.0,0.0,0.0,nan
897,12.8215,77.5385,,,,,,,,,,,0.0,0.0,0,0.0,0.053382,17.733,56.040899653979245,0,0.0,0.0,0.0,0.0,0.0,nan
898,12.8215,77.5475,,,,,,,,,,,0.0,0.0,0,0.0,0.054279,17.4235,56.040899653979245,0,0.0,0.0,0.0,0.0,0.0,nan
899,12.8215,77.5565,,,,,,,,,,,0.0,0.0,0,0.0,0.055055,17.1638,56.040899653979245,0,0.0,0.0,0.0,0.0,0.0,nan
900,12.8215,77.5655,,,,,,,,,,,0.0,0.0,0,0.0,0.055691,16.9562,56.040899653979245,0,1172.0,86.0,13.6279,0.0,0.0,nan
901,12.8215,77.5745,,,,,,,,,,,0.0,0.0,0,0.0,0.056172,16.8025,56.040899653979245,0,0.0,0.0,0.0,0.0,0.0,nan
902,12.8215,77.5835,,,,,,,,,,,0.0,0.0,0,0.0,0.056483,16.7044,56.040899653979245,0,0.0,0.0,0.0,0.0,0.0,nan
903,12.8215,77.5925,,,,,,,,,,,0.0,0.0,0,0.0,0.056616,16.6627,56.040899653979245,0,0.0,0.0,0.0,0.0,0.0,nan
904,12.8215,77.6015,,,,,,,,,,,0.0,0.0,0,0.0,0.056568,16.6778,56.040899653979245,0,0.0,0.0,0.0,0.0,0.0,nan
905,12.8215,77.6105,,,,,,,,,,,0.0,0.0,0,0.0,0.056339,16.7497,56.040899653979245,0,0.0,0.0,0.0,0.0,0.0,nan
906,12.8215,77.6195,,,,,,,,,,,0.0,0.0,0,0.0,0.055936,16.8777,56.040899653979245,0,0.0,0.0,0.0,0.0,0.0,nan
907,12.8215,77.6285,,,,,,,,,,,0.0,0.0,0,0.0,0.05537,17.0603,56.040899653979245,0,0.0,0.0,0.0,0.0,0.0,nan
908,12.8215,77.6375,,,,,,,,,,,0.0,0.0,0,0.0,0.054657,17.296,56.040899653979245,0,0.0,0.0,0.0,0.0,0.0,nan
909,12.8215,77.6465,,,,,,,,,,,0.0,0.0,0,0.0,0.053814,17.5825,56.040899653979245,0,0.0,0.0,0.0,0.0,0.0,nan
910,12.8215,77.6555,,,,,,,,,,,0.0,0.0,0,0.0,0.052861,17.9175,56.040899653979245,0,33.0,24.0,1.375,0.0,0.0,nan
911,12.8215,77.6645,,,,,,,,,,,0.0,0.0,0,0.0,0.051818,18.2983,56.040899653979245,0,0.0,0.0,0.0,0.0,0.0,nan
912,12.8215,77.6735,,,,,,,,,,,0.0,0.0,0,0.0,0.050705,18.7221,56.040899653979245,0,0.0,0.0,0.0,0.0,0.0,nan
913,12.8215,77.6825,,,,,,,,,,,0.0,0.0,0,0.0,0.049539,19.186,56.040899653979245,0,0.0,0.0,0.0,0.0,0.0,nan
914,12.8215,77.6915,,,,,,,,,,,0.0,0.0,0,0.0,0.048339,19.6872,56.040899653979245,0,0.0,0.0,0.0,0.0,0.0,nan
915,12.8215,77.7005,,,,,,,,,,,0.0,0.0,0,0.0,0.047119,20.2229,56.040899653979245,0,0.0,0.0,0.0,0.0,0.0,nan
916,12.8215,77.7095,,,,,,,,,,,0.0,0.0,0,0.0,0.045892,20.7905,56.040899653979245,0,0.0,0.0,0.0,0.0,0.0,nan
917,12.8215,77.7185,,,,,,,,,,,0.0,0.0,0,0.0,0.044668,21.3874,56.040899653979245,0,0.0,0.0,0.0,0.0,0.0,nan
918,12.8215,77.7275,,,,,,,,,,,0.0,0.0,0,0.0,0.043457,22.0112,56.040899653979245,0,0.0,0.0,0.0,0.0,0.0,nan
919,12.8215,77.7365,,,,,,,,,,,0.0,0.0,0,0.0,0.042266,22.6598,56.040899653979245,0,0.0,0.0,0.0,0.0,0.0,nan
920,12.8215,77.7455,,,,,,,,,,,0.0,0.0,0,0.0,0.0411,23.331,56.040899653979245,0,1.0,1.0,1.0,0.0,0.0,nan
921,12.8215,77.7545,,,,,,,,,,,0.0,0.0,0,0.0,0.039963,24.0229,56.040899653979245,0,0.0,0.0,0.0,0.0,0.0,nan
922,12.8215,77.7635,,,,,,,,,,,0.0,0.0,0,0.0,0.038859,24.7339,56.040899653979245,0,0.0,0.0,0.0,0.0,0.0,nan
923,12.8215,77.7725,,,,,,,,,,,0.0,0.0,0,0.0,0.03779,25.4623,56.040899653979245,0,0.0,0.0,0.0,0.0,0.0,nan
924,12.8215,77.7815,,,,,,,,,,,0.0,0.0,0,0.0,0.036756,26.2067,56.040899653979245,0,0.0,0.0,0.0,0.0,0.0,nan
925,12.8215,77.7905,,,,,,,,,,,0.0,0.0,0,0.0,0.035758,26.9657,56.040899653979245,0,0.0,0.0,0.0,0.0,0.0,nan
926,12.8215,77.7995,,,,,,,,,,,0.0,0.0,0,0.0,0.034797,27.7381,56.040899653979245,0,0.0,0.0,0.0,0.0,0.0,nan
927,12.8215,77.8085,,,,,,,,,,,0.0,0.0,0,0.0,0.033872,28.5229,56.040899653979245,0,0.0,0.0,0.0,0.0,0.0,nan
928,12.8215,77.8175,,,,,,,,,,,0.0,0.0,0,0.0,0.032983,29.3191,56.040899653979245,0,0.0,0.0,0.0,0.0,0.0,nan
929,12.8215,77.8265,,,,,,,,,,,0.0,0.0,0,0.0,0.032128,30.1257,56.040899653979245,0,0.0,0.0,0.0,0.0,0.0,nan
930,12.8215,77.8355,,,,,,,,,,,0.0,0.0,0,0.0,0.031307,30.9419,56.040899653979245,0,0.0,0.0,0.0,0.0,0.0,nan
931,12.8215,77.8445,,,,,,,,,,,0.0,0.0,0,0.0,0.030518,31.7671,56.040899653979245,0,0.0,0.0,0.0,0.0,0.0,nan
932,12.8215,77.8535,,,,,,,,,,,0.0,0.0,0,0.0,0.029762,32.6004,56.040899653979245,0,0.0,0.0,0.0,0.0,0.0,nan
933,12.8215,77.8625,,,,,,,,,,,0.0,0.0,0,0.0,0.029035,33.4414,56.040899653979245,0,0.0,0.0,0.0,0.0,0.0,nan
934,12.8215,77.8715,,,,,,,,,,,0.0,0.0,0,0.0,0.028337,34.2894,56.040899653979245,0,0.0,0.0,0.0,0.0,0.0,nan
935,12.8215,77.8805,,,,,,,,,,,0.0,0.0,0,0.0,0.027667,35.144,56.040899653979245,0,0.0,0.0,0.0,0.0,0.0,nan
936,12.8215,77.8895,,,,,,,,,,,0.0,0.0,0,0.0,0.027024,36.0046,56.040899653979245,0,0.0,0.0,0.0,0.0,0.0,nan
937,12.8215,77.8985,,,,,,,,,,,0.0,0.0,0,0.0,0.026405,36.8709,56.040899653979245,0,0.0,0.0,0.0,0.0,0.0,nan
938,12.8305,77.3045,,,,,,,,,,,0.0,0.0,0,0.0,0.027711,35.0867,56.040899653979245,0,0.0,0.0,0.0,0.0,0.0,nan
939,12.8305,77.3135,,,,,,,,,,,0.0,0.0,0,0.0,0.028395,34.2179,56.040899653979245,0,0.0,0.0,0.0,0.0,0.0,nan
940,12.8305,77.3225,,,,,,,,,,,0.0,0.0,0,0.0,0.029108,33.3548,56.040899653979245,0,0.0,0.0,0.0,0.0,0.0,nan
941,12.8305,77.3315,,,,,,,,,,,0.0,0.0,0,0.0,0.029853,32.498,56.040899653979245,0,0.0,0.0,0.0,0.0,0.0,nan
942,12.8305,77.3405,,,,,,,,,,,0.0,0.0,0,0.0,0.03063,31.648,56.040899653979245,0,0.0,0.0,0.0,0.0,0.0,nan
943,12.8305,77.3495,,,,,,,,,,,0.0,0.0,0,0.0,0.031441,30.8054,56.040899653979245,0,0.0,0.0,0.0,0.0,0.0,nan
944,12.8305,77.3585,,,,,,,,,,,0.0,0.0,0,0.0,0.032289,29.9707,56.040899653979245,0,0.0,0.0,0.0,0.0,0.0,nan
945,12.8305,77.3675,,,,,,,,,,,0.0,0.0,0,0.0,0.033173,29.1447,56.040899653979245,0,0.0,0.0,0.0,0.0,0.0,nan
946,12.8305,77.3765,,,,,,,,,,,0.0,0.0,0,0.0,0.034097,28.3281,56.040899653979245,0,0.0,0.0,0.0,0.0,0.0,nan
947,12.8305,77.3855,,,,,,,,,,,0.0,0.0,0,0.0,0.035061,27.5217,56.040899653979245,0,0.0,0.0,0.0,0.0,0.0,nan
948,12.8305,77.3945,,,,,,,,,,,0.0,0.0,0,0.0,0.036067,26.7265,56.040899653979245,0,0.0,0.0,0.0,0.0,0.0,nan
949,12.8305,77.4035,,,,,,,,,,,0.0,0.0,0,0.0,0.037115,25.9435,56.040899653979245,0,0.0,0.0,0.0,0.0,0.0,nan
950,12.8305,77.4125,,,,,,,,,,,0.0,0.0,0,0.0,0.038206,25.1738,56.040899653979245,0,74.0,54.0,1.3704,0.0,0.0,nan
951,12.8305,77.4215,,,,,,,,,,,0.0,0.0,0,0.0,0.039341,24.4188,56.040899653979245,0,0.0,0.0,0.0,0.0,0.0,nan
952,12.8305,77.4305,,,,,,,,,,,0.0,0.0,0,0.0,0.040519,23.6797,56.040899653979245,0,0.0,0.0,0.0,0.0,0.0,nan
953,12.8305,77.4395,,,,,,,,,,,0.0,0.0,0,0.0,0.041739,22.9582,56.040899653979245,0,0.0,0.0,0.0,0.0,0.0,nan
954,12.8305,77.4485,,,,,,,,,,,0.0,0.0,0,0.0,0.043,22.2559,56.040899653979245,0,0.0,0.0,0.0,0.0,0.0,nan
955,12.8305,77.4575,,,,,,,,,,,0.0,0.0,0,0.0,0.044297,21.5748,56.040899653979245,0,0.0,0.0,0.0,0.0,0.0,nan
956,12.8305,77.4665,,,,,,,,,,,0.0,0.0,0,0.0,0.045627,20.9168,56.040899653979245,0,0.0,0.0,0.0,0.0,0.0,nan
957,12.8305,77.4755,,,,,,,,,,,0.0,0.0,0,0.0,0.046983,20.2843,56.040899653979245,0,0.0,0.0,0.0,0.0,0.0,nan
958,12.8305,77.4845,,,,,,,,,,,0.0,0.0,0,0.0,0.048357,19.6797,56.040899653979245,0,0.0,0.0,0.0,0.0,0.0,nan
959,12.8305,77.4935,,,,,,,,,,,0.0,0.0,0,0.0,0.049737,19.1057,56.040899653979245,0,0.0,0.0,0.0,0.0,0.0,nan
960,12.8305,77.5025,,,,,,,,,,,0.0,0.0,0,0.0,0.051112,18.565,56.040899653979245,0,1448.0,71.0,20.3944,0.0,0.0,nan
961,12.8305,77.5115,,,,,,,,,,,0.0,0.0,0,0.0,0.052464,18.0607,56.040899653979245,0,0.0,0.0,0.0,0.0,0.0,nan
962,12.8305,77.5205,,,,,,,,,,,0.0,0.0,0,0.0,0.053775,17.5959,56.040899653979245,0,0.0,0.0,0.0,0.0,0.0,nan
963,12.8305,77.5295,,,,,,,,,,,0.0,0.0,0,0.0,0.055024,17.1739,56.040899653979245,0,0.0,0.0,0.0,0.0,0.0,nan
964,12.8305,77.5385,,,,,,,,,,,0.0,0.0,0,0.0,0.056187,16.7978,56.040899653979245,0,0.0,0.0,0.0,0.0,0.0,nan
965,12.8305,77.5475,,,,,,,,,,,0.0,0.0,0,0.0,0.057238,16.4708,56.040899653979245,0,0.0,0.0,0.0,0.0,0.0,nan
966,12.8305,77.5565,,,,,,,,,,,0.0,0.0,0,0.0,0.058154,16.1958,56.040899653979245,0,0.0,0.0,0.0,0.0,0.0,nan
967,12.8305,77.5655,,,,,,,,,,,0.0,0.0,0,0.0,0.058908,15.9756,56.040899653979245,0,0.0,0.0,0.0,0.0,0.0,nan
968,12.8305,77.5745,,,,,,,,,,,0.0,0.0,0,0.0,0.05948,15.8125,56.040899653979245,0,0.0,0.0,0.0,0.0,0.0,nan
969,12.8305,77.5835,,,,,,,,,,,0.0,0.0,0,0.0,0.059851,15.7081,56.040899653979245,0,0.0,0.0,0.0,0.0,0.0,nan
970,12.8305,77.5925,,,,,,,,,,,0.0,0.0,0,0.0,0.060011,15.6637,56.040899653979245,0,360.0,152.0,2.3684,0.0,0.0,nan
971,12.8305,77.6015,,,,,,,,,,,0.0,0.0,0,0.0,0.059952,15.6799,56.040899653979245,0,0.0,0.0,0.0,0.0,0.0,nan
972,12.8305,77.6105,,,,,,,,,,,0.0,0.0,0,0.0,0.059679,15.7564,56.040899653979245,0,0.0,0.0,0.0,0.0,0.0,nan
973,12.8305,77.6195,,,,,,,,,,,0.0,0.0,0,0.0,0.059199,15.8923,56.040899653979245,0,0.0,0.0,0.0,0.0,0.0,nan
974,12.8305,77.6285,,,,,,,,,,,0.0,0.0,0,0.0,0.058527,16.0861,56.040899653979245,0,0.0,0.0,0.0,0.0,0.0,nan
975,12.8305,77.6375,,,,,,,,,,,0.0,0.0,0,0.0,0.057684,16.3358,56.040899653979245,0,0.0,0.0,0.0,0.0,0.0,nan
976,12.8305,77.6465,,,,,,,,,,,0.0,0.0,0,0.0,0.056693,16.6389,56.040899653979245,0,0.0,0.0,0.0,0.0,0.0,nan
977,12.8305,77.6555,,,,,,,,,,,0.0,0.0,0,0.0,0.055579,16.9925,56.040899653979245,0,0.0,0.0,0.0,0.0,0.0,nan
978,12.8305,77.6645,,,,,,,,,,,0.0,0.0,0,0.0,0.054367,17.3935,56.040899653979245,0,0.0,0.0,0.0,0.0,0.0,nan
979,12.8305,77.6735,,,,,,,,,,,0.0,0.0,0,0.0,0.053082,17.8387,56.040899653979245,0,0.0,0.0,0.0,0.0,0.0,nan
980,12.8305,77.6825,,,,,,,,,,,0.0,0.0,0,0.0,0.051746,18.325,22.770000000000095,0,72.0,44.0,1.6364,0.0,0.0,nan
981,12.8305,77.6915,,,,,,,,,,,0.0,0.0,0,0.0,0.05038,18.849,56.040899653979245,0,0.0,0.0,0.0,0.0,0.0,nan
982,12.8305,77.7005,,,,,,,,,,,0.0,0.0,0,0.0,0.049001,19.4079,56.040899653979245,0,0.0,0.0,0.0,0.0,0.0,nan
983,12.8305,77.7095,,,,,,,,,,,0.0,0.0,0,0.0,0.047622,19.9985,56.040899653979245,0,0.0,0.0,0.0,0.0,0.0,nan
984,12.8305,77.7185,,,,,,,,,,,0.0,0.0,0,0.0,0.046257,20.6183,56.040899653979245,0,0.0,0.0,0.0,0.0,0.0,nan
985,12.8305,77.7275,,,,,,,,,,,0.0,0.0,0,0.0,0.044914,21.2647,49.25,0,0.0,0.0,0.0,0.0,0.0,nan
986,12.8305,77.7365,,,,,,,,,,,0.0,0.0,0,0.0,0.043601,21.9353,56.040899653979245,0,0.0,0.0,0.0,0.0,0.0,nan
987,12.8305,77.7455,,,,,,,,,,,0.0,0.0,0,0.0,0.042323,22.628,56.040899653979245,0,0.0,0.0,0.0,0.0,0.0,nan
988,12.8305,77.7545,,,,,,,,,,,0.0,0.0,0,0.0,0.041083,23.3407,56.040899653979245,0,0.0,0.0,0.0,0.0,0.0,nan
989,12.8305,77.7635,,,,,,,,,,,0.0,0.0,0,0.0,0.039885,24.0718,56.040899653979245,0,0.0,0.0,0.0,0.0,0.0,nan
990,12.8305,77.7725,,,,,,,,,,,0.0,0.0,0,0.0,0.03873,24.8196,49.25,0,17.0,16.0,1.0625,0.0,0.0,nan
991,12.8305,77.7815,,,,,,,,,,,0.0,0.0,0,0.0,0.037619,25.5826,56.040899653979245,0,0.0,0.0,0.0,0.0,0.0,nan
992,12.8305,77.7905,,,,,,,,,,,0.0,0.0,0,0.0,0.03655,26.3595,56.040899653979245,0,0.0,0.0,0.0,0.0,0.0,nan
993,12.8305,77.7995,,,,,,,,,,,0.0,0.0,0,0.0,0.035525,27.1492,56.040899653979245,0,0.0,0.0,0.0,0.0,0.0,nan
994,12.8305,77.8085,,,,,,,,,,,0.0,0.0,0,0.0,0.034542,27.9504,56.040899653979245,0,0.0,0.0,0.0,0.0,0.0,nan
995,12.8305,77.8175,,,,,,,,,,,0.0,0.0,0,0.0,0.033599,28.7624,45.370000000000005,0,0.0,0.0,0.0,0.0,0.0,nan
996,12.8305,77.8265,,,,,,,,,,,0.0,0.0,0,0.0,0.032697,29.5841,56.040899653979245,0,0.0,0.0,0.0,0.0,0.0,nan
997,12.8305,77.8355,,,,,,,,,,,0.0,0.0,0,0.0,0.031832,30.4148,56.040899653979245,0,0.0,0.0,0.0,0.0,0.0,nan
998,12.8305,77.8445,,,,,,,,,,,0.0,0.0,0,0.0,0.031004,31.2539,56.040899653979245,0,0.0,0.0,0.0,0.0,0.0,nan
999,12.8305,77.8535,,,,,,,,,,,0.0,0.0,0,0.0,0.030211,32.1005,56.040899653979245,0,0.0,0.0,0.0,0.0,0.0,nan
1000,12.8305,77.8625,,,,,,,,,,,0.0,0.0,0,0.0,0.029451,32.9542,45.370000000000005,0,0.0,0.0,0.0,0.0,0.0,nan
1001,12.8305,77.8715,,,,,,,,,,,0.0,0.0,0,0.0,0.028724,33.8143,56.040899653979245,0,0.0,0.0,0.0,0.0,0.0,nan
1002,12.8305,77.8805,,,,,,,,,,,0.0,0.0,0,0.0,0.028026,34.6806,56.040899653979245,0,0.0,0.0,0.0,0.0,0.0,nan
1003,12.8305,77.8895,,,,,,,,,,,0.0,0.0,0,0.0,0.027358,35.5523,56.040899653979245,0,0.0,0.0,0.0,0.0,0.0,nan
1004,12.8305,77.8985,,,,,,,,,,,0.0,0.0,0,0.0,0.026717,36.4293,56.040899653979245,0,0.0,0.0,0.0,0.0,0.0,nan
1005,12.8395,77.3045,,,,,,,,,,,0.0,0.0,0,0.0,0.028049,34.6513,107.36000000000011,0,0.0,0.0,0.0,0.0,0.0,nan
1006,12.8395,77.3135,,,,,,,,,,,0.0,0.0,0,0.0,0.028759,33.7713,56.040899653979245,0,0.0,0.0,0.0,0.0,0.0,nan
1007,12.8395,77.3225,,,,,,,,,,,0.0,0.0,0,0.0,0.029501,32.8966,56.040899653979245,0,0.0,0.0,0.0,0.0,0.0,nan
1008,12.8395,77.3315,,,,,,,,,,,0.0,0.0,0,0.0,0.030278,32.0276,56.040899653979245,0,0.0,0.0,0.0,0.0,0.0,nan
1009,12.8395,77.3405,,,,,,,,,,,0.0,0.0,0,0.0,0.03109,31.1649,56.040899653979245,0,0.0,0.0,0.0,0.0,0.0,nan
1010,12.8395,77.3495,,,,,,,,,,,0.0,0.0,0,0.0,0.03194,30.3089,107.36000000000011,0,0.0,0.0,0.0,0.0,0.0,nan
1011,12.8395,77.3585,,,,,,,,,,,0.0,0.0,0,0.0,0.03283,29.4602,56.040899653979245,0,0.0,0.0,0.0,0.0,0.0,nan
1012,12.8395,77.3675,,,,,,,,,,,0.0,0.0,0,0.0,0.033762,28.6195,56.040899653979245,0,0.0,0.0,0.0,0.0,0.0,nan
1013,12.8395,77.3765,,,,,,,,,,,0.0,0.0,0,0.0,0.034737,27.7875,56.040899653979245,0,0.0,0.0,0.0,0.0,0.0,nan
1014,12.8395,77.3855,,,,,,,,,,,0.0,0.0,0,0.0,0.035759,26.965,56.040899653979245,0,0.0,0.0,0.0,0.0,0.0,nan
1015,12.8395,77.3945,,,,,,,,,,,0.0,0.0,0,0.0,0.036828,26.153,101.40999999999984,0,0.0,0.0,0.0,0.0,0.0,nan
1016,12.8395,77.4035,,,,,,,,,,,0.0,0.0,0,0.0,0.037947,25.3523,56.040899653979245,0,0.0,0.0,0.0,0.0,0.0,nan
1017,12.8395,77.4125,,,,,,,,,,,0.0,0.0,0,0.0,0.039117,24.5642,56.040899653979245,0,0.0,0.0,0.0,0.0,0.0,nan
1018,12.8395,77.4215,,,,,,,,,,,0.0,0.0,0,0.0,0.040339,23.7899,56.040899653979245,0,0.0,0.0,0.0,0.0,0.0,nan
1019,12.8395,77.4305,,,,,,,,,,,0.0,0.0,0,0.0,0.041613,23.0307,56.040899653979245,0,0.0,0.0,0.0,0.0,0.0,nan
1020,12.8395,77.4395,,,,,,,,,,,0.0,0.0,0,0.0,0.04294,22.2882,101.40999999999984,0,31.0,18.0,1.7222,0.0,0.0,nan
1021,12.8395,77.4485,,,,,,,,,,,0.0,0.0,0,0.0,0.044318,21.5642,56.040899653979245,0,0.0,0.0,0.0,0.0,0.0,nan
1022,12.8395,77.4575,,,,,,,,,,,0.0,0.0,0,0.0,0.045745,20.8605,56.040899653979245,0,0.0,0.0,0.0,0.0,0.0,nan
1023,12.8395,77.4665,,,,,,,,,,,0.0,0.0,0,0.0,0.047216,20.1793,56.040899653979245,0,0.0,0.0,0.0,0.0,0.0,nan
1024,12.8395,77.4755,,,,,,,,,,,0.0,0.0,0,0.0,0.048726,19.523,56.040899653979245,0,0.0,0.0,0.0,0.0,0.0,nan
1025,12.8395,77.4845,,,,,,,,,,,0.0,0.0,0,0.0,0.050266,18.8941,64.15999999999985,0,0.0,0.0,0.0,0.0,0.0,nan
1026,12.8395,77.4935,,,,,,,,,,,0.0,0.0,0,0.0,0.051826,18.2954,56.040899653979245,0,0.0,0.0,0.0,0.0,0.0,nan
1027,12.8395,77.5025,,,,,,,,,,,0.0,0.0,0,0.0,0.05339,17.7301,56.040899653979245,0,0.0,0.0,0.0,0.0,0.0,nan
1028,12.8395,77.5115,,,,,,,,,,,0.0,0.0,0,0.0,0.054941,17.2014,56.040899653979245,0,0.0,0.0,0.0,0.0,0.0,nan
1029,12.8395,77.5205,,,,,,,,,,,0.0,0.0,0,0.0,0.056456,16.7128,56.040899653979245,0,0.0,0.0,0.0,0.0,0.0,nan
1030,12.8395,77.5295,,,,,,,,,,,0.0,0.0,0,0.0,0.057911,16.2679,64.15999999999985,0,3040.0,90.0,33.7778,0.0,0.0,nan
1031,12.8395,77.5385,,,,,,,,,,,0.0,0.0,0,0.0,0.059275,15.8704,56.040899653979245,0,0.0,0.0,0.0,0.0,0.0,nan
1032,12.8395,77.5475,,,,,,,,,,,0.0,0.0,0,0.0,0.060519,15.5238,56.040899653979245,0,0.0,0.0,0.0,0.0,0.0,nan
1033,12.8395,77.5565,,,,,,,,,,,0.0,0.0,0,0.0,0.061607,15.2318,56.040899653979245,0,0.0,0.0,0.0,0.0,0.0,nan
1034,12.8395,77.5655,,,,,,,,,,,0.0,0.0,0,0.0,0.06251,14.9975,56.040899653979245,0,0.0,0.0,0.0,0.0,0.0,nan
1035,12.8395,77.5745,,,,,,,,,,,0.0,0.0,0,0.0,0.063197,14.8236,48.65000000000032,0,0.0,0.0,0.0,0.0,0.0,nan
1036,12.8395,77.5835,,,,,,,,,,,0.0,0.0,0,0.0,0.063645,14.7122,56.040899653979245,0,0.0,0.0,0.0,0.0,0.0,nan
1037,12.8395,77.5925,,,,,,,,,,,0.0,0.0,0,0.0,0.063837,14.6649,56.040899653979245,0,0.0,0.0,0.0,0.0,0.0,nan
1038,12.8395,77.6015,,,,,,,,,,,0.0,0.0,0,0.0,0.063767,14.6821,56.040899653979245,0,0.0,0.0,0.0,0.0,0.0,nan
1039,12.8395,77.6105,,,,,,,,,,,0.0,0.0,0,0.0,0.063437,14.7637,56.040899653979245,0,0.0,0.0,0.0,0.0,0.0,nan
1040,12.8395,77.6195,,,,,,,,,,,0.0,0.0,0,0.0,0.062859,14.9087,48.65000000000032,0,64.0,29.0,2.2069,0.0,0.0,nan
1041,12.8395,77.6285,,,,,,,,,,,0.0,0.0,0,0.0,0.062054,15.1151,56.040899653979245,0,0.0,0.0,0.0,0.0,0.0,nan
1042,12.8395,77.6375,,,,,,,,,,,0.0,0.0,0,0.0,0.061048,15.3806,56.040899653979245,0,0.0,0.0,0.0,0.0,0.0,nan
1043,12.8395,77.6465,,,,,,,,,,,0.0,0.0,0,0.0,0.059873,15.7021,56.040899653979245,0,0.0,0.0,0.0,0.0,0.0,nan
1044,12.8395,77.6555,,,,,,,,,,,0.0,0.0,0,0.0,0.058561,16.0763,56.040899653979245,0,0.0,0.0,0.0,0.0,0.0,nan
1045,12.8395,77.6645,,,,,,,,,,,0.0,0.0,0,0.0,0.057144,16.4995,22.770000000000095,0,0.0,0.0,0.0,0.0,0.0,nan
1046,12.8395,77.6735,,,,,,,,,,,0.0,0.0,0,0.0,0.055654,16.9682,56.040899653979245,0,0.0,0.0,0.0,0.0,0.0,nan
1047,12.8395,77.6825,,,,,,,,,,,0.0,0.0,0,0.0,0.054117,17.4786,56.040899653979245,0,0.0,0.0,0.0,0.0,0.0,nan
1048,12.8395,77.6915,,,,,,,,,,,0.0,0.0,0,0.0,0.052556,18.0273,56.040899653979245,0,0.0,0.0,0.0,0.0,0.0,nan
1049,12.8395,77.7005,,,,,,,,,,,0.0,0.0,0,0.0,0.050992,18.6108,56.040899653979245,0,0.0,0.0,0.0,0.0,0.0,nan
1050,12.8395,77.7095,,,,,,,,,,,0.0,0.0,0,0.0,0.049442,19.2259,49.25,0,22.0,21.0,1.0476,0.0,0.0,nan
1051,12.8395,77.7185,,,,,,,,,,,0.0,0.0,0,0.0,0.047916,19.8698,56.040899653979245,0,0.0,0.0,0.0,0.0,0.0,nan
1052,12.8395,77.7275,,,,,,,,,,,0.0,0.0,0,0.0,0.046426,20.5397,56.040899653979245,0,0.0,0.0,0.0,0.0,0.0,nan
1053,12.8395,77.7365,,,,,,,,,,,0.0,0.0,0,0.0,0.044978,21.2331,56.040899653979245,0,0.0,0.0,0.0,0.0,0.0,nan
1054,12.8395,77.7455,,,,,,,,,,,0.0,0.0,0,0.0,0.043577,21.9479,56.040899653979245,0,0.0,0.0,0.0,0.0,0.0,nan
1055,12.8395,77.7545,,,,,,,,,,,0.0,0.0,0,0.0,0.042226,22.682,49.25,0,0.0,0.0,0.0,0.0,0.0,nan
1056,12.8395,77.7635,,,,,,,,,,,0.0,0.0,0,0.0,0.040927,23.4336,56.040899653979245,0,0.0,0.0,0.0,0.0,0.0,nan
1057,12.8395,77.7725,,,,,,,,,,,0.0,0.0,0,0.0,0.039681,24.201,56.040899653979245,0,0.0,0.0,0.0,0.0,0.0,nan
1058,12.8395,77.7815,,,,,,,,,,,0.0,0.0,0,0.0,0.038487,24.9829,56.040899653979245,0,0.0,0.0,0.0,0.0,0.0,nan
1059,12.8395,77.7905,,,,,,,,,,,0.0,0.0,0,0.0,0.037344,25.7778,56.040899653979245,0,0.0,0.0,0.0,0.0,0.0,nan
1060,12.8395,77.7995,,,,,,,,,,,0.0,0.0,0,0.0,0.036252,26.5847,45.370000000000005,0,1.0,1.0,1.0,0.0,0.0,nan
1061,12.8395,77.8085,,,,,,,,,,,0.0,0.0,0,0.0,0.035208,27.4024,56.040899653979245,0,0.0,0.0,0.0,0.0,0.0,nan
1062,12.8395,77.8175,,,,,,,,,,,0.0,0.0,0,0.0,0.034211,28.2301,56.040899653979245,0,0.0,0.0,0.0,0.0,0.0,nan
1063,12.8395,77.8265,,,,,,,,,,,0.0,0.0,0,0.0,0.033259,29.0668,56.040899653979245,0,0.0,0.0,0.0,0.0,0.0,nan
1064,12.8395,77.8355,,,,,,,,,,,0.0,0.0,0,0.0,0.03235,29.9119,56.040899653979245,0,0.0,0.0,0.0,0.0,0.0,nan
1065,12.8395,77.8445,,,,,,,,,,,0.0,0.0,0,0.0,0.031482,30.7645,45.370000000000005,0,0.0,0.0,0.0,0.0,0.0,nan
1066,12.8395,77.8535,,,,,,,,,,,0.0,0.0,0,0.0,0.030652,31.6242,56.040899653979245,0,0.0,0.0,0.0,0.0,0.0,nan
1067,12.8395,77.8625,,,,,,,,,,,0.0,0.0,0,0.0,0.029859,32.4903,56.040899653979245,0,0.0,0.0,0.0,0.0,0.0,nan
1068,12.8395,77.8715,,,,,,,,,,,0.0,0.0,0,0.0,0.029102,33.3624,56.040899653979245,0,0.0,0.0,0.0,0.0,0.0,nan
1069,12.8395,77.8805,,,,,,,,,,,0.0,0.0,0,0.0,0.028377,34.24,56.040899653979245,0,0.0,0.0,0.0,0.0,0.0,nan
1070,12.8395,77.8895,,,,,,,,,,,0.0,0.0,0,0.0,0.027683,35.1227,115.0,0,0.0,0.0,0.0,0.0,0.0,nan
1071,12.8395,77.8985,,,,,,,,,,,0.0,0.0,0,0.0,0.02702,36.01,56.040899653979245,0,0.0,0.0,0.0,0.0,0.0,nan
1072,12.8485,77.3045,,,,,,,,,,,0.0,0.0,0,0.0,0.028377,34.2395,56.040899653979245,0,0.0,0.0,0.0,0.0,0.0,nan
1073,12.8485,77.3135,,,,,,,,,,,0.0,0.0,0,0.0,0.029113,33.3487,56.040899653979245,0,0.0,0.0,0.0,0.0,0.0,nan
1074,12.8485,77.3225,,,,,,,,,,,0.0,0.0,0,0.0,0.029884,32.4627,56.040899653979245,0,0.0,0.0,0.0,0.0,0.0,nan
1075,12.8485,77.3315,,,,,,,,,,,0.0,0.0,0,0.0,0.030692,31.5818,107.36000000000011,0,0.0,0.0,0.0,0.0,0.0,nan
1076,12.8485,77.3405,,,,,,,,,,,0.0,0.0,0,0.0,0.031539,30.7066,56.040899653979245,0,0.0,0.0,0.0,0.0,0.0,nan
1077,12.8485,77.3495,,,,,,,,,,,0.0,0.0,0,0.0,0.032428,29.8375,56.040899653979245,0,0.0,0.0,0.0,0.0,0.0,nan
1078,12.8485,77.3585,,,,,,,,,,,0.0,0.0,0,0.0,0.033361,28.9751,56.040899653979245,0,0.0,0.0,0.0,0.0,0.0,nan
1079,12.8485,77.3675,,,,,,,,,,,0.0,0.0,0,0.0,0.034341,28.12,56.040899653979245,0,0.0,0.0,0.0,0.0,0.0,nan
1080,12.8485,77.3765,,,,,,,,,,,0.0,0.0,0,0.0,0.03537,27.2728,93.40000000000008,0,1.0,1.0,1.0,0.0,0.0,nan
1081,12.8485,77.3855,,,,,,,,,,,0.0,0.0,0,0.0,0.036451,26.4344,56.040899653979245,0,0.0,0.0,0.0,0.0,0.0,nan
1082,12.8485,77.3945,,,,,,,,,,,0.0,0.0,0,0.0,0.037586,25.6056,56.040899653979245,0,0.0,0.0,0.0,0.0,0.0,nan
1083,12.8485,77.4035,,,,,,,,,,,0.0,0.0,0,0.0,0.038779,24.7873,56.040899653979245,0,0.0,0.0,0.0,0.0,0.0,nan
1084,12.8485,77.4125,,,,,,,,,,,0.0,0.0,0,0.0,0.040031,23.9807,56.040899653979245,0,0.0,0.0,0.0,0.0,0.0,nan
1085,12.8485,77.4215,,,,,,,,,,,0.0,0.0,0,0.0,0.041345,23.1869,101.40999999999984,0,0.0,0.0,0.0,0.0,0.0,nan
1086,12.8485,77.4305,,,,,,,,,,,0.0,0.0,0,0.0,0.042722,22.4074,56.040899653979245,0,0.0,0.0,0.0,0.0,0.0,nan
1087,12.8485,77.4395,,,,,,,,,,,0.0,0.0,0,0.0,0.044163,21.6436,56.040899653979245,0,0.0,0.0,0.0,0.0,0.0,nan
1088,12.8485,77.4485,,,,,,,,,,,0.0,0.0,0,0.0,0.045668,20.8973,56.040899653979245,0,0.0,0.0,0.0,0.0,0.0,nan
1089,12.8485,77.4575,,,,,,,,,,,0.0,0.0,0,0.0,0.047236,20.1704,56.040899653979245,0,0.0,0.0,0.0,0.0,0.0,nan
1090,12.8485,77.4665,,,,,,,,,,,0.0,0.0,0,0.0,0.048863,19.4652,64.15999999999985,0,17.0,17.0,1.0,0.0,0.0,nan
1091,12.8485,77.4755,,,,,,,,,,,0.0,0.0,0,0.0,0.050546,18.7839,56.040899653979245,0,0.0,0.0,0.0,0.0,0.0,nan
1092,12.8485,77.4845,,,,,,,,,,,0.0,0.0,0,0.0,0.052275,18.1295,56.040899653979245,0,0.0,0.0,0.0,0.0,0.0,nan
1093,12.8485,77.4935,,,,,,,,,,,0.0,0.0,0,0.0,0.05404,17.5047,56.040899653979245,0,0.0,0.0,0.0,0.0,0.0,nan
1094,12.8485,77.5025,,,,,,,,,,,0.0,0.0,0,0.0,0.055825,16.9131,56.040899653979245,0,0.0,0.0,0.0,0.0,0.0,nan
1095,12.8485,77.5115,,,,,,,,,,,0.0,0.0,0,0.0,0.05761,16.358,56.040899653979245,0,0.0,0.0,0.0,0.0,0.0,nan
1096,12.8485,77.5205,,,,,,,,,,,0.0,0.0,0,0.0,0.05937,15.8434,56.040899653979245,0,0.0,0.0,0.0,0.0,0.0,nan
1097,12.8485,77.5295,,,,,,,,,,,0.0,0.0,0,0.0,0.061075,15.3734,56.040899653979245,0,0.0,0.0,0.0,0.0,0.0,nan
1098,12.8485,77.5385,,,,,,,,,,,0.0,0.0,0,0.0,0.062687,14.9522,56.040899653979245,0,0.0,0.0,0.0,0.0,0.0,nan
1099,12.8485,77.5475,,,,,,,,,,,0.0,0.0,0,0.0,0.064169,14.5839,56.040899653979245,0,0.0,0.0,0.0,0.0,0.0,nan
1100,12.8485,77.5565,,,,,,,,,,,0.0,0.0,0,0.0,0.065477,14.2726,56.040899653979245,0,760.0,57.0,13.3333,0.0,0.0,nan
1101,12.8485,77.5655,,,,,,,,,,,0.0,0.0,0,0.0,0.066568,14.0223,56.040899653979245,0,0.0,0.0,0.0,0.0,0.0,nan
1102,12.8485,77.5745,,,,,,,,,,,0.0,0.0,0,0.0,0.067403,13.8362,56.040899653979245,0,0.0,0.0,0.0,0.0,0.0,nan
1103,12.8485,77.5835,,,,,,,,,,,0.0,0.0,0,0.0,0.06795,13.7168,56.040899653979245,0,0.0,0.0,0.0,0.0,0.0,nan
1104,12.8485,77.5925,,,,,,,,,,,0.0,0.0,0,0.0,0.068185,13.666,56.040899653979245,0,0.0,0.0,0.0,0.0,0.0,nan
1105,12.8485,77.6015,,,,,,,,,,,0.0,0.0,0,0.0,0.068099,13.6845,56.040899653979245,0,0.0,0.0,0.0,0.0,0.0,nan
1106,12.8485,77.6105,,,,,,,,,,,0.0,0.0,0,0.0,0.067696,13.772,56.040899653979245,0,0.0,0.0,0.0,0.0,0.0,nan
1107,12.8485,77.6195,,,,,,,,,,,0.0,0.0,0,0.0,0.066991,13.9273,56.040899653979245,0,0.0,0.0,0.0,0.0,0.0,nan
1108,12.8485,77.6285,,,,,,,,,,,0.0,0.0,0,0.0,0.066015,14.148,56.040899653979245,0,0.0,0.0,0.0,0.0,0.0,nan
1109,12.8485,77.6375,,,,,,,,,,,0.0,0.0,0,0.0,0.064803,14.4313,56.040899653979245,0,0.0,0.0,0.0,0.0,0.0,nan
1110,12.8485,77.6465,,,,,,,,,,,0.0,0.0,0,0.0,0.063398,14.7734,56.040899653979245,0,278.0,78.0,3.5641,0.0,0.0,nan
1111,12.8485,77.6555,,,,,,,,,,,0.0,0.0,0,0.0,0.061841,15.1705,56.040899653979245,0,0.0,0.0,0.0,0.0,0.0,nan
1112,12.8485,77.6645,,,,,,,,,,,0.0,0.0,0,0.0,0.060175,15.6183,56.040899653979245,0,0.0,0.0,0.0,0.0,0.0,nan
1113,12.8485,77.6735,,,,,,,,,,,0.0,0.0,0,0.0,0.058436,16.1126,56.040899653979245,0,0.0,0.0,0.0,0.0,0.0,nan
1114,12.8485,77.6825,,,,,,,,,,,0.0,0.0,0,0.0,0.05666,16.6492,56.040899653979245,0,0.0,0.0,0.0,0.0,0.0,nan
1115,12.8485,77.6915,,,,,,,,,,,0.0,0.0,0,0.0,0.054872,17.2243,56.040899653979245,0,0.0,0.0,0.0,0.0,0.0,nan
1116,12.8485,77.7005,,,,,,,,,,,0.0,0.0,0,0.0,0.053095,17.834,56.040899653979245,0,0.0,0.0,0.0,0.0,0.0,nan
1117,12.8485,77.7095,,,,,,,,,,,0.0,0.0,0,0.0,0.051348,18.475,56.040899653979245,0,0.0,0.0,0.0,0.0,0.0,nan
1118,12.8485,77.7185,,,,,,,,,,,0.0,0.0,0,0.0,0.049642,19.1441,56.040899653979245,0,0.0,0.0,0.0,0.0,0.0,nan
1119,12.8485,77.7275,,,,,,,,,,,0.0,0.0,0,0.0,0.047988,19.8385,56.040899653979245,0,0.0,0.0,0.0,0.0,0.0,nan
1120,12.8485,77.7365,,,,,,,,,,,0.0,0.0,0,0.0,0.046392,20.5555,56.040899653979245,0,254.0,47.0,5.4043,0.0,0.0,nan
1121,12.8485,77.7455,,,,,,,,,,,0.0,0.0,0,0.0,0.044857,21.293,56.040899653979245,0,0.0,0.0,0.0,0.0,0.0,nan
1122,12.8485,77.7545,,,,,,,,,,,0.0,0.0,0,0.0,0.043386,22.0489,56.040899653979245,0,0.0,0.0,0.0,0.0,0.0,nan
1123,12.8485,77.7635,,,,,,,,,,,0.0,0.0,0,0.0,0.041979,22.8213,56.040899653979245,0,0.0,0.0,0.0,0.0,0.0,nan
1124,12.8485,77.7725,,,,,,,,,,,0.0,0.0,0,0.0,0.040636,23.6086,56.040899653979245,0,0.0,0.0,0.0,0.0,0.0,nan
1125,12.8485,77.7815,,,,,,,,,,,0.0,0.0,0,0.0,0.039356,24.4094,56.040899653979245,0,0.0,0.0,0.0,0.0,0.0,nan
1126,12.8485,77.7905,,,,,,,,,,,0.0,0.0,0,0.0,0.038135,25.2223,56.040899653979245,0,0.0,0.0,0.0,0.0,0.0,nan
1127,12.8485,77.7995,,,,,,,,,,,0.0,0.0,0,0.0,0.036973,26.0464,56.040899653979245,0,0.0,0.0,0.0,0.0,0.0,nan
1128,12.8485,77.8085,,,,,,,,,,,0.0,0.0,0,0.0,0.035867,26.8804,56.040899653979245,0,0.0,0.0,0.0,0.0,0.0,nan
1129,12.8485,77.8175,,,,,,,,,,,0.0,0.0,0,0.0,0.034815,27.7236,56.040899653979245,0,0.0,0.0,0.0,0.0,0.0,nan
1130,12.8485,77.8265,,,,,,,,,,,0.0,0.0,0,0.0,0.033812,28.5751,56.040899653979245,0,0.0,0.0,0.0,0.0,0.0,nan
1131,12.8485,77.8355,,,,,,,,,,,0.0,0.0,0,0.0,0.032858,29.4342,56.040899653979245,0,0.0,0.0,0.0,0.0,0.0,nan
1132,12.8485,77.8445,,,,,,,,,,,0.0,0.0,0,0.0,0.031949,30.3002,56.040899653979245,0,0.0,0.0,0.0,0.0,0.0,nan
1133,12.8485,77.8535,,,,,,,,,,,0.0,0.0,0,0.0,0.031082,31.1727,56.040899653979245,0,0.0,0.0,0.0,0.0,0.0,nan
1134,12.8485,77.8625,,,,,,,,,,,0.0,0.0,0,0.0,0.030256,32.0509,56.040899653979245,0,0.0,0.0,0.0,0.0,0.0,nan
1135,12.8485,77.8715,,,,,,,,,,,0.0,0.0,0,0.0,0.029468,32.9346,56.040899653979245,0,0.0,0.0,0.0,0.0,0.0,nan
1136,12.8485,77.8805,,,,,,,,,,,0.0,0.0,0,0.0,0.028716,33.8232,56.040899653979245,0,0.0,0.0,0.0,0.0,0.0,nan
1137,12.8485,77.8895,,,,,,,,,,,0.0,0.0,0,0.0,0.027998,34.7164,56.040899653979245,0,0.0,0.0,0.0,0.0,0.0,nan
1138,12.8485,77.8985,,,,,,,,,,,0.0,0.0,0,0.0,0.027312,35.6139,56.040899653979245,0,0.0,0.0,0.0,0.0,0.0,nan
1139,12.8575,77.3045,,,,,,,,,,,0.0,0.0,0,0.0,0.028693,33.8522,56.040899653979245,0,0.0,0.0,0.0,0.0,0.0,nan
1140,12.8575,77.3135,,,,,,,,,,,0.0,0.0,0,0.0,0.029454,32.951,56.040899653979245,0,0.0,0.0,0.0,0.0,0.0,nan
1141,12.8575,77.3225,,,,,,,,,,,0.0,0.0,0,0.0,0.030254,32.054,56.040899653979245,0,0.0,0.0,0.0,0.0,0.0,nan
1142,12.8575,77.3315,,,,,,,,,,,0.0,0.0,0,0.0,0.031093,31.1617,56.040899653979245,0,0.0,0.0,0.0,0.0,0.0,nan
1143,12.8575,77.3405,,,,,,,,,,,0.0,0.0,0,0.0,0.031975,30.2744,56.040899653979245,0,0.0,0.0,0.0,0.0,0.0,nan
1144,12.8575,77.3495,,,,,,,,,,,0.0,0.0,0,0.0,0.032903,29.3926,56.040899653979245,0,0.0,0.0,0.0,0.0,0.0,nan
1145,12.8575,77.3585,,,,,,,,,,,0.0,0.0,0,0.0,0.033879,28.5168,56.040899653979245,0,0.0,0.0,0.0,0.0,0.0,nan
1146,12.8575,77.3675,,,,,,,,,,,0.0,0.0,0,0.0,0.034907,27.6475,56.040899653979245,0,0.0,0.0,0.0,0.0,0.0,nan
1147,12.8575,77.3765,,,,,,,,,,,0.0,0.0,0,0.0,0.03599,26.7855,56.040899653979245,0,0.0,0.0,0.0,0.0,0.0,nan
1148,12.8575,77.3855,,,,,,,,,,,0.0,0.0,0,0.0,0.037131,25.9314,56.040899653979245,0,0.0,0.0,0.0,0.0,0.0,nan
1149,12.8575,77.3945,,,,,,,,,,,0.0,0.0,0,0.0,0.038335,25.086,56.040899653979245,0,0.0,0.0,0.0,0.0,0.0,nan
1150,12.8575,77.4035,,,,,,,,,,,0.0,0.0,0,0.0,0.039603,24.2503,101.40999999999984,0,1.0,1.0,1.0,0.0,0.0,nan
1151,12.8575,77.4125,,,,,,,,,,,0.0,0.0,0,0.0,0.040941,23.4253,56.040899653979245,0,0.0,0.0,0.0,0.0,0.0,nan
1152,12.8575,77.4215,,,,,,,,,,,0.0,0.0,0,0.0,0.042351,22.6121,56.040899653979245,0,0.0,0.0,0.0,0.0,0.0,nan
1153,12.8575,77.4305,,,,,,,,,,,0.0,0.0,0,0.0,0.043837,21.812,56.040899653979245,0,0.0,0.0,0.0,0.0,0.0,nan
1154,12.8575,77.4395,,,,,,,,,,,0.0,0.0,0,0.0,0.045399,21.0267,56.040899653979245,0,0.0,0.0,0.0,0.0,0.0,nan
1155,12.8575,77.4485,,,,,,,,,,,0.0,0.0,0,0.0,0.047042,20.2577,101.40999999999984,0,0.0,0.0,0.0,0.0,0.0,nan
1156,12.8575,77.4575,,,,,,,,,,,0.0,0.0,0,0.0,0.048764,19.5071,56.040899653979245,0,0.0,0.0,0.0,0.0,0.0,nan
1157,12.8575,77.4665,,,,,,,,,,,0.0,0.0,0,0.0,0.050564,18.777,56.040899653979245,0,0.0,0.0,0.0,0.0,0.0,nan
1158,12.8575,77.4755,,,,,,,,,,,0.0,0.0,0,0.0,0.052439,18.0699,56.040899653979245,0,0.0,0.0,0.0,0.0,0.0,nan
1159,12.8575,77.4845,,,,,,,,,,,0.0,0.0,0,0.0,0.054382,17.3886,56.040899653979245,0,0.0,0.0,0.0,0.0,0.0,nan
1160,12.8575,77.4935,,,,,,,,,,,0.0,0.0,0,0.0,0.056382,16.7363,64.15999999999985,0,243.0,57.0,4.2632,0.0,0.0,nan
1161,12.8575,77.5025,,,,,,,,,,,0.0,0.0,0,0.0,0.058423,16.1165,56.040899653979245,0,0.0,0.0,0.0,0.0,0.0,nan
1162,12.8575,77.5115,,,,,,,,,,,0.0,0.0,0,0.0,0.060485,15.533,56.040899653979245,0,0.0,0.0,0.0,0.0,0.0,nan
1163,12.8575,77.5205,,,,,,,,,,,0.0,0.0,0,0.0,0.062538,14.9902,56.040899653979245,0,0.0,0.0,0.0,0.0,0.0,nan
1164,12.8575,77.5295,,,,,,,,,,,0.0,0.0,0,0.0,0.064547,14.4926,56.040899653979245,0,0.0,0.0,0.0,0.0,0.0,nan
1165,12.8575,77.5385,,,,,,,,,,,0.0,0.0,0,0.0,0.066467,14.045,64.15999999999985,0,0.0,0.0,0.0,0.0,0.0,nan
1166,12.8575,77.5475,,,,,,,,,,,0.0,0.0,0,0.0,0.068249,13.6523,56.040899653979245,0,0.0,0.0,0.0,0.0,0.0,nan
1167,12.8575,77.5565,,,,,,,,,,,0.0,0.0,0,0.0,0.069836,13.3193,56.040899653979245,0,0.0,0.0,0.0,0.0,0.0,nan
1168,12.8575,77.5655,,,,,,,,,,,0.0,0.0,0,0.0,0.071171,13.0507,56.040899653979245,0,0.0,0.0,0.0,0.0,0.0,nan
1169,12.8575,77.5745,,,,,,,,,,,0.0,0.0,0,0.0,0.0722,12.8505,56.040899653979245,0,0.0,0.0,0.0,0.0,0.0,nan
1170,12.8575,77.5835,,,,,,,,,,,0.0,0.0,0,0.0,0.072876,12.7219,48.65000000000032,0,84.0,46.0,1.8261,0.0,0.0,nan
1171,12.8575,77.5925,,,,,,,,,,,0.0,0.0,0,0.0,0.073168,12.6671,56.040899653979245,0,0.0,0.0,0.0,0.0,0.0,nan
1172,12.8575,77.6015,,,,,,,,,,,0.0,0.0,0,0.0,0.073061,12.6871,56.040899653979245,0,0.0,0.0,0.0,0.0,0.0,nan
1173,12.8575,77.6105,,,,,,,,,,,0.0,0.0,0,0.0,0.072562,12.7814,56.040899653979245,0,0.0,0.0,0.0,0.0,0.0,nan
1174,12.8575,77.6195,,,,,,,,,,,0.0,0.0,0,0.0,0.071692,12.9486,56.040899653979245,0,0.0,0.0,0.0,0.0,0.0,nan
1175,12.8575,77.6285,,,,,,,,,,,0.0,0.0,0,0.0,0.070494,13.1857,22.770000000000095,0,0.0,0.0,0.0,0.0,0.0,nan
1176,12.8575,77.6375,,,,,,,,,,,0.0,0.0,0,0.0,0.069017,13.4892,56.040899653979245,0,0.0,0.0,0.0,0.0,0.0,nan
1177,12.8575,77.6465,,,,,,,,,,,0.0,0.0,0,0.0,0.067319,13.8546,56.040899653979245,0,0.0,0.0,0.0,0.0,0.0,nan
1178,12.8575,77.6555,,,,,,,,,,,0.0,0.0,0,0.0,0.065457,14.2772,56.040899653979245,0,0.0,0.0,0.0,0.0,0.0,nan
1179,12.8575,77.6645,,,,,,,,,,,0.0,0.0,0,0.0,0.063484,14.7521,56.040899653979245,0,0.0,0.0,0.0,0.0,0.0,nan
1180,12.8575,77.6735,,,,,,,,,,,0.0,0.0,0,0.0,0.061446,15.2744,22.770000000000095,0,9.0,9.0,1.0,0.0,0.0,nan
1181,12.8575,77.6825,,,,,,,,,,,0.0,0.0,0,0.0,0.059385,15.8394,56.040899653979245,0,0.0,0.0,0.0,0.0,0.0,nan
1182,12.8575,77.6915,,,,,,,,,,,0.0,0.0,0,0.0,0.05733,16.4428,56.040899653979245,0,0.0,0.0,0.0,0.0,0.0,nan
1183,12.8575,77.7005,,,,,,,,,,,0.0,0.0,0,0.0,0.055309,17.0804,56.040899653979245,0,0.0,0.0,0.0,0.0,0.0,nan
1184,12.8575,77.7095,,,,,,,,,,,0.0,0.0,0,0.0,0.053337,17.7486,56.040899653979245,0,0.0,0.0,0.0,0.0,0.0,nan
1185,12.8575,77.7185,,,,,,,,,,,0.0,0.0,0,0.0,0.05143,18.444,49.25,0,0.0,0.0,0.0,0.0,0.0,nan
1186,12.8575,77.7275,,,,,,,,,,,0.0,0.0,0,0.0,0.049594,19.1637,56.040899653979245,0,0.0,0.0,0.0,0.0,0.0,nan
1187,12.8575,77.7365,,,,,,,,,,,0.0,0.0,0,0.0,0.047835,19.905,56.040899653979245,0,0.0,0.0,0.0,0.0,0.0,nan
1188,12.8575,77.7455,,,,,,,,,,,0.0,0.0,0,0.0,0.046156,20.6657,56.040899653979245,0,0.0,0.0,0.0,0.0,0.0,nan
1189,12.8575,77.7545,,,,,,,,,,,0.0,0.0,0,0.0,0.044556,21.4436,56.040899653979245,0,0.0,0.0,0.0,0.0,0.0,nan
1190,12.8575,77.7635,,,,,,,,,,,0.0,0.0,0,0.0,0.043035,22.237,49.25,0,1756.0,61.0,28.7869,0.0,0.0,nan
1191,12.8575,77.7725,,,,,,,,,,,0.0,0.0,0,0.0,0.04159,23.0442,56.040899653979245,0,0.0,0.0,0.0,0.0,0.0,nan
1192,12.8575,77.7815,,,,,,,,,,,0.0,0.0,0,0.0,0.040219,23.8639,56.040899653979245,0,0.0,0.0,0.0,0.0,0.0,nan
1193,12.8575,77.7905,,,,,,,,,,,0.0,0.0,0,0.0,0.038918,24.6948,56.040899653979245,0,0.0,0.0,0.0,0.0,0.0,nan
1194,12.8575,77.7995,,,,,,,,,,,0.0,0.0,0,0.0,0.037685,25.5358,56.040899653979245,0,0.0,0.0,0.0,0.0,0.0,nan
1195,12.8575,77.8085,,,,,,,,,,,0.0,0.0,0,0.0,0.036515,26.3859,45.370000000000005,0,0.0,0.0,0.0,0.0,0.0,nan
1196,12.8575,77.8175,,,,,,,,,,,0.0,0.0,0,0.0,0.035405,27.2443,56.040899653979245,0,0.0,0.0,0.0,0.0,0.0,nan
1197,12.8575,77.8265,,,,,,,,,,,0.0,0.0,0,0.0,0.034352,28.1103,56.040899653979245,0,0.0,0.0,0.0,0.0,0.0,nan
1198,12.8575,77.8355,,,,,,,,,,,0.0,0.0,0,0.0,0.033352,28.9831,56.040899653979245,0,0.0,0.0,0.0,0.0,0.0,nan
1199,12.8575,77.8445,,,,,,,,,,,0.0,0.0,0,0.0,0.032402,29.8622,56.040899653979245,0,0.0,0.0,0.0,0.0,0.0,nan
1200,12.8575,77.8535,,,,,,,,,,,0.0,0.0,0,0.0,0.031499,30.747,45.370000000000005,0,7.0,5.0,1.4,0.0,0.0,nan
1201,12.8575,77.8625,,,,,,,,,,,0.0,0.0,0,0.0,0.03064,31.637,56.040899653979245,0,0.0,0.0,0.0,0.0,0.0,nan
1202,12.8575,77.8715,,,,,,,,,,,0.0,0.0,0,0.0,0.029822,32.5318,56.040899653979245,0,0.0,0.0,0.0,0.0,0.0,nan
1203,12.8575,77.8805,,,,,,,,,,,0.0,0.0,0,0.0,0.029044,33.4311,56.040899653979245,0,0.0,0.0,0.0,0.0,0.0,nan
1204,12.8575,77.8895,,,,,,,,,,,0.0,0.0,0,0.0,0.028301,34.3344,56.040899653979245,0,0.0,0.0,0.0,0.0,0.0,nan
1205,12.8575,77.8985,,,,,,,,,,,0.0,0.0,0,0.0,0.027593,35.2415,115.0,0,0.0,0.0,0.0,0.0,0.0,nan
1206,12.8665,77.3045,,,,,,,,,,,0.0,0.0,0,0.0,0.028994,33.4902,56.040899653979245,0,0.0,0.0,0.0,0.0,0.0,nan
1207,12.8665,77.3135,,,,,,,,,,,0.0,0.0,0,0.0,0.029781,32.579,56.040899653979245,0,0.0,0.0,0.0,0.0,0.0,nan
1208,12.8665,77.3225,,,,,,,,,,,0.0,0.0,0,0.0,0.030608,31.6716,56.040899653979245,0,0.0,0.0,0.0,0.0,0.0,nan
1209,12.8665,77.3315,,,,,,,,,,,0.0,0.0,0,0.0,0.031478,30.7683,56.040899653979245,0,0.0,0.0,0.0,0.0,0.0,nan
1210,12.8665,77.3405,,,,,,,,,,,0.0,0.0,0,0.0,0.032395,29.8694,92.40999999999964,0,424.0,100.0,4.24,0.0,0.0,nan
1211,12.8665,77.3495,,,,,,,,,,,0.0,0.0,0,0.0,0.033361,28.9753,56.040899653979245,0,0.0,0.0,0.0,0.0,0.0,nan
1212,12.8665,77.3585,,,,,,,,,,,0.0,0.0,0,0.0,0.03438,28.0865,56.040899653979245,0,0.0,0.0,0.0,0.0,0.0,nan
1213,12.8665,77.3675,,,,,,,,,,,0.0,0.0,0,0.0,0.035456,27.2036,56.040899653979245,0,0.0,0.0,0.0,0.0,0.0,nan
1214,12.8665,77.3765,,,,,,,,,,,0.0,0.0,0,0.0,0.036594,26.3271,56.040899653979245,0,0.0,0.0,0.0,0.0,0.0,nan
1215,12.8665,77.3855,,,,,,,,,,,0.0,0.0,0,0.0,0.037796,25.4577,110.85000000000014,0,0.0,0.0,0.0,0.0,0.0,nan
1216,12.8665,77.3945,,,,,,,,,,,0.0,0.0,0,0.0,0.039068,24.5961,56.040899653979245,0,0.0,0.0,0.0,0.0,0.0,nan
1217,12.8665,77.4035,,,,,,,,,,,0.0,0.0,0,0.0,0.040415,23.7432,56.040899653979245,0,0.0,0.0,0.0,0.0,0.0,nan
1218,12.8665,77.4125,,,,,,,,,,,0.0,0.0,0,0.0,0.041841,22.9,56.040899653979245,0,0.0,0.0,0.0,0.0,0.0,nan
1219,12.8665,77.4215,,,,,,,,,,,0.0,0.0,0,0.0,0.043351,22.0675,56.040899653979245,0,0.0,0.0,0.0,0.0,0.0,nan
1220,12.8665,77.4305,,,,,,,,,,,0.0,0.0,0,0.0,0.04495,21.247,101.40999999999984,0,63.0,56.0,1.125,0.0,0.0,nan
1221,12.8665,77.4395,,,,,,,,,,,0.0,0.0,0,0.0,0.046642,20.44,56.040899653979245,0,0.0,0.0,0.0,0.0,0.0,nan
1222,12.8665,77.4485,,,,,,,,,,,0.0,0.0,0,0.0,0.04843,19.6482,56.040899653979245,0,0.0,0.0,0.0,0.0,0.0,nan
1223,12.8665,77.4575,,,,,,,,,,,0.0,0.0,0,0.0,0.050319,18.8734,56.040899653979245,0,0.0,0.0,0.0,0.0,0.0,nan
1224,12.8665,77.4665,,,,,,,,,,,0.0,0.0,0,0.0,0.052307,18.1178,56.040899653979245,0,0.0,0.0,0.0,0.0,0.0,nan
1225,12.8665,77.4755,,,,,,,,,,,0.0,0.0,0,0.0,0.054395,17.384,80.13000000000011,0,0.0,0.0,0.0,0.0,0.0,nan
1226,12.8665,77.4845,,,,,,,,,,,0.0,0.0,0,0.0,0.056578,16.6747,56.040899653979245,0,0.0,0.0,0.0,0.0,0.0,nan
1227,12.8665,77.4935,,,,,,,,,,,0.0,0.0,0,0.0,0.058846,15.9934,56.040899653979245,0,0.0,0.0,0.0,0.0,0.0,nan
1228,12.8665,77.5025,,,,,,,,,,,0.0,0.0,0,0.0,0.061186,15.3436,56.040899653979245,0,0.0,0.0,0.0,0.0,0.0,nan
1229,12.8665,77.5115,,,,,,,,,,,0.0,0.0,0,0.0,0.063574,14.7297,56.040899653979245,0,0.0,0.0,0.0,0.0,0.0,nan
1230,12.8665,77.5205,,,,,,,,,,,0.0,0.0,0,0.0,0.06598,14.1561,64.15999999999985,0,2669.0,84.0,31.7738,0.0,0.0,nan
1231,12.8665,77.5295,,,,,,,,,,,0.0,0.0,0,0.0,0.068362,13.6281,56.040899653979245,0,0.0,0.0,0.0,0.0,0.0,nan
1232,12.8665,77.5385,,,,,,,,,,,0.0,0.0,0,0.0,0.070666,13.1511,56.040899653979245,0,0.0,0.0,0.0,0.0,0.0,nan
1233,12.8665,77.5475,,,,,,,,,,,0.0,0.0,0,0.0,0.072828,12.7309,56.040899653979245,0,0.0,0.0,0.0,0.0,0.0,nan
1234,12.8665,77.5565,,,,,,,,,,,0.0,0.0,0,0.0,0.074776,12.3732,56.040899653979245,0,0.0,0.0,0.0,0.0,0.0,nan
1235,12.8665,77.5655,,,,,,,,,,,0.0,0.0,0,0.0,0.076432,12.0836,25.3900000000001,0,0.0,0.0,0.0,0.0,0.0,nan
1236,12.8665,77.5745,,,,,,,,,,,0.0,0.0,0,0.0,0.077718,11.8671,56.040899653979245,0,0.0,0.0,0.0,0.0,0.0,nan
1237,12.8665,77.5835,,,,,,,,,,,0.0,0.0,0,0.0,0.078568,11.7278,56.040899653979245,0,0.0,0.0,0.0,0.0,0.0,nan
1238,12.8665,77.5925,,,,,,,,,,,0.0,0.0,0,0.0,0.078937,11.6683,56.040899653979245,0,0.0,0.0,0.0,0.0,0.0,nan
1239,12.8665,77.6015,,,,,,,,,,,0.0,0.0,0,0.0,0.078802,11.69,56.040899653979245,0,0.0,0.0,0.0,0.0,0.0,nan
1240,12.8665,77.6105,,,,,,,,,,,0.0,0.0,0,0.0,0.078172,11.7923,48.65000000000032,0,4526.0,70.0,64.6571,0.0,0.0,nan
1241,12.8665,77.6195,,,,,,,,,,,0.0,0.0,0,0.0,0.077082,11.9732,56.040899653979245,0,0.0,0.0,0.0,0.0,0.0,nan
1242,12.8665,77.6285,,,,,,,,,,,0.0,0.0,0,0.0,0.07559,12.2293,56.040899653979245,0,0.0,0.0,0.0,0.0,0.0,nan
1243,12.8665,77.6375,,,,,,,,,,,0.0,0.0,0,0.0,0.073769,12.5558,56.040899653979245,0,0.0,0.0,0.0,0.0,0.0,nan
1244,12.8665,77.6465,,,,,,,,,,,0.0,0.0,0,0.0,0.071697,12.9476,56.040899653979245,0,0.0,0.0,0.0,0.0,0.0,nan
1245,12.8665,77.6555,,,,,,,,,,,0.0,0.0,0,0.0,0.06945,13.3988,10.760000000000218,0,0.0,0.0,0.0,0.0,0.0,nan
1246,12.8665,77.6645,,,,,,,,,,,0.0,0.0,0,0.0,0.067097,13.9037,56.040899653979245,0,0.0,0.0,0.0,0.0,0.0,nan
1247,12.8665,77.6735,,,,,,,,,,,0.0,0.0,0,0.0,0.064697,14.4567,56.040899653979245,0,0.0,0.0,0.0,0.0,0.0,nan
1248,12.8665,77.6825,,,,,,,,,,,0.0,0.0,0,0.0,0.062296,15.0524,56.040899653979245,0,0.0,0.0,0.0,0.0,0.0,nan
1249,12.8665,77.6915,,,,,,,,,,,0.0,0.0,0,0.0,0.05993,15.686,56.040899653979245,0,0.0,0.0,0.0,0.0,0.0,nan
1250,12.8665,77.7005,,,,,,,,,,,0.0,0.0,0,0.0,0.057627,16.3531,22.770000000000095,0,9.0,8.0,1.125,0.0,0.0,nan
1251,12.8665,77.7095,,,,,,,,,,,0.0,0.0,0,0.0,0.055402,17.0498,56.040899653979245,0,0.0,0.0,0.0,0.0,0.0,nan
1252,12.8665,77.7185,,,,,,,,,,,0.0,0.0,0,0.0,0.053269,17.7725,56.040899653979245,0,0.0,0.0,0.0,0.0,0.0,nan
1253,12.8665,77.7275,,,,,,,,,,,0.0,0.0,0,0.0,0.051234,18.5182,56.040899653979245,0,0.0,0.0,0.0,0.0,0.0,nan
1254,12.8665,77.7365,,,,,,,,,,,0.0,0.0,0,0.0,0.049299,19.2844,56.040899653979245,0,0.0,0.0,0.0,0.0,0.0,nan
1255,12.8665,77.7455,,,,,,,,,,,0.0,0.0,0,0.0,0.047464,20.0685,8.659999999999968,0,0.0,0.0,0.0,0.0,0.0,nan
1256,12.8665,77.7545,,,,,,,,,,,0.0,0.0,0,0.0,0.045728,20.8686,56.040899653979245,0,0.0,0.0,0.0,0.0,0.0,nan
1257,12.8665,77.7635,,,,,,,,,,,0.0,0.0,0,0.0,0.044086,21.683,56.040899653979245,0,0.0,0.0,0.0,0.0,0.0,nan
1258,12.8665,77.7725,,,,,,,,,,,0.0,0.0,0,0.0,0.042535,22.51,56.040899653979245,0,0.0,0.0,0.0,0.0,0.0,nan
1259,12.8665,77.7815,,,,,,,,,,,0.0,0.0,0,0.0,0.04107,23.3484,56.040899653979245,0,0.0,0.0,0.0,0.0,0.0,nan
1260,12.8665,77.7905,,,,,,,,,,,0.0,0.0,0,0.0,0.039687,24.1969,51.770000000000095,0,1.0,1.0,1.0,0.0,0.0,nan
1261,12.8665,77.7995,,,,,,,,,,,0.0,0.0,0,0.0,0.038381,25.0546,56.040899653979245,0,0.0,0.0,0.0,0.0,0.0,nan
1262,12.8665,77.8085,,,,,,,,,,,0.0,0.0,0,0.0,0.037146,25.9205,56.040899653979245,0,0.0,0.0,0.0,0.0,0.0,nan
1263,12.8665,77.8175,,,,,,,,,,,0.0,0.0,0,0.0,0.035979,26.7937,56.040899653979245,0,0.0,0.0,0.0,0.0,0.0,nan
1264,12.8665,77.8265,,,,,,,,,,,0.0,0.0,0,0.0,0.034875,27.6737,56.040899653979245,0,0.0,0.0,0.0,0.0,0.0,nan
1265,12.8665,77.8355,,,,,,,,,,,0.0,0.0,0,0.0,0.03383,28.5598,56.040899653979245,0,0.0,0.0,0.0,0.0,0.0,nan
1266,12.8665,77.8445,,,,,,,,,,,0.0,0.0,0,0.0,0.032839,29.4515,56.040899653979245,0,0.0,0.0,0.0,0.0,0.0,nan
1267,12.8665,77.8535,,,,,,,,,,,0.0,0.0,0,0.0,0.0319,30.3482,56.040899653979245,0,0.0,0.0,0.0,0.0,0.0,nan
1268,12.8665,77.8625,,,,,,,,,,,0.0,0.0,0,0.0,0.031008,31.2495,56.040899653979245,0,0.0,0.0,0.0,0.0,0.0,nan
1269,12.8665,77.8715,,,,,,,,,,,0.0,0.0,0,0.0,0.030161,32.1551,56.040899653979245,0,0.0,0.0,0.0,0.0,0.0,nan
1270,12.8665,77.8805,,,,,,,,,,,0.0,0.0,0,0.0,0.029356,33.0645,56.040899653979245,0,0.0,0.0,0.0,0.0,0.0,nan
1271,12.8665,77.8895,,,,,,,,,,,0.0,0.0,0,0.0,0.02859,33.9775,56.040899653979245,0,0.0,0.0,0.0,0.0,0.0,nan
1272,12.8665,77.8985,,,,,,,,,,,0.0,0.0,0,0.0,0.02786,34.8939,56.040899653979245,0,0.0,0.0,0.0,0.0,0.0,nan
1273,12.8755,77.3045,,,,,,,,,,,0.0,0.0,0,0.0,0.029279,33.1543,56.040899653979245,0,0.0,0.0,0.0,0.0,0.0,nan
1274,12.8755,77.3135,,,,,,,,,,,0.0,0.0,0,0.0,0.03009,32.2338,56.040899653979245,0,0.0,0.0,0.0,0.0,0.0,nan
1275,12.8755,77.3225,,,,,,,,,,,0.0,0.0,0,0.0,0.030944,31.3164,69.2199999999998,0,0.0,0.0,0.0,0.0,0.0,nan
1276,12.8755,77.3315,,,,,,,,,,,0.0,0.0,0,0.0,0.031844,30.4026,56.040899653979245,0,0.0,0.0,0.0,0.0,0.0,nan
1277,12.8755,77.3405,,,,,,,,,,,0.0,0.0,0,0.0,0.032795,29.4926,56.040899653979245,0,0.0,0.0,0.0,0.0,0.0,nan
1278,12.8755,77.3495,,,,,,,,,,,0.0,0.0,0,0.0,0.033799,28.5868,56.040899653979245,0,0.0,0.0,0.0,0.0,0.0,nan
1279,12.8755,77.3585,,,,,,,,,,,0.0,0.0,0,0.0,0.034861,27.6857,56.040899653979245,0,0.0,0.0,0.0,0.0,0.0,nan
1280,12.8755,77.3675,,,,,,,,,,,0.0,0.0,0,0.0,0.035985,26.7896,69.2199999999998,0,0.0,0.0,0.0,0.0,0.0,nan
1281,12.8755,77.3765,,,,,,,,,,,0.0,0.0,0,0.0,0.037176,25.8991,56.040899653979245,0,0.0,0.0,0.0,0.0,0.0,nan
1282,12.8755,77.3855,,,,,,,,,,,0.0,0.0,0,0.0,0.03844,25.0149,56.040899653979245,0,0.0,0.0,0.0,0.0,0.0,nan
1283,12.8755,77.3945,,,,,,,,,,,0.0,0.0,0,0.0,0.039781,24.1376,56.040899653979245,0,0.0,0.0,0.0,0.0,0.0,nan
1284,12.8755,77.4035,,,,,,,,,,,0.0,0.0,0,0.0,0.041207,23.268,56.040899653979245,0,0.0,0.0,0.0,0.0,0.0,nan
1285,12.8755,77.4125,,,,,,,,,,,0.0,0.0,0,0.0,0.042722,22.4069,102.73000000000002,0,0.0,0.0,0.0,0.0,0.0,nan
1286,12.8755,77.4215,,,,,,,,,,,0.0,0.0,0,0.0,0.044335,21.5554,56.040899653979245,0,0.0,0.0,0.0,0.0,0.0,nan
1287,12.8755,77.4305,,,,,,,,,,,0.0,0.0,0,0.0,0.046052,20.7148,56.040899653979245,0,0.0,0.0,0.0,0.0,0.0,nan
1288,12.8755,77.4395,,,,,,,,,,,0.0,0.0,0,0.0,0.047878,19.8863,56.040899653979245,0,0.0,0.0,0.0,0.0,0.0,nan
1289,12.8755,77.4485,,,,,,,,,,,0.0,0.0,0,0.0,0.049822,19.0715,56.040899653979245,0,0.0,0.0,0.0,0.0,0.0,nan
1290,12.8755,77.4575,,,,,,,,,,,0.0,0.0,0,0.0,0.051888,18.2723,72.00999999999999,0,5.0,4.0,1.25,0.0,0.0,nan
1291,12.8755,77.4665,,,,,,,,,,,0.0,0.0,0,0.0,0.054081,17.4909,56.040899653979245,0,0.0,0.0,0.0,0.0,0.0,nan
1292,12.8755,77.4755,,,,,,,,,,,0.0,0.0,0,0.0,0.056403,16.7296,56.040899653979245,0,0.0,0.0,0.0,0.0,0.0,nan
1293,12.8755,77.4845,,,,,,,,,,,0.0,0.0,0,0.0,0.058853,15.9914,56.040899653979245,0,0.0,0.0,0.0,0.0,0.0,nan
1294,12.8755,77.4935,,,,,,,,,,,0.0,0.0,0,0.0,0.061426,15.2797,56.040899653979245,0,0.0,0.0,0.0,0.0,0.0,nan
1295,12.8755,77.5025,,,,,,,,,,,0.0,0.0,0,0.0,0.06411,14.5983,72.00999999999999,0,0.0,0.0,0.0,0.0,0.0,nan
1296,12.8755,77.5115,,,,,,,,,,,0.0,0.0,0,0.0,0.066882,13.9516,56.040899653979245,0,0.0,0.0,0.0,0.0,0.0,nan
1297,12.8755,77.5205,,,,,,,,,,,0.0,0.0,0,0.0,0.069712,13.3447,56.040899653979245,0,0.0,0.0,0.0,0.0,0.0,nan
1298,12.8755,77.5295,,,,,,,,,,,0.0,0.0,0,0.0,0.072552,12.7832,56.040899653979245,0,0.0,0.0,0.0,0.0,0.0,nan
1299,12.8755,77.5385,,,,,,,,,,,0.0,0.0,0,0.0,0.075338,12.2735,56.040899653979245,0,0.0,0.0,0.0,0.0,0.0,nan
1300,12.8755,77.5475,,,,,,,,,,,0.0,0.0,0,0.0,0.07799,11.8221,17.269999999999982,0,426.0,43.0,9.907,0.0,0.0,nan
1301,12.8755,77.5565,,,,,,,,,,,0.0,0.0,0,0.0,0.080411,11.4361,56.040899653979245,0,0.0,0.0,0.0,0.0,0.0,nan
1302,12.8755,77.5655,,,,,,,,,,,0.0,0.0,0,0.0,0.082493,11.1222,56.040899653979245,0,0.0,0.0,0.0,0.0,0.0,nan
1303,12.8755,77.5745,,,,,,,,,,,0.0,0.0,0,0.0,0.084128,10.8866,56.040899653979245,0,0.0,0.0,0.0,0.0,0.0,nan
1304,12.8755,77.5835,,,,,,,,,,,0.0,0.0,0,0.0,0.085219,10.7345,56.040899653979245,0,0.0,0.0,0.0,0.0,0.0,nan
1305,12.8755,77.5925,,,,,,,,,,,0.0,0.0,0,0.0,0.085693,10.6695,17.269999999999982,0,0.0,0.0,0.0,0.0,0.0,nan
1306,12.8755,77.6015,,,,,,,,,,,0.0,0.0,0,0.0,0.08552,10.6932,56.040899653979245,0,0.0,0.0,0.0,0.0,0.0,nan
1307,12.8755,77.6105,,,,,,,,,,,0.0,0.0,0,0.0,0.08471,10.805,56.040899653979245,0,0.0,0.0,0.0,0.0,0.0,nan
1308,12.8755,77.6195,,,,,,,,,,,0.0,0.0,0,0.0,0.083319,11.0021,56.040899653979245,0,0.0,0.0,0.0,0.0,0.0,nan
1309,12.8755,77.6285,,,,,,,,,,,0.0,0.0,0,0.0,0.081432,11.2802,56.040899653979245,0,0.0,0.0,0.0,0.0,0.0,nan
1310,12.8755,77.6375,,,,,,,,,,,0.0,0.0,0,0.0,0.079155,11.6334,8.20000000000016,0,349.0,74.0,4.7162,0.0,0.0,nan
1311,12.8755,77.6465,,,,,,,,,,,0.0,0.0,0,0.0,0.076598,12.0552,56.040899653979245,0,0.0,0.0,0.0,0.0,0.0,nan
1312,12.8755,77.6555,,,,,,,,,,,0.0,0.0,0,0.0,0.073863,12.5385,56.040899653979245,0,0.0,0.0,0.0,0.0,0.0,nan
1313,12.8755,77.6645,,,,,,,,,,,0.0,0.0,0,0.0,0.07104,13.0766,56.040899653979245,0,0.0,0.0,0.0,0.0,0.0,nan
1314,12.8755,77.6735,,,,,,,,,,,0.0,0.0,0,0.0,0.068198,13.6631,56.040899653979245,0,0.0,0.0,0.0,0.0,0.0,nan
1315,12.8755,77.6825,,,,,,,,,,,0.0,0.0,0,0.0,0.065394,14.2919,8.20000000000016,0,0.0,0.0,0.0,0.0,0.0,nan
1316,12.8755,77.6915,,,,,,,,,,,0.0,0.0,0,0.0,0.062666,14.9577,56.040899653979245,0,0.0,0.0,0.0,0.0,0.0,nan
1317,12.8755,77.7005,,,,,,,,,,,0.0,0.0,0,0.0,0.060039,15.6558,56.040899653979245,0,0.0,0.0,0.0,0.0,0.0,nan
1318,12.8755,77.7095,,,,,,,,,,,0.0,0.0,0,0.0,0.05753,16.3821,56.040899653979245,0,0.0,0.0,0.0,0.0,0.0,nan
1319,12.8755,77.7185,,,,,,,,,,,0.0,0.0,0,0.0,0.055148,17.1329,56.040899653979245,0,0.0,0.0,0.0,0.0,0.0,nan
1320,12.8755,77.7275,,,,,,,,,,,0.0,0.0,0,0.0,0.052895,17.9053,6.100000000000023,0,12.0,10.0,1.2,0.0,0.0,nan
1321,12.8755,77.7365,,,,,,,,,,,0.0,0.0,0,0.0,0.05077,18.6965,56.040899653979245,0,0.0,0.0,0.0,0.0,0.0,nan
1322,12.8755,77.7455,,,,,,,,,,,0.0,0.0,0,0.0,0.04877,19.5042,56.040899653979245,0,0.0,0.0,0.0,0.0,0.0,nan
1323,12.8755,77.7545,,,,,,,,,,,0.0,0.0,0,0.0,0.04689,20.3265,56.040899653979245,0,0.0,0.0,0.0,0.0,0.0,nan
1324,12.8755,77.7635,,,,,,,,,,,0.0,0.0,0,0.0,0.045123,21.1617,56.040899653979245,0,0.0,0.0,0.0,0.0,0.0,nan
1325,12.8755,77.7725,,,,,,,,,,,0.0,0.0,0,0.0,0.043463,22.0083,6.100000000000023,0,0.0,0.0,0.0,0.0,0.0,nan
1326,12.8755,77.7815,,,,,,,,,,,0.0,0.0,0,0.0,0.041902,22.865,56.040899653979245,0,0.0,0.0,0.0,0.0,0.0,nan
1327,12.8755,77.7905,,,,,,,,,,,0.0,0.0,0,0.0,0.040435,23.7308,56.040899653979245,0,0.0,0.0,0.0,0.0,0.0,nan
1328,12.8755,77.7995,,,,,,,,,,,0.0,0.0,0,0.0,0.039055,24.6046,56.040899653979245,0,0.0,0.0,0.0,0.0,0.0,nan
1329,12.8755,77.8085,,,,,,,,,,,0.0,0.0,0,0.0,0.037756,25.4857,56.040899653979245,0,0.0,0.0,0.0,0.0,0.0,nan
1330,12.8755,77.8175,,,,,,,,,,,0.0,0.0,0,0.0,0.036532,26.3733,49.21000000000003,0,2.0,2.0,1.0,0.0,0.0,nan
1331,12.8755,77.8265,,,,,,,,,,,0.0,0.0,0,0.0,0.035377,27.2668,56.040899653979245,0,0.0,0.0,0.0,0.0,0.0,nan
1332,12.8755,77.8355,,,,,,,,,,,0.0,0.0,0,0.0,0.034287,28.1657,56.040899653979245,0,0.0,0.0,0.0,0.0,0.0,nan
1333,12.8755,77.8445,,,,,,,,,,,0.0,0.0,0,0.0,0.033257,29.0693,56.040899653979245,0,0.0,0.0,0.0,0.0,0.0,nan
1334,12.8755,77.8535,,,,,,,,,,,0.0,0.0,0,0.0,0.032282,29.9774,56.040899653979245,0,0.0,0.0,0.0,0.0,0.0,nan
1335,12.8755,77.8625,,,,,,,,,,,0.0,0.0,0,0.0,0.031358,30.8895,89.91999999999985,0,0.0,0.0,0.0,0.0,0.0,nan
1336,12.8755,77.8715,,,,,,,,,,,0.0,0.0,0,0.0,0.030483,31.8053,56.040899653979245,0,0.0,0.0,0.0,0.0,0.0,nan
1337,12.8755,77.8805,,,,,,,,,,,0.0,0.0,0,0.0,0.029652,32.7244,56.040899653979245,0,0.0,0.0,0.0,0.0,0.0,nan
1338,12.8755,77.8895,,,,,,,,,,,0.0,0.0,0,0.0,0.028863,33.6465,56.040899653979245,0,0.0,0.0,0.0,0.0,0.0,nan
1339,12.8755,77.8985,,,,,,,,,,,0.0,0.0,0,0.0,0.028112,34.5716,56.040899653979245,0,0.0,0.0,0.0,0.0,0.0,nan
1340,12.8845,77.3045,,,,,,,,,,,0.0,0.0,0,0.0,0.029546,32.8455,69.2199999999998,0,122.0,64.0,1.9062,0.0,0.0,nan
1341,12.8845,77.3135,,,,,,,,,,,0.0,0.0,0,0.0,0.03038,31.9161,56.040899653979245,0,0.0,0.0,0.0,0.0,0.0,nan
1342,12.8845,77.3225,,,,,,,,,,,0.0,0.0,0,0.0,0.03126,30.9894,56.040899653979245,0,0.0,0.0,0.0,0.0,0.0,nan
1343,12.8845,77.3315,,,,,,,,,,,0.0,0.0,0,0.0,0.03219,30.0657,56.040899653979245,0,0.0,0.0,0.0,0.0,0.0,nan
1344,12.8845,77.3405,,,,,,,,,,,0.0,0.0,0,0.0,0.033173,29.1452,56.040899653979245,0,0.0,0.0,0.0,0.0,0.0,nan
1345,12.8845,77.3495,,,,,,,,,,,0.0,0.0,0,0.0,0.034213,28.2284,69.2199999999998,0,0.0,0.0,0.0,0.0,0.0,nan
1346,12.8845,77.3585,,,,,,,,,,,0.0,0.0,0,0.0,0.035316,27.3155,56.040899653979245,0,0.0,0.0,0.0,0.0,0.0,nan
1347,12.8845,77.3675,,,,,,,,,,,0.0,0.0,0,0.0,0.036487,26.4069,56.040899653979245,0,0.0,0.0,0.0,0.0,0.0,nan
1348,12.8845,77.3765,,,,,,,,,,,0.0,0.0,0,0.0,0.037731,25.5032,56.040899653979245,0,0.0,0.0,0.0,0.0,0.0,nan
1349,12.8845,77.3855,,,,,,,,,,,0.0,0.0,0,0.0,0.039055,24.6048,56.040899653979245,0,0.0,0.0,0.0,0.0,0.0,nan
1350,12.8845,77.3945,,,,,,,,,,,0.0,0.0,0,0.0,0.040466,23.7123,102.73000000000002,0,2.0,1.0,2.0,0.0,0.0,nan
1351,12.8845,77.4035,,,,,,,,,,,0.0,0.0,0,0.0,0.04197,22.8266,56.040899653979245,0,0.0,0.0,0.0,0.0,0.0,nan
1352,12.8845,77.4125,,,,,,,,,,,0.0,0.0,0,0.0,0.043576,21.9483,56.040899653979245,0,0.0,0.0,0.0,0.0,0.0,nan
1353,12.8845,77.4215,,,,,,,,,,,0.0,0.0,0,0.0,0.045293,21.0784,56.040899653979245,0,0.0,0.0,0.0,0.0,0.0,nan
1354,12.8845,77.4305,,,,,,,,,,,0.0,0.0,0,0.0,0.04713,20.2179,56.040899653979245,0,0.0,0.0,0.0,0.0,0.0,nan
1355,12.8845,77.4395,,,,,,,,,,,0.0,0.0,0,0.0,0.049096,19.3682,102.73000000000002,0,0.0,0.0,0.0,0.0,0.0,nan
1356,12.8845,77.4485,,,,,,,,,,,0.0,0.0,0,0.0,0.051201,18.5308,56.040899653979245,0,0.0,0.0,0.0,0.0,0.0,nan
1357,12.8845,77.4575,,,,,,,,,,,0.0,0.0,0,0.0,0.053455,17.7073,56.040899653979245,0,0.0,0.0,0.0,0.0,0.0,nan
1358,12.8845,77.4665,,,,,,,,,,,0.0,0.0,0,0.0,0.055867,16.8998,56.040899653979245,0,0.0,0.0,0.0,0.0,0.0,nan
1359,12.8845,77.4755,,,,,,,,,,,0.0,0.0,0,0.0,0.058443,16.1107,56.040899653979245,0,0.0,0.0,0.0,0.0,0.0,nan
1360,12.8845,77.4845,,,,,,,,,,,0.0,0.0,0,0.0,0.061189,15.3428,72.00999999999999,0,0.0,0.0,0.0,0.0,0.0,nan
1361,12.8845,77.4935,,,,,,,,,,,0.0,0.0,0,0.0,0.064105,14.5995,56.040899653979245,0,0.0,0.0,0.0,0.0,0.0,nan
1362,12.8845,77.5025,,,,,,,,,,,0.0,0.0,0,0.0,0.067183,13.8848,56.040899653979245,0,0.0,0.0,0.0,0.0,0.0,nan
1363,12.8845,77.5115,,,,,,,,,,,0.0,0.0,0,0.0,0.070407,13.2032,56.040899653979245,0,0.0,0.0,0.0,0.0,0.0,nan
1364,12.8845,77.5205,,,,,,,,,,,0.0,0.0,0,0.0,0.073745,12.5603,56.040899653979245,0,0.0,0.0,0.0,0.0,0.0,nan
1365,12.8845,77.5295,,,,,,,,,,,0.0,0.0,0,0.0,0.077148,11.9621,72.00999999999999,0,0.0,0.0,0.0,0.0,0.0,nan
1366,12.8845,77.5385,,,,,,,,,,,0.0,0.0,0,0.0,0.080543,11.4158,56.040899653979245,0,0.0,0.0,0.0,0.0,0.0,nan
1367,12.8845,77.5475,,,,,,,,,,,0.0,0.0,0,0.0,0.083829,10.9291,56.040899653979245,0,0.0,0.0,0.0,0.0,0.0,nan
1368,12.8845,77.5565,,,,,,,,,,,0.0,0.0,0,0.0,0.086878,10.5104,56.040899653979245,0,0.0,0.0,0.0,0.0,0.0,nan
1369,12.8845,77.5655,,,,,,,,,,,0.0,0.0,0,0.0,0.089542,10.1679,56.040899653979245,0,0.0,0.0,0.0,0.0,0.0,nan
1370,12.8845,77.5745,,,,,,,,,,,0.0,0.0,0,0.0,0.091662,9.9097,17.269999999999982,0,2872.0,53.0,54.1887,0.0,0.0,nan
1371,12.8845,77.5835,,,,,,,,,,,0.0,0.0,0,0.0,0.093089,9.7424,56.040899653979245,0,0.0,0.0,0.0,0.0,0.0,nan
1372,12.8845,77.5925,,,,,,,,,,,0.0,0.0,0,0.0,0.093714,9.6708,56.040899653979245,0,0.0,0.0,0.0,0.0,0.0,nan
1373,12.8845,77.6015,,,,,,,,,,,0.0,0.0,0,0.0,0.093485,9.6969,56.040899653979245,0,0.0,0.0,0.0,0.0,0.0,nan
1374,12.8845,77.6105,,,,,,,,,,,0.0,0.0,0,0.0,0.092421,9.82,56.040899653979245,0,0.0,0.0,0.0,0.0,0.0,nan
1375,12.8845,77.6195,,,,,,,,,,,0.0,0.0,0,0.0,0.090608,10.0365,7.980000000000132,0,0.0,0.0,0.0,0.0,0.0,nan
1376,12.8845,77.6285,,,,,,,,,,,0.0,0.0,0,0.0,0.088179,10.3406,56.040899653979245,0,0.0,0.0,0.0,0.0,0.0,nan
1377,12.8845,77.6375,,,,,,,,,,,0.0,0.0,0,0.0,0.085289,10.7248,56.040899653979245,0,0.0,0.0,0.0,0.0,0.0,nan
1378,12.8845,77.6465,,,,,,,,,,,0.0,0.0,0,0.0,0.082096,11.1808,56.040899653979245,0,0.0,0.0,0.0,0.0,0.0,nan
1379,12.8845,77.6555,,,,,,,,,,,0.0,0.0,0,0.0,0.078738,11.7003,56.040899653979245,0,0.0,0.0,0.0,0.0,0.0,nan
1380,12.8845,77.6645,,,,,,,,,,,0.0,0.0,0,0.0,0.075328,12.2752,8.20000000000016,0,1592.0,70.0,22.7429,0.0,0.0,nan
1381,12.8845,77.6735,,,,,,,,,,,0.0,0.0,0,0.0,0.071953,12.898,56.040899653979245,0,0.0,0.0,0.0,0.0,0.0,nan
1382,12.8845,77.6825,,,,,,,,,,,0.0,0.0,0,0.0,0.06867,13.5623,56.040899653979245,0,0.0,0.0,0.0,0.0,0.0,nan
1383,12.8845,77.6915,,,,,,,,,,,0.0,0.0,0,0.0,0.065521,14.2622,56.040899653979245,0,0.0,0.0,0.0,0.0,0.0,nan
1384,12.8845,77.7005,,,,,,,,,,,0.0,0.0,0,0.0,0.062529,14.9926,56.040899653979245,0,0.0,0.0,0.0,0.0,0.0,nan
1385,12.8845,77.7095,,,,,,,,,,,0.0,0.0,0,0.0,0.059703,15.7495,6.100000000000023,0,0.0,0.0,0.0,0.0,0.0,nan
1386,12.8845,77.7185,,,,,,,,,,,0.0,0.0,0,0.0,0.057048,16.5291,56.040899653979245,0,0.0,0.0,0.0,0.0,0.0,nan
1387,12.8845,77.7275,,,,,,,,,,,0.0,0.0,0,0.0,0.05456,17.3283,56.040899653979245,0,0.0,0.0,0.0,0.0,0.0,nan
1388,12.8845,77.7365,,,,,,,,,,,0.0,0.0,0,0.0,0.052234,18.1446,56.040899653979245,0,0.0,0.0,0.0,0.0,0.0,nan
1389,12.8845,77.7455,,,,,,,,,,,0.0,0.0,0,0.0,0.050061,18.9758,56.040899653979245,0,0.0,0.0,0.0,0.0,0.0,nan
1390,12.8845,77.7545,,,,,,,,,,,0.0,0.0,0,0.0,0.048031,19.82,56.040899653979245,0,6.0,6.0,1.0,0.0,0.0,nan
1391,12.8845,77.7635,,,,,,,,,,,0.0,0.0,0,0.0,0.046135,20.6756,56.040899653979245,0,0.0,0.0,0.0,0.0,0.0,nan
1392,12.8845,77.7725,,,,,,,,,,,0.0,0.0,0,0.0,0.044363,21.5412,56.040899653979245,0,0.0,0.0,0.0,0.0,0.0,nan
1393,12.8845,77.7815,,,,,,,,,,,0.0,0.0,0,0.0,0.042706,22.4157,56.040899653979245,0,0.0,0.0,0.0,0.0,0.0,nan
1394,12.8845,77.7905,,,,,,,,,,,0.0,0.0,0,0.0,0.041155,23.2981,56.040899653979245,0,0.0,0.0,0.0,0.0,0.0,nan
1395,12.8845,77.7995,,,,,,,,,,,0.0,0.0,0,0.0,0.039702,24.1875,56.040899653979245,0,0.0,0.0,0.0,0.0,0.0,nan
1396,12.8845,77.8085,,,,,,,,,,,0.0,0.0,0,0.0,0.038339,25.0832,56.040899653979245,0,0.0,0.0,0.0,0.0,0.0,nan
1397,12.8845,77.8175,,,,,,,,,,,0.0,0.0,0,0.0,0.037058,25.9845,56.040899653979245,0,0.0,0.0,0.0,0.0,0.0,nan
1398,12.8845,77.8265,,,,,,,,,,,0.0,0.0,0,0.0,0.035854,26.8909,56.040899653979245,0,0.0,0.0,0.0,0.0,0.0,nan
1399,12.8845,77.8355,,,,,,,,,,,0.0,0.0,0,0.0,0.03472,27.8018,56.040899653979245,0,0.0,0.0,0.0,0.0,0.0,nan
1400,12.8845,77.8445,,,,,,,,,,,0.0,0.0,0,0.0,0.033651,28.7169,56.040899653979245,0,0.0,0.0,0.0,0.0,0.0,nan
1401,12.8845,77.8535,,,,,,,,,,,0.0,0.0,0,0.0,0.032642,29.6357,56.040899653979245,0,0.0,0.0,0.0,0.0,0.0,nan
1402,12.8845,77.8625,,,,,,,,,,,0.0,0.0,0,0.0,0.031688,30.5579,56.040899653979245,0,0.0,0.0,0.0,0.0,0.0,nan
1403,12.8845,77.8715,,,,,,,,,,,0.0,0.0,0,0.0,0.030785,31.4832,56.040899653979245,0,0.0,0.0,0.0,0.0,0.0,nan
1404,12.8845,77.8805,,,,,,,,,,,0.0,0.0,0,0.0,0.02993,32.4114,56.040899653979245,0,0.0,0.0,0.0,0.0,0.0,nan
1405,12.8845,77.8895,,,,,,,,,,,0.0,0.0,0,0.0,0.029119,33.3422,56.040899653979245,0,0.0,0.0,0.0,0.0,0.0,nan
1406,12.8845,77.8985,,,,,,,,,,,0.0,0.0,0,0.0,0.028348,34.2754,56.040899653979245,0,0.0,0.0,0.0,0.0,0.0,nan
1407,12.8935,77.3045,,,,,,,,,,,0.0,0.0,0,0.0,0.029794,32.5643,56.040899653979245,0,0.0,0.0,0.0,0.0,0.0,nan
1408,12.8935,77.3135,,,,,,,,,,,0.0,0.0,0,0.0,0.03065,31.6267,56.040899653979245,0,0.0,0.0,0.0,0.0,0.0,nan
1409,12.8935,77.3225,,,,,,,,,,,0.0,0.0,0,0.0,0.031554,30.6914,56.040899653979245,0,0.0,0.0,0.0,0.0,0.0,nan
1410,12.8935,77.3315,,,,,,,,,,,0.0,0.0,0,0.0,0.032511,29.7585,56.040899653979245,0,97.0,68.0,1.4265,0.0,0.0,nan
1411,12.8935,77.3405,,,,,,,,,,,0.0,0.0,0,0.0,0.033525,28.8283,56.040899653979245,0,0.0,0.0,0.0,0.0,0.0,nan
1412,12.8935,77.3495,,,,,,,,,,,0.0,0.0,0,0.0,0.034601,27.9011,56.040899653979245,0,0.0,0.0,0.0,0.0,0.0,nan
1413,12.8935,77.3585,,,,,,,,,,,0.0,0.0,0,0.0,0.035743,26.9772,56.040899653979245,0,0.0,0.0,0.0,0.0,0.0,nan
1414,12.8935,77.3675,,,,,,,,,,,0.0,0.0,0,0.0,0.036959,26.0569,56.040899653979245,0,0.0,0.0,0.0,0.0,0.0,nan
1415,12.8935,77.3765,,,,,,,,,,,0.0,0.0,0,0.0,0.038255,25.1406,56.040899653979245,0,0.0,0.0,0.0,0.0,0.0,nan
1416,12.8935,77.3855,,,,,,,,,,,0.0,0.0,0,0.0,0.039637,24.2289,56.040899653979245,0,0.0,0.0,0.0,0.0,0.0,nan
1417,12.8935,77.3945,,,,,,,,,,,0.0,0.0,0,0.0,0.041115,23.3221,56.040899653979245,0,0.0,0.0,0.0,0.0,0.0,nan
1418,12.8935,77.4035,,,,,,,,,,,0.0,0.0,0,0.0,0.042697,22.421,56.040899653979245,0,0.0,0.0,0.0,0.0,0.0,nan
1419,12.8935,77.4125,,,,,,,,,,,0.0,0.0,0,0.0,0.044393,21.5263,56.040899653979245,0,0.0,0.0,0.0,0.0,0.0,nan
1420,12.8935,77.4215,,,,,,,,,,,0.0,0.0,0,0.0,0.046214,20.6386,56.040899653979245,0,12.0,12.0,1.0,0.0,0.0,nan
1421,12.8935,77.4305,,,,,,,,,,,0.0,0.0,0,0.0,0.048172,19.7591,56.040899653979245,0,0.0,0.0,0.0,0.0,0.0,nan
1422,12.8935,77.4395,,,,,,,,,,,0.0,0.0,0,0.0,0.050279,18.8889,56.040899653979245,0,0.0,0.0,0.0,0.0,0.0,nan
1423,12.8935,77.4485,,,,,,,,,,,0.0,0.0,0,0.0,0.052551,18.0292,56.040899653979245,0,0.0,0.0,0.0,0.0,0.0,nan
1424,12.8935,77.4575,,,,,,,,,,,0.0,0.0,0,0.0,0.055,17.1818,56.040899653979245,0,0.0,0.0,0.0,0.0,0.0,nan
1425,12.8935,77.4665,,,,,,,,,,,0.0,0.0,0,0.0,0.057642,16.3484,56.040899653979245,0,0.0,0.0,0.0,0.0,0.0,nan
1426,12.8935,77.4755,,,,,,,,,,,0.0,0.0,0,0.0,0.060491,15.5313,56.040899653979245,0,0.0,0.0,0.0,0.0,0.0,nan
1427,12.8935,77.4845,,,,,,,,,,,0.0,0.0,0,0.0,0.063559,14.7334,56.040899653979245,0,0.0,0.0,0.0,0.0,0.0,nan
1428,12.8935,77.4935,,,,,,,,,,,0.0,0.0,0,0.0,0.066855,13.9577,56.040899653979245,0,0.0,0.0,0.0,0.0,0.0,nan
1429,12.8935,77.5025,,,,,,,,,,,0.0,0.0,0,0.0,0.070381,13.2084,56.040899653979245,0,0.0,0.0,0.0,0.0,0.0,nan
1430,12.8935,77.5115,,,,,,,,,,,0.0,0.0,0,0.0,0.074129,12.49,56.040899653979245,0,113.0,50.0,2.26,0.0,0.0,nan
1431,12.8935,77.5205,,,,,,,,,,,0.0,0.0,0,0.0,0.078074,11.8083,56.040899653979245,0,0.0,0.0,0.0,0.0,0.0,nan
1432,12.8935,77.5295,,,,,,,,,,,0.0,0.0,0,0.0,0.082169,11.17,56.040899653979245,0,0.0,0.0,0.0,0.0,0.0,nan
1433,12.8935,77.5385,,,,,,,,,,,0.0,0.0,0,0.0,0.086333,10.583,56.040899653979245,0,0.0,0.0,0.0,0.0,0.0,nan
1434,12.8935,77.5475,,,,,,,,,,,0.0,0.0,0,0.0,0.090448,10.0561,56.040899653979245,0,0.0,0.0,0.0,0.0,0.0,nan
1435,12.8935,77.5565,,,,,,,,,,,0.0,0.0,0,0.0,0.094345,9.5994,56.040899653979245,0,0.0,0.0,0.0,0.0,0.0,nan
1436,12.8935,77.5655,,,,,,,,,,,0.0,0.0,0,0.0,0.097817,9.2232,56.040899653979245,0,0.0,0.0,0.0,0.0,0.0,nan
1437,12.8935,77.5745,,,,,,,,,,,0.0,0.0,0,0.0,0.100627,8.9377,56.040899653979245,0,0.0,0.0,0.0,0.0,0.0,nan
1438,12.8935,77.5835,,,,,,,,,,,0.0,0.0,0,0.0,0.102544,8.7519,56.040899653979245,0,0.0,0.0,0.0,0.0,0.0,nan
1439,12.8935,77.5925,,,,,,,,,,,0.0,0.0,0,0.0,0.10339,8.6721,56.040899653979245,0,0.0,0.0,0.0,0.0,0.0,nan
1440,12.8935,77.6015,,,,,,,,,,,0.0,0.0,0,0.0,0.10308,8.7012,56.040899653979245,0,3455.0,57.0,60.614,0.0,0.0,nan
1441,12.8935,77.6105,,,,,,,,,,,0.0,0.0,0,0.0,0.101645,8.8382,56.040899653979245,0,0.0,0.0,0.0,0.0,0.0,nan
1442,12.8935,77.6195,,,,,,,,,,,0.0,0.0,0,0.0,0.099225,9.0781,56.040899653979245,0,0.0,0.0,0.0,0.0,0.0,nan
1443,12.8935,77.6285,,,,,,,,,,,0.0,0.0,0,0.0,0.096032,9.4132,56.040899653979245,0,0.0,0.0,0.0,0.0,0.0,nan
1444,12.8935,77.6375,,,,,,,,,,,0.0,0.0,0,0.0,0.092305,9.8336,56.040899653979245,0,0.0,0.0,0.0,0.0,0.0,nan
1445,12.8935,77.6465,,,,,,,,,,,0.0,0.0,0,0.0,0.088269,10.329,56.040899653979245,0,0.0,0.0,0.0,0.0,0.0,nan
1446,12.8935,77.6555,,,,,,,,,,,0.0,0.0,0,0.0,0.08411,10.8892,56.040899653979245,0,0.0,0.0,0.0,0.0,0.0,nan
1447,12.8935,77.6645,,,,,,,,,,,0.0,0.0,0,0.0,0.079971,11.5046,56.040899653979245,0,0.0,0.0,0.0,0.0,0.0,nan
1448,12.8935,77.6735,,,,,,,,,,,0.0,0.0,0,0.0,0.075947,12.167,56.040899653979245,0,0.0,0.0,0.0,0.0,0.0,nan
1449,12.8935,77.6825,,,,,,,,,,,0.0,0.0,0,0.0,0.072103,12.869,56.040899653979245,0,0.0,0.0,0.0,0.0,0.0,nan
1450,12.8935,77.6915,,,,,,,,,,,0.0,0.0,0,0.0,0.068472,13.6045,56.040899653979245,0,32.0,26.0,1.2308,0.0,0.0,nan
1451,12.8935,77.7005,,,,,,,,,,,0.0,0.0,0,0.0,0.065069,14.3684,56.040899653979245,0,0.0,0.0,0.0,0.0,0.0,nan
1452,12.8935,77.7095,,,,,,,,,,,0.0,0.0,0,0.0,0.061895,15.1564,56.040899653979245,0,0.0,0.0,0.0,0.0,0.0,nan
1453,12.8935,77.7185,,,,,,,,,,,0.0,0.0,0,0.0,0.058945,15.9649,56.040899653979245,0,0.0,0.0,0.0,0.0,0.0,nan
1454,12.8935,77.7275,,,,,,,,,,,0.0,0.0,0,0.0,0.056208,16.791,56.040899653979245,0,0.0,0.0,0.0,0.0,0.0,nan
1455,12.8935,77.7365,,,,,,,,,,,0.0,0.0,0,0.0,0.053671,17.6321,6.100000000000023,0,0.0,0.0,0.0,0.0,0.0,nan
1456,12.8935,77.7455,,,,,,,,,,,0.0,0.0,0,0.0,0.051318,18.4863,56.040899653979245,0,0.0,0.0,0.0,0.0,0.0,nan
1457,12.8935,77.7545,,,,,,,,,,,0.0,0.0,0,0.0,0.049136,19.3518,56.040899653979245,0,0.0,0.0,0.0,0.0,0.0,nan
1458,12.8935,77.7635,,,,,,,,,,,0.0,0.0,0,0.0,0.04711,20.2271,56.040899653979245,0,0.0,0.0,0.0,0.0,0.0,nan
1459,12.8935,77.7725,,,,,,,,,,,0.0,0.0,0,0.0,0.045226,21.1111,56.040899653979245,0,0.0,0.0,0.0,0.0,0.0,nan
1460,12.8935,77.7815,,,,,,,,,,,0.0,0.0,0,0.0,0.043473,22.0026,49.21000000000003,0,0.0,0.0,0.0,0.0,0.0,nan
1461,12.8935,77.7905,,,,,,,,,,,0.0,0.0,0,0.0,0.041839,22.9009,56.040899653979245,0,0.0,0.0,0.0,0.0,0.0,nan
1462,12.8935,77.7995,,,,,,,,,,,0.0,0.0,0,0.0,0.040314,23.8051,56.040899653979245,0,0.0,0.0,0.0,0.0,0.0,nan
1463,12.8935,77.8085,,,,,,,,,,,0.0,0.0,0,0.0,0.038888,24.7146,56.040899653979245,0,0.0,0.0,0.0,0.0,0.0,nan
1464,12.8935,77.8175,,,,,,,,,,,0.0,0.0,0,0.0,0.037553,25.6288,56.040899653979245,0,0.0,0.0,0.0,0.0,0.0,nan
1465,12.8935,77.8265,,,,,,,,,,,0.0,0.0,0,0.0,0.036301,26.5472,49.21000000000003,0,0.0,0.0,0.0,0.0,0.0,nan
1466,12.8935,77.8355,,,,,,,,,,,0.0,0.0,0,0.0,0.035125,27.4695,56.040899653979245,0,0.0,0.0,0.0,0.0,0.0,nan
1467,12.8935,77.8445,,,,,,,,,,,0.0,0.0,0,0.0,0.034019,28.3952,56.040899653979245,0,0.0,0.0,0.0,0.0,0.0,nan
1468,12.8935,77.8535,,,,,,,,,,,0.0,0.0,0,0.0,0.032977,29.324,56.040899653979245,0,0.0,0.0,0.0,0.0,0.0,nan
1469,12.8935,77.8625,,,,,,,,,,,0.0,0.0,0,0.0,0.031994,30.2557,56.040899653979245,0,0.0,0.0,0.0,0.0,0.0,nan
1470,12.8935,77.8715,,,,,,,,,,,0.0,0.0,0,0.0,0.031066,31.1899,89.91999999999985,0,1.0,1.0,1.0,0.0,0.0,nan
1471,12.8935,77.8805,,,,,,,,,,,0.0,0.0,0,0.0,0.030187,32.1265,56.040899653979245,0,0.0,0.0,0.0,0.0,0.0,nan
1472,12.8935,77.8895,,,,,,,,,,,0.0,0.0,0,0.0,0.029355,33.0652,56.040899653979245,0,0.0,0.0,0.0,0.0,0.0,nan
1473,12.8935,77.8985,,,,,,,,,,,0.0,0.0,0,0.0,0.028567,34.0059,56.040899653979245,0,0.0,0.0,0.0,0.0,0.0,nan
1474,12.9025,77.3045,,,,,,,,,,,0.0,0.0,0,0.0,0.03002,32.3116,56.040899653979245,0,0.0,0.0,0.0,0.0,0.0,nan
1475,12.9025,77.3135,,,,,,,,,,,0.0,0.0,0,0.0,0.030896,31.3665,69.2199999999998,0,0.0,0.0,0.0,0.0,0.0,nan
1476,12.9025,77.3225,,,,,,,,,,,0.0,0.0,0,0.0,0.031824,30.4233,56.040899653979245,0,0.0,0.0,0.0,0.0,0.0,nan
1477,12.9025,77.3315,,,,,,,,,,,0.0,0.0,0,0.0,0.032806,29.482,56.040899653979245,0,0.0,0.0,0.0,0.0,0.0,nan
1478,12.9025,77.3405,,,,,,,,,,,0.0,0.0,0,0.0,0.033849,28.5428,56.040899653979245,0,0.0,0.0,0.0,0.0,0.0,nan
1479,12.9025,77.3495,,,,,,,,,,,0.0,0.0,0,0.0,0.034958,27.6061,56.040899653979245,0,0.0,0.0,0.0,0.0,0.0,nan
1480,12.9025,77.3585,,,,,,,,,,,0.0,0.0,0,0.0,0.036137,26.6721,69.2199999999998,0,48.0,45.0,1.0667,0.0,0.0,nan
1481,12.9025,77.3675,,,,,,,,,,,0.0,0.0,0,0.0,0.037396,25.7409,56.040899653979245,0,0.0,0.0,0.0,0.0,0.0,nan
1482,12.9025,77.3765,,,,,,,,,,,0.0,0.0,0,0.0,0.03874,24.8131,56.040899653979245,0,0.0,0.0,0.0,0.0,0.0,nan
1483,12.9025,77.3855,,,,,,,,,,,0.0,0.0,0,0.0,0.040179,23.8889,56.040899653979245,0,0.0,0.0,0.0,0.0,0.0,nan
1484,12.9025,77.3945,,,,,,,,,,,0.0,0.0,0,0.0,0.041721,22.9688,56.040899653979245,0,0.0,0.0,0.0,0.0,0.0,nan
1485,12.9025,77.4035,,,,,,,,,,,0.0,0.0,0,0.0,0.043378,22.0533,102.73000000000002,0,0.0,0.0,0.0,0.0,0.0,nan
1486,12.9025,77.4125,,,,,,,,,,,0.0,0.0,0,0.0,0.045161,21.1431,56.040899653979245,0,0.0,0.0,0.0,0.0,0.0,nan
1487,12.9025,77.4215,,,,,,,,,,,0.0,0.0,0,0.0,0.047084,20.2387,56.040899653979245,0,0.0,0.0,0.0,0.0,0.0,nan
1488,12.9025,77.4305,,,,,,,,,,,0.0,0.0,0,0.0,0.049162,19.3411,56.040899653979245,0,0.0,0.0,0.0,0.0,0.0,nan
1489,12.9025,77.4395,,,,,,,,,,,0.0,0.0,0,0.0,0.051411,18.4512,56.040899653979245,0,0.0,0.0,0.0,0.0,0.0,nan
1490,12.9025,77.4485,,,,,,,,,,,0.0,0.0,0,0.0,0.05385,17.5702,102.73000000000002,0,25.0,19.0,1.3158,0.0,0.0,nan
1491,12.9025,77.4575,,,,,,,,,,,0.0,0.0,0,0.0,0.056499,16.6995,56.040899653979245,0,0.0,0.0,0.0,0.0,0.0,nan
1492,12.9025,77.4665,,,,,,,,,,,0.0,0.0,0,0.0,0.05938,15.8408,56.040899653979245,0,0.0,0.0,0.0,0.0,0.0,nan
1493,12.9025,77.4755,,,,,,,,,,,0.0,0.0,0,0.0,0.062515,14.9962,56.040899653979245,0,0.0,0.0,0.0,0.0,0.0,nan
1494,12.9025,77.4845,,,,,,,,,,,0.0,0.0,0,0.0,0.065927,14.1682,56.040899653979245,0,0.0,0.0,0.0,0.0,0.0,nan
1495,12.9025,77.4935,,,,,,,,,,,0.0,0.0,0,0.0,0.069638,13.3599,72.00999999999999,0,0.0,0.0,0.0,0.0,0.0,nan
1496,12.9025,77.5025,,,,,,,,,,,0.0,0.0,0,0.0,0.073665,12.575,56.040899653979245,0,0.0,0.0,0.0,0.0,0.0,nan
1497,12.9025,77.5115,,,,,,,,,,,0.0,0.0,0,0.0,0.078013,11.8183,56.040899653979245,0,0.0,0.0,0.0,0.0,0.0,nan
1498,12.9025,77.5205,,,,,,,,,,,0.0,0.0,0,0.0,0.082675,11.0955,56.040899653979245,0,0.0,0.0,0.0,0.0,0.0,nan
1499,12.9025,77.5295,,,,,,,,,,,0.0,0.0,0,0.0,0.087615,10.4136,56.040899653979245,0,0.0,0.0,0.0,0.0,0.0,nan
1500,12.9025,77.5385,,,,,,,,,,,0.0,0.0,0,0.0,0.092753,9.7813,17.269999999999982,0,11180.0,59.0,189.4915,0.0,0.0,nan
1501,12.9025,77.5475,,,,,,,,,,,0.0,0.0,0,0.0,0.097956,9.2087,56.040899653979245,0,0.0,0.0,0.0,0.0,0.0,nan
1502,12.9025,77.5565,,,,,,,,,,,0.0,0.0,0,0.0,0.103011,8.7077,56.040899653979245,0,0.0,0.0,0.0,0.0,0.0,nan
1503,12.9025,77.5655,,,,,,,,,,,0.0,0.0,0,0.0,0.107629,8.2912,56.040899653979245,0,0.0,0.0,0.0,0.0,0.0,nan
1504,12.9025,77.5745,,,,,,,,,,,0.0,0.0,0,0.0,0.111452,7.9725,56.040899653979245,0,0.0,0.0,0.0,0.0,0.0,nan
1505,12.9025,77.5835,,,,,,,,,,,0.0,0.0,0,0.0,0.114108,7.7636,17.269999999999982,0,0.0,0.0,0.0,0.0,0.0,nan
1506,12.9025,77.5925,,,,,,,,,,,0.0,0.0,0,0.0,0.115294,7.6735,56.040899653979245,0,0.0,0.0,0.0,0.0,0.0,nan
1507,12.9025,77.6015,,,,,,,,,,,0.0,0.0,0,0.0,0.114859,7.7063,56.040899653979245,0,0.0,0.0,0.0,0.0,0.0,nan
1508,12.9025,77.6105,,,,,,,,,,,0.0,0.0,0,0.0,0.112858,7.8607,56.040899653979245,0,0.0,0.0,0.0,0.0,0.0,nan
1509,12.9025,77.6195,,,,,,,,,,,0.0,0.0,0,0.0,0.109535,8.1295,56.040899653979245,0,0.0,0.0,0.0,0.0,0.0,nan
1510,12.9025,77.6285,,,,,,,,,,,0.0,0.0,0,0.0,0.105241,8.502,8.20000000000016,0,109.0,34.0,3.2059,0.0,0.0,nan
1511,12.9025,77.6375,,,,,,,,,,,0.0,0.0,0,0.0,0.100349,8.9652,56.040899653979245,0,0.0,0.0,0.0,0.0,0.0,nan
1512,12.9025,77.6465,,,,,,,,,,,0.0,0.0,0,0.0,0.095184,9.506,56.040899653979245,0,0.0,0.0,0.0,0.0,0.0,nan
1513,12.9025,77.6555,,,,,,,,,,,0.0,0.0,0,0.0,0.089994,10.1118,56.040899653979245,0,0.0,0.0,0.0,0.0,0.0,nan
1514,12.9025,77.6645,,,,,,,,,,,0.0,0.0,0,0.0,0.084949,10.7717,56.040899653979245,0,0.0,0.0,0.0,0.0,0.0,nan
1515,12.9025,77.6735,,,,,,,,,,,0.0,0.0,0,0.0,0.080151,11.4764,8.20000000000016,0,0.0,0.0,0.0,0.0,0.0,nan
1516,12.9025,77.6825,,,,,,,,,,,0.0,0.0,0,0.0,0.075654,12.2181,56.040899653979245,0,0.0,0.0,0.0,0.0,0.0,nan
1517,12.9025,77.6915,,,,,,,,,,,0.0,0.0,0,0.0,0.071478,12.9904,56.040899653979245,0,0.0,0.0,0.0,0.0,0.0,nan
1518,12.9025,77.7005,,,,,,,,,,,0.0,0.0,0,0.0,0.067621,13.7884,56.040899653979245,0,0.0,0.0,0.0,0.0,0.0,nan
1519,12.9025,77.7095,,,,,,,,,,,0.0,0.0,0,0.0,0.064071,14.6076,56.040899653979245,0,0.0,0.0,0.0,0.0,0.0,nan
1520,12.9025,77.7185,,,,,,,,,,,0.0,0.0,0,0.0,0.060809,15.4448,6.100000000000023,0,32.0,26.0,1.2308,0.0,0.0,nan
1521,12.9025,77.7275,,,,,,,,,,,0.0,0.0,0,0.0,0.057813,16.2972,56.040899653979245,0,0.0,0.0,0.0,0.0,0.0,nan
1522,12.9025,77.7365,,,,,,,,,,,0.0,0.0,0,0.0,0.055058,17.1625,56.040899653979245,0,0.0,0.0,0.0,0.0,0.0,nan
1523,12.9025,77.7455,,,,,,,,,,,0.0,0.0,0,0.0,0.052524,18.0389,56.040899653979245,0,0.0,0.0,0.0,0.0,0.0,nan
1524,12.9025,77.7545,,,,,,,,,,,0.0,0.0,0,0.0,0.050189,18.9248,56.040899653979245,0,0.0,0.0,0.0,0.0,0.0,nan
1525,12.9025,77.7635,,,,,,,,,,,0.0,0.0,0,0.0,0.048033,19.8189,6.100000000000023,0,0.0,0.0,0.0,0.0,0.0,nan
1526,12.9025,77.7725,,,,,,,,,,,0.0,0.0,0,0.0,0.04604,20.7202,56.040899653979245,0,0.0,0.0,0.0,0.0,0.0,nan
1527,12.9025,77.7815,,,,,,,,,,,0.0,0.0,0,0.0,0.044193,21.6278,56.040899653979245,0,0.0,0.0,0.0,0.0,0.0,nan
1528,12.9025,77.7905,,,,,,,,,,,0.0,0.0,0,0.0,0.042479,22.541,56.040899653979245,0,0.0,0.0,0.0,0.0,0.0,nan
1529,12.9025,77.7995,,,,,,,,,,,0.0,0.0,0,0.0,0.040885,23.459,56.040899653979245,0,0.0,0.0,0.0,0.0,0.0,nan
1530,12.9025,77.8085,,,,,,,,,,,0.0,0.0,0,0.0,0.039399,24.3813,49.21000000000003,0,1.0,1.0,1.0,0.0,0.0,nan
1531,12.9025,77.8175,,,,,,,,,,,0.0,0.0,0,0.0,0.038012,25.3075,56.040899653979245,0,0.0,0.0,0.0,0.0,0.0,nan
1532,12.9025,77.8265,,,,,,,,,,,0.0,0.0,0,0.0,0.036715,26.2371,56.040899653979245,0,0.0,0.0,0.0,0.0,0.0,nan
1533,12.9025,77.8355,,,,,,,,,,,0.0,0.0,0,0.0,0.035499,27.1699,56.040899653979245,0,0.0,0.0,0.0,0.0,0.0,nan
1534,12.9025,77.8445,,,,,,,,,,,0.0,0.0,0,0.0,0.034358,28.1054,56.040899653979245,0,0.0,0.0,0.0,0.0,0.0,nan
1535,12.9025,77.8535,,,,,,,,,,,0.0,0.0,0,0.0,0.033285,29.0434,49.21000000000003,0,0.0,0.0,0.0,0.0,0.0,nan
1536,12.9025,77.8625,,,,,,,,,,,0.0,0.0,0,0.0,0.032275,29.9837,56.040899653979245,0,0.0,0.0,0.0,0.0,0.0,nan
1537,12.9025,77.8715,,,,,,,,,,,0.0,0.0,0,0.0,0.031322,30.9261,56.040899653979245,0,0.0,0.0,0.0,0.0,0.0,nan
1538,12.9025,77.8805,,,,,,,,,,,0.0,0.0,0,0.0,0.030423,31.8704,56.040899653979245,0,0.0,0.0,0.0,0.0,0.0,nan
1539,12.9025,77.8895,,,,,,,,,,,0.0,0.0,0,0.0,0.029571,32.8164,56.040899653979245,0,0.0,0.0,0.0,0.0,0.0,nan
1540,12.9025,77.8985,,,,,,,,,,,0.0,0.0,0,0.0,0.028765,33.7639,94.25,0,0.0,0.0,0.0,0.0,0.0,nan
1541,12.9115,77.3045,,,,,,,,,,,0.0,0.0,0,0.0,0.030222,32.0881,56.040899653979245,0,0.0,0.0,0.0,0.0,0.0,nan
1542,12.9115,77.3135,,,,,,,,,,,0.0,0.0,0,0.0,0.031117,31.1363,56.040899653979245,0,0.0,0.0,0.0,0.0,0.0,nan
1543,12.9115,77.3225,,,,,,,,,,,0.0,0.0,0,0.0,0.032066,30.1858,56.040899653979245,0,0.0,0.0,0.0,0.0,0.0,nan
1544,12.9115,77.3315,,,,,,,,,,,0.0,0.0,0,0.0,0.033072,29.237,56.040899653979245,0,0.0,0.0,0.0,0.0,0.0,nan
1545,12.9115,77.3405,,,,,,,,,,,0.0,0.0,0,0.0,0.034142,28.2898,69.2199999999998,0,0.0,0.0,0.0,0.0,0.0,nan
1546,12.9115,77.3495,,,,,,,,,,,0.0,0.0,0,0.0,0.03528,27.3445,56.040899653979245,0,0.0,0.0,0.0,0.0,0.0,nan
1547,12.9115,77.3585,,,,,,,,,,,0.0,0.0,0,0.0,0.036495,26.4012,56.040899653979245,0,0.0,0.0,0.0,0.0,0.0,nan
1548,12.9115,77.3675,,,,,,,,,,,0.0,0.0,0,0.0,0.037792,25.4603,56.040899653979245,0,0.0,0.0,0.0,0.0,0.0,nan
1549,12.9115,77.3765,,,,,,,,,,,0.0,0.0,0,0.0,0.039182,24.5219,56.040899653979245,0,0.0,0.0,0.0,0.0,0.0,nan
1550,12.9115,77.3855,,,,,,,,,,,0.0,0.0,0,0.0,0.040673,23.5863,102.73000000000002,0,130.0,44.0,2.9545,0.0,0.0,nan
1551,12.9115,77.3945,,,,,,,,,,,0.0,0.0,0,0.0,0.042276,22.654,56.040899653979245,0,0.0,0.0,0.0,0.0,0.0,nan
1552,12.9115,77.4035,,,,,,,,,,,0.0,0.0,0,0.0,0.044004,21.7254,56.040899653979245,0,0.0,0.0,0.0,0.0,0.0,nan
1553,12.9115,77.4125,,,,,,,,,,,0.0,0.0,0,0.0,0.04587,20.8008,56.040899653979245,0,0.0,0.0,0.0,0.0,0.0,nan
1554,12.9115,77.4215,,,,,,,,,,,0.0,0.0,0,0.0,0.04789,19.881,56.040899653979245,0,0.0,0.0,0.0,0.0,0.0,nan
1555,12.9115,77.4305,,,,,,,,,,,0.0,0.0,0,0.0,0.050084,18.9665,102.73000000000002,0,0.0,0.0,0.0,0.0,0.0,nan
1556,12.9115,77.4395,,,,,,,,,,,0.0,0.0,0,0.0,0.052471,18.0582,56.040899653979245,0,0.0,0.0,0.0,0.0,0.0,nan
1557,12.9115,77.4485,,,,,,,,,,,0.0,0.0,0,0.0,0.055075,17.1571,56.040899653979245,0,0.0,0.0,0.0,0.0,0.0,nan
1558,12.9115,77.4575,,,,,,,,,,,0.0,0.0,0,0.0,0.057923,16.2644,56.040899653979245,0,0.0,0.0,0.0,0.0,0.0,nan
1559,12.9115,77.4665,,,,,,,,,,,0.0,0.0,0,0.0,0.061044,15.3815,56.040899653979245,0,0.0,0.0,0.0,0.0,0.0,nan
1560,12.9115,77.4755,,,,,,,,,,,0.0,0.0,0,0.0,0.064473,14.5103,72.00999999999999,0,260.0,144.0,1.8056,0.0,0.0,nan
1561,12.9115,77.4845,,,,,,,,,,,0.0,0.0,0,0.0,0.068246,13.6529,56.040899653979245,0,0.0,0.0,0.0,0.0,0.0,nan
1562,12.9115,77.4935,,,,,,,,,,,0.0,0.0,0,0.0,0.0724,12.8122,56.040899653979245,0,0.0,0.0,0.0,0.0,0.0,nan
1563,12.9115,77.5025,,,,,,,,,,,0.0,0.0,0,0.0,0.076973,11.9916,56.040899653979245,0,0.0,0.0,0.0,0.0,0.0,nan
1564,12.9115,77.5115,,,,,,,,,,,0.0,0.0,0,0.0,0.081997,11.1955,56.040899653979245,0,0.0,0.0,0.0,0.0,0.0,nan
1565,12.9115,77.5205,,,,,,,,,,,0.0,0.0,0,0.0,0.087491,10.4297,72.00999999999999,0,0.0,0.0,0.0,0.0,0.0,nan
1566,12.9115,77.5295,,,,,,,,,,,0.0,0.0,0,0.0,0.093447,9.7012,56.040899653979245,0,0.0,0.0,0.0,0.0,0.0,nan
1567,12.9115,77.5385,,,,,,,,,,,0.0,0.0,0,0.0,0.099809,9.0191,56.040899653979245,0,0.0,0.0,0.0,0.0,0.0,nan
1568,12.9115,77.5475,,,,,,,,,,,0.0,0.0,0,0.0,0.106442,8.3948,56.040899653979245,0,0.0,0.0,0.0,0.0,0.0,nan
1569,12.9115,77.5565,,,,,,,,,,,0.0,0.0,0,0.0,0.113098,7.8419,56.040899653979245,0,0.0,0.0,0.0,0.0,0.0,nan
1570,12.9115,77.5655,,,,,,,,,,,0.0,0.0,0,0.0,0.119379,7.3767,56.040899653979245,0,1910.0,71.0,26.9014,0.0,0.0,nan
1571,12.9115,77.5745,,,,,,,,,,,0.0,0.0,0,0.0,0.124741,7.0166,56.040899653979245,0,0.0,0.0,0.0,0.0,0.0,nan
1572,12.9115,77.5835,,,,,,,,,,,0.0,0.0,0,0.0,0.128563,6.7783,56.040899653979245,0,0.0,0.0,0.0,0.0,0.0,nan
1573,12.9115,77.5925,,,,,,,,,,,0.0,0.0,0,0.0,0.130293,6.675,56.040899653979245,0,0.0,0.0,0.0,0.0,0.0,nan
1574,12.9115,77.6015,,,,,,,,,,,0.0,0.0,0,0.0,0.129656,6.7127,56.040899653979245,0,0.0,0.0,0.0,0.0,0.0,nan
1575,12.9115,77.6105,,,,,,,,,,,0.0,0.0,0,0.0,0.126754,6.8893,56.040899653979245,0,0.0,0.0,0.0,0.0,0.0,nan
1576,12.9115,77.6195,,,,,,,,,,,0.0,0.0,0,0.0,0.122033,7.1945,56.040899653979245,0,0.0,0.0,0.0,0.0,0.0,nan
1577,12.9115,77.6285,,,,,,,,,,,0.0,0.0,0,0.0,0.116105,7.6129,56.040899653979245,0,0.0,0.0,0.0,0.0,0.0,nan
1578,12.9115,77.6375,,,,,,,,,,,0.0,0.0,0,0.0,0.109566,8.1269,56.040899653979245,0,0.0,0.0,0.0,0.0,0.0,nan
1579,12.9115,77.6465,,,,,,,,,,,0.0,0.0,0,0.0,0.102883,8.7198,56.040899653979245,0,0.0,0.0,0.0,0.0,0.0,nan
1580,12.9115,77.6555,,,,,,,,,,,0.0,0.0,0,0.0,0.096372,9.3765,56.040899653979245,0,506.0,76.0,6.6579,0.0,0.0,nan
1581,12.9115,77.6645,,,,,,,,,,,0.0,0.0,0,0.0,0.090215,10.0846,56.040899653979245,0,0.0,0.0,0.0,0.0,0.0,nan
1582,12.9115,77.6735,,,,,,,,,,,0.0,0.0,0,0.0,0.084502,10.834,56.040899653979245,0,0.0,0.0,0.0,0.0,0.0,nan
1583,12.9115,77.6825,,,,,,,,,,,0.0,0.0,0,0.0,0.07926,11.6167,56.040899653979245,0,0.0,0.0,0.0,0.0,0.0,nan
1584,12.9115,77.6915,,,,,,,,,,,0.0,0.0,0,0.0,0.07448,12.4265,56.040899653979245,0,0.0,0.0,0.0,0.0,0.0,nan
1585,12.9115,77.7005,,,,,,,,,,,0.0,0.0,0,0.0,0.070135,13.2583,56.040899653979245,0,0.0,0.0,0.0,0.0,0.0,nan
1586,12.9115,77.7095,,,,,,,,,,,0.0,0.0,0,0.0,0.066189,14.1083,56.040899653979245,0,0.0,0.0,0.0,0.0,0.0,nan
1587,12.9115,77.7185,,,,,,,,,,,0.0,0.0,0,0.0,0.062604,14.9734,56.040899653979245,0,0.0,0.0,0.0,0.0,0.0,nan
1588,12.9115,77.7275,,,,,,,,,,,0.0,0.0,0,0.0,0.059343,15.8511,56.040899653979245,0,0.0,0.0,0.0,0.0,0.0,nan
1589,12.9115,77.7365,,,,,,,,,,,0.0,0.0,0,0.0,0.056372,16.7394,56.040899653979245,0,0.0,0.0,0.0,0.0,0.0,nan
1590,12.9115,77.7455,,,,,,,,,,,0.0,0.0,0,0.0,0.053657,17.6368,56.040899653979245,0,1.0,1.0,1.0,0.0,0.0,nan
1591,12.9115,77.7545,,,,,,,,,,,0.0,0.0,0,0.0,0.051172,18.5418,56.040899653979245,0,0.0,0.0,0.0,0.0,0.0,nan
1592,12.9115,77.7635,,,,,,,,,,,0.0,0.0,0,0.0,0.048891,19.4535,56.040899653979245,0,0.0,0.0,0.0,0.0,0.0,nan
1593,12.9115,77.7725,,,,,,,,,,,0.0,0.0,0,0.0,0.046793,20.3709,56.040899653979245,0,0.0,0.0,0.0,0.0,0.0,nan
1594,12.9115,77.7815,,,,,,,,,,,0.0,0.0,0,0.0,0.044856,21.2934,56.040899653979245,0,0.0,0.0,0.0,0.0,0.0,nan
1595,12.9115,77.7905,,,,,,,,,,,0.0,0.0,0,0.0,0.043066,22.2202,56.040899653979245,0,0.0,0.0,0.0,0.0,0.0,nan
1596,12.9115,77.7995,,,,,,,,,,,0.0,0.0,0,0.0,0.041406,23.1508,56.040899653979245,0,0.0,0.0,0.0,0.0,0.0,nan
1597,12.9115,77.8085,,,,,,,,,,,0.0,0.0,0,0.0,0.039865,24.0849,56.040899653979245,0,0.0,0.0,0.0,0.0,0.0,nan
1598,12.9115,77.8175,,,,,,,,,,,0.0,0.0,0,0.0,0.038429,25.022,56.040899653979245,0,0.0,0.0,0.0,0.0,0.0,nan
1599,12.9115,77.8265,,,,,,,,,,,0.0,0.0,0,0.0,0.03709,25.9618,56.040899653979245,0,0.0,0.0,0.0,0.0,0.0,nan
1600,12.9115,77.8355,,,,,,,,,,,0.0,0.0,0,0.0,0.035837,26.904,56.040899653979245,0,0.0,0.0,0.0,0.0,0.0,nan
1601,12.9115,77.8445,,,,,,,,,,,0.0,0.0,0,0.0,0.034664,27.8484,56.040899653979245,0,0.0,0.0,0.0,0.0,0.0,nan
1602,12.9115,77.8535,,,,,,,,,,,0.0,0.0,0,0.0,0.033563,28.7947,56.040899653979245,0,0.0,0.0,0.0,0.0,0.0,nan
1603,12.9115,77.8625,,,,,,,,,,,0.0,0.0,0,0.0,0.032528,29.7428,56.040899653979245,0,0.0,0.0,0.0,0.0,0.0,nan
1604,12.9115,77.8715,,,,,,,,,,,0.0,0.0,0,0.0,0.031553,30.6925,56.040899653979245,0,0.0,0.0,0.0,0.0,0.0,nan
1605,12.9115,77.8805,,,,,,,,,,,0.0,0.0,0,0.0,0.030634,31.6437,56.040899653979245,0,0.0,0.0,0.0,0.0,0.0,nan
1606,12.9115,77.8895,,,,,,,,,,,0.0,0.0,0,0.0,0.029765,32.5962,56.040899653979245,0,0.0,0.0,0.0,0.0,0.0,nan
1607,12.9115,77.8985,,,,,,,,,,,0.0,0.0,0,0.0,0.028944,33.5499,56.040899653979245,0,0.0,0.0,0.0,0.0,0.0,nan
1608,12.9205,77.3045,,,,,,,,,,,0.0,0.0,0,0.0,0.0304,31.8942,56.040899653979245,0,0.0,0.0,0.0,0.0,0.0,nan
1609,12.9205,77.3135,,,,,,,,,,,0.0,0.0,0,0.0,0.031312,30.9365,56.040899653979245,0,0.0,0.0,0.0,0.0,0.0,nan
1610,12.9205,77.3225,,,,,,,,,,,0.0,0.0,0,0.0,0.032279,29.9799,56.040899653979245,0,0.0,0.0,0.0,0.0,0.0,nan
1611,12.9205,77.3315,,,,,,,,,,,0.0,0.0,0,0.0,0.033306,29.0243,56.040899653979245,0,0.0,0.0,0.0,0.0,0.0,nan
1612,12.9205,77.3405,,,,,,,,,,,0.0,0.0,0,0.0,0.0344,28.07,56.040899653979245,0,0.0,0.0,0.0,0.0,0.0,nan
1613,12.9205,77.3495,,,,,,,,,,,0.0,0.0,0,0.0,0.035566,27.1171,56.040899653979245,0,0.0,0.0,0.0,0.0,0.0,nan
1614,12.9205,77.3585,,,,,,,,,,,0.0,0.0,0,0.0,0.036811,26.1658,56.040899653979245,0,0.0,0.0,0.0,0.0,0.0,nan
1615,12.9205,77.3675,,,,,,,,,,,0.0,0.0,0,0.0,0.038144,25.2161,56.040899653979245,0,0.0,0.0,0.0,0.0,0.0,nan
1616,12.9205,77.3765,,,,,,,,,,,0.0,0.0,0,0.0,0.039575,24.2683,56.040899653979245,0,0.0,0.0,0.0,0.0,0.0,nan
1617,12.9205,77.3855,,,,,,,,,,,0.0,0.0,0,0.0,0.041114,23.3227,56.040899653979245,0,0.0,0.0,0.0,0.0,0.0,nan
1618,12.9205,77.3945,,,,,,,,,,,0.0,0.0,0,0.0,0.042773,22.3795,56.040899653979245,0,0.0,0.0,0.0,0.0,0.0,nan
1619,12.9205,77.4035,,,,,,,,,,,0.0,0.0,0,0.0,0.044565,21.439,56.040899653979245,0,0.0,0.0,0.0,0.0,0.0,nan
1620,12.9205,77.4125,,,,,,,,,,,0.0,0.0,0,0.0,0.046508,20.5016,56.040899653979245,0,5.0,5.0,1.0,0.0,0.0,nan
1621,12.9205,77.4215,,,,,,,,,,,0.0,0.0,0,0.0,0.04862,19.5677,56.040899653979245,0,0.0,0.0,0.0,0.0,0.0,nan
1622,12.9205,77.4305,,,,,,,,,,,0.0,0.0,0,0.0,0.050922,18.638,56.040899653979245,0,0.0,0.0,0.0,0.0,0.0,nan
1623,12.9205,77.4395,,,,,,,,,,,0.0,0.0,0,0.0,0.053439,17.7129,56.040899653979245,0,0.0,0.0,0.0,0.0,0.0,nan
1624,12.9205,77.4485,,,,,,,,,,,0.0,0.0,0,0.0,0.056201,16.7934,56.040899653979245,0,0.0,0.0,0.0,0.0,0.0,nan
1625,12.9205,77.4575,,,,,,,,,,,0.0,0.0,0,0.0,0.059241,15.8803,56.040899653979245,0,0.0,0.0,0.0,0.0,0.0,nan
1626,12.9205,77.4665,,,,,,,,,,,0.0,0.0,0,0.0,0.062598,14.9749,56.040899653979245,0,0.0,0.0,0.0,0.0,0.0,nan
1627,12.9205,77.4755,,,,,,,,,,,0.0,0.0,0,0.0,0.066319,14.0786,56.040899653979245,0,0.0,0.0,0.0,0.0,0.0,nan
1628,12.9205,77.4845,,,,,,,,,,,0.0,0.0,0,0.0,0.070456,13.1932,56.040899653979245,0,0.0,0.0,0.0,0.0,0.0,nan
1629,12.9205,77.4935,,,,,,,,,,,0.0,0.0,0,0.0,0.075068,12.3212,56.040899653979245,0,0.0,0.0,0.0,0.0,0.0,nan
1630,12.9205,77.5025,,,,,,,,,,,0.0,0.0,0,0.0,0.080221,11.4656,56.040899653979245,0,635.0,47.0,13.5106,0.0,0.0,nan
1631,12.9205,77.5115,,,,,,,,,,,0.0,0.0,0,0.0,0.085982,10.6303,56.040899653979245,0,0.0,0.0,0.0,0.0,0.0,nan
1632,12.9205,77.5205,,,,,,,,,,,0.0,0.0,0,0.0,0.092417,9.8205,56.040899653979245,0,0.0,0.0,0.0,0.0,0.0,nan
1633,12.9205,77.5295,,,,,,,,,,,0.0,0.0,0,0.0,0.09957,9.0432,56.040899653979245,0,0.0,0.0,0.0,0.0,0.0,nan
1634,12.9205,77.5385,,,,,,,,,,,0.0,0.0,0,0.0,0.107443,8.3073,56.040899653979245,0,0.0,0.0,0.0,0.0,0.0,nan
1635,12.9205,77.5475,,,,,,,,,,,0.0,0.0,0,0.0,0.115943,7.6249,56.040899653979245,0,0.0,0.0,0.0,0.0,0.0,nan
1636,12.9205,77.5565,,,,,,,,,,,0.0,0.0,0,0.0,0.124817,7.0117,56.040899653979245,0,0.0,0.0,0.0,0.0,0.0,nan
1637,12.9205,77.5655,,,,,,,,,,,0.0,0.0,0,0.0,0.133559,6.4873,56.040899653979245,0,0.0,0.0,0.0,0.0,0.0,nan
1638,12.9205,77.5745,,,,,,,,,,,0.0,0.0,0,0.0,0.141349,6.0747,56.040899653979245,0,0.0,0.0,0.0,0.0,0.0,nan
1639,12.9205,77.5835,,,,,,,,,,,0.0,0.0,0,0.0,0.147106,5.7978,56.040899653979245,0,0.0,0.0,0.0,0.0,0.0,nan
1640,12.9205,77.5925,,,,,,,,,,,0.0,0.0,0,0.0,0.149777,5.6766,56.040899653979245,0,563.0,54.0,10.4259,0.0,0.0,nan
1641,12.9205,77.6015,,,,,,,,,,,0.0,0.0,0,0.0,0.148787,5.721,56.040899653979245,0,0.0,0.0,0.0,0.0,0.0,nan
1642,12.9205,77.6105,,,,,,,,,,,0.0,0.0,0,0.0,0.144358,5.9272,56.040899653979245,0,0.0,0.0,0.0,0.0,0.0,nan
1643,12.9205,77.6195,,,,,,,,,,,0.0,0.0,0,0.0,0.137376,6.2793,56.040899653979245,0,0.0,0.0,0.0,0.0,0.0,nan
1644,12.9205,77.6285,,,,,,,,,,,0.0,0.0,0,0.0,0.128956,6.7546,56.040899653979245,0,0.0,0.0,0.0,0.0,0.0,nan
1645,12.9205,77.6375,,,,,,,,,,,0.0,0.0,0,0.0,0.120062,7.329,56.040899653979245,0,0.0,0.0,0.0,0.0,0.0,nan
1646,12.9205,77.6465,,,,,,,,,,,0.0,0.0,0,0.0,0.111342,7.9813,56.040899653979245,0,0.0,0.0,0.0,0.0,0.0,nan
1647,12.9205,77.6555,,,,,,,,,,,0.0,0.0,0,0.0,0.103158,8.6939,56.040899653979245,0,0.0,0.0,0.0,0.0,0.0,nan
1648,12.9205,77.6645,,,,,,,,,,,0.0,0.0,0,0.0,0.095664,9.4532,56.040899653979245,0,0.0,0.0,0.0,0.0,0.0,nan
1649,12.9205,77.6735,,,,,,,,,,,0.0,0.0,0,0.0,0.088898,10.2488,56.040899653979245,0,0.0,0.0,0.0,0.0,0.0,nan
1650,12.9205,77.6825,,,,,,,,,,,0.0,0.0,0,0.0,0.082829,11.073,56.040899653979245,0,227767.0,85.0,2679.6118,0.0,0.0,nan
1651,12.9205,77.6915,,,,,,,,,,,0.0,0.0,0,0.0,0.077402,11.9196,56.040899653979245,0,0.0,0.0,0.0,0.0,0.0,nan
1652,12.9205,77.7005,,,,,,,,,,,0.0,0.0,0,0.0,0.072546,12.7844,56.040899653979245,0,0.0,0.0,0.0,0.0,0.0,nan
1653,12.9205,77.7095,,,,,,,,,,,0.0,0.0,0,0.0,0.068195,13.6639,56.040899653979245,0,0.0,0.0,0.0,0.0,0.0,nan
1654,12.9205,77.7185,,,,,,,,,,,0.0,0.0,0,0.0,0.064286,14.5554,56.040899653979245,0,0.0,0.0,0.0,0.0,0.0,nan
1655,12.9205,77.7275,,,,,,,,,,,0.0,0.0,0,0.0,0.060766,15.4567,56.040899653979245,0,0.0,0.0,0.0,0.0,0.0,nan
1656,12.9205,77.7365,,,,,,,,,,,0.0,0.0,0,0.0,0.057582,16.3664,56.040899653979245,0,0.0,0.0,0.0,0.0,0.0,nan
1657,12.9205,77.7455,,,,,,,,,,,0.0,0.0,0,0.0,0.054695,17.2831,56.040899653979245,0,0.0,0.0,0.0,0.0,0.0,nan
1658,12.9205,77.7545,,,,,,,,,,,0.0,0.0,0,0.0,0.052068,18.2057,56.040899653979245,0,0.0,0.0,0.0,0.0,0.0,nan
1659,12.9205,77.7635,,,,,,,,,,,0.0,0.0,0,0.0,0.049669,19.1333,56.040899653979245,0,0.0,0.0,0.0,0.0,0.0,nan
1660,12.9205,77.7725,,,,,,,,,,,0.0,0.0,0,0.0,0.047471,20.0653,56.040899653979245,0,1.0,1.0,1.0,0.0,0.0,nan
1661,12.9205,77.7815,,,,,,,,,,,0.0,0.0,0,0.0,0.045452,21.0011,56.040899653979245,0,0.0,0.0,0.0,0.0,0.0,nan
1662,12.9205,77.7905,,,,,,,,,,,0.0,0.0,0,0.0,0.043592,21.9402,56.040899653979245,0,0.0,0.0,0.0,0.0,0.0,nan
1663,12.9205,77.7995,,,,,,,,,,,0.0,0.0,0,0.0,0.041872,22.8822,56.040899653979245,0,0.0,0.0,0.0,0.0,0.0,nan
1664,12.9205,77.8085,,,,,,,,,,,0.0,0.0,0,0.0,0.040279,23.8267,56.040899653979245,0,0.0,0.0,0.0,0.0,0.0,nan
1665,12.9205,77.8175,,,,,,,,,,,0.0,0.0,0,0.0,0.0388,24.7735,56.040899653979245,0,0.0,0.0,0.0,0.0,0.0,nan
1666,12.9205,77.8265,,,,,,,,,,,0.0,0.0,0,0.0,0.037422,25.7224,56.040899653979245,0,0.0,0.0,0.0,0.0,0.0,nan
1667,12.9205,77.8355,,,,,,,,,,,0.0,0.0,0,0.0,0.036136,26.673,56.040899653979245,0,0.0,0.0,0.0,0.0,0.0,nan
1668,12.9205,77.8445,,,,,,,,,,,0.0,0.0,0,0.0,0.034934,27.6252,56.040899653979245,0,0.0,0.0,0.0,0.0,0.0,nan
1669,12.9205,77.8535,,,,,,,,,,,0.0,0.0,0,0.0,0.033808,28.5788,56.040899653979245,0,0.0,0.0,0.0,0.0,0.0,nan
1670,12.9205,77.8625,,,,,,,,,,,0.0,0.0,0,0.0,0.032751,29.5338,56.040899653979245,0,17.0,17.0,1.0,0.0,0.0,nan
1671,12.9205,77.8715,,,,,,,,,,,0.0,0.0,0,0.0,0.031756,30.4899,56.040899653979245,0,0.0,0.0,0.0,0.0,0.0,nan
1672,12.9205,77.8805,,,,,,,,,,,0.0,0.0,0,0.0,0.030819,31.4472,56.040899653979245,0,0.0,0.0,0.0,0.0,0.0,nan
1673,12.9205,77.8895,,,,,,,,,,,0.0,0.0,0,0.0,0.029935,32.4054,56.040899653979245,0,0.0,0.0,0.0,0.0,0.0,nan
1674,12.9205,77.8985,,,,,,,,,,,0.0,0.0,0,0.0,0.0291,33.3645,56.040899653979245,0,0.0,0.0,0.0,0.0,0.0,nan
1675,12.9295,77.3045,,,,,,,,,,,0.0,0.0,0,0.0,0.030552,31.7307,56.040899653979245,0,0.0,0.0,0.0,0.0,0.0,nan
1676,12.9295,77.3135,,,,,,,,,,,0.0,0.0,0,0.0,0.031478,30.768,56.040899653979245,0,0.0,0.0,0.0,0.0,0.0,nan
1677,12.9295,77.3225,,,,,,,,,,,0.0,0.0,0,0.0,0.032461,29.8059,56.040899653979245,0,0.0,0.0,0.0,0.0,0.0,nan
1678,12.9295,77.3315,,,,,,,,,,,0.0,0.0,0,0.0,0.033507,28.8447,56.040899653979245,0,0.0,0.0,0.0,0.0,0.0,nan
1679,12.9295,77.3405,,,,,,,,,,,0.0,0.0,0,0.0,0.034621,27.8844,56.040899653979245,0,0.0,0.0,0.0,0.0,0.0,nan
1680,12.9295,77.3495,,,,,,,,,,,0.0,0.0,0,0.0,0.03581,26.925,56.040899653979245,0,1.0,1.0,1.0,0.0,0.0,nan
1681,12.9295,77.3585,,,,,,,,,,,0.0,0.0,0,0.0,0.037083,25.9666,56.040899653979245,0,0.0,0.0,0.0,0.0,0.0,nan
1682,12.9295,77.3675,,,,,,,,,,,0.0,0.0,0,0.0,0.038448,25.0094,56.040899653979245,0,0.0,0.0,0.0,0.0,0.0,nan
1683,12.9295,77.3765,,,,,,,,,,,0.0,0.0,0,0.0,0.039914,24.0536,56.040899653979245,0,0.0,0.0,0.0,0.0,0.0,nan
1684,12.9295,77.3855,,,,,,,,,,,0.0,0.0,0,0.0,0.041495,23.0993,56.040899653979245,0,0.0,0.0,0.0,0.0,0.0,nan
1685,12.9295,77.3945,,,,,,,,,,,0.0,0.0,0,0.0,0.043203,22.1466,56.040899653979245,0,0.0,0.0,0.0,0.0,0.0,nan
1686,12.9295,77.4035,,,,,,,,,,,0.0,0.0,0,0.0,0.045053,21.1959,56.040899653979245,0,0.0,0.0,0.0,0.0,0.0,nan
1687,12.9295,77.4125,,,,,,,,,,,0.0,0.0,0,0.0,0.047065,20.2473,56.040899653979245,0,0.0,0.0,0.0,0.0,0.0,nan
1688,12.9295,77.4215,,,,,,,,,,,0.0,0.0,0,0.0,0.049258,19.3012,56.040899653979245,0,0.0,0.0,0.0,0.0,0.0,nan
1689,12.9295,77.4305,,,,,,,,,,,0.0,0.0,0,0.0,0.051658,18.358,56.040899653979245,0,0.0,0.0,0.0,0.0,0.0,nan
1690,12.9295,77.4395,,,,,,,,,,,0.0,0.0,0,0.0,0.054294,17.4182,56.040899653979245,0,0.0,0.0,0.0,0.0,0.0,nan
1691,12.9295,77.4485,,,,,,,,,,,0.0,0.0,0,0.0,0.057201,16.4823,56.040899653979245,0,0.0,0.0,0.0,0.0,0.0,nan
1692,12.9295,77.4575,,,,,,,,,,,0.0,0.0,0,0.0,0.060419,15.551,56.040899653979245,0,0.0,0.0,0.0,0.0,0.0,nan
1693,12.9295,77.4665,,,,,,,,,,,0.0,0.0,0,0.0,0.063999,14.6253,56.040899653979245,0,0.0,0.0,0.0,0.0,0.0,nan
1694,12.9295,77.4755,,,,,,,,,,,0.0,0.0,0,0.0,0.067999,13.7062,56.040899653979245,0,0.0,0.0,0.0,0.0,0.0,nan
1695,12.9295,77.4845,,,,,,,,,,,0.0,0.0,0,0.0,0.07249,12.7951,56.040899653979245,0,0.0,0.0,0.0,0.0,0.0,nan
1696,12.9295,77.4935,,,,,,,,,,,0.0,0.0,0,0.0,0.077555,11.8941,56.040899653979245,0,0.0,0.0,0.0,0.0,0.0,nan
1697,12.9295,77.5025,,,,,,,,,,,0.0,0.0,0,0.0,0.083297,11.0053,56.040899653979245,0,0.0,0.0,0.0,0.0,0.0,nan
1698,12.9295,77.5115,,,,,,,,,,,0.0,0.0,0,0.0,0.08983,10.1322,56.040899653979245,0,0.0,0.0,0.0,0.0,0.0,nan
1699,12.9295,77.5205,,,,,,,,,,,0.0,0.0,0,0.0,0.097284,9.2792,56.040899653979245,0,0.0,0.0,0.0,0.0,0.0,nan
1700,12.9295,77.5295,,,,,,,,,,,0.0,0.0,0,0.0,0.105795,8.4522,56.040899653979245,0,3501.0,68.0,51.4853,0.0,0.0,nan
1701,12.9295,77.5385,,,,,,,,,,,0.0,0.0,0,0.0,0.115476,7.6598,56.040899653979245,0,0.0,0.0,0.0,0.0,0.0,nan
1702,12.9295,77.5475,,,,,,,,,,,0.0,0.0,0,0.0,0.12636,6.9139,56.040899653979245,0,0.0,0.0,0.0,0.0,0.0,nan
1703,12.9295,77.5565,,,,,,,,,,,0.0,0.0,0,0.0,0.13829,6.2312,56.040899653979245,0,0.0,0.0,0.0,0.0,0.0,nan
1704,12.9295,77.5655,,,,,,,,,,,0.0,0.0,0,0.0,0.150725,5.6346,56.040899653979245,0,0.0,0.0,0.0,0.0,0.0,nan
1705,12.9295,77.5745,,,,,,,,,,,0.0,0.0,0,0.0,0.162488,5.1543,56.040899653979245,0,0.0,0.0,0.0,0.0,0.0,nan
1706,12.9295,77.5835,,,,,,,,,,,0.0,0.0,0,0.0,0.171677,4.8249,56.040899653979245,0,0.0,0.0,0.0,0.0,0.0,nan
1707,12.9295,77.5925,,,,,,,,,,,0.0,0.0,0,0.0,0.1761,4.6786,56.040899653979245,0,0.0,0.0,0.0,0.0,0.0,nan
1708,12.9295,77.6015,,,,,,,,,,,0.0,0.0,0,0.0,0.17445,4.7323,56.040899653979245,0,0.0,0.0,0.0,0.0,0.0,nan
1709,12.9295,77.6105,,,,,,,,,,,0.0,0.0,0,0.0,0.167235,4.9796,56.040899653979245,0,0.0,0.0,0.0,0.0,0.0,nan
1710,12.9295,77.6195,,,,,,,,,,,0.0,0.0,0,0.0,0.156399,5.3939,56.040899653979245,0,1028.0,52.0,19.7692,0.0,0.0,nan
1711,12.9295,77.6285,,,,,,,,,,,0.0,0.0,0,0.0,0.144084,5.9404,56.040899653979245,0,0.0,0.0,0.0,0.0,0.0,nan
1712,12.9295,77.6375,,,,,,,,,,,0.0,0.0,0,0.0,0.131818,6.5862,56.040899653979245,0,0.0,0.0,0.0,0.0,0.0,nan
1713,12.9295,77.6465,,,,,,,,,,,0.0,0.0,0,0.0,0.120408,7.3051,56.040899653979245,0,0.0,0.0,0.0,0.0,0.0,nan
1714,12.9295,77.6555,,,,,,,,,,,0.0,0.0,0,0.0,0.110162,8.0775,56.040899653979245,0,0.0,0.0,0.0,0.0,0.0,nan
1715,12.9295,77.6645,,,,,,,,,,,0.0,0.0,0,0.0,0.101116,8.8896,56.040899653979245,0,0.0,0.0,0.0,0.0,0.0,nan
1716,12.9295,77.6735,,,,,,,,,,,0.0,0.0,0,0.0,0.093185,9.7313,56.040899653979245,0,0.0,0.0,0.0,0.0,0.0,nan
1717,12.9295,77.6825,,,,,,,,,,,0.0,0.0,0,0.0,0.086239,10.5957,56.040899653979245,0,0.0,0.0,0.0,0.0,0.0,nan
1718,12.9295,77.6915,,,,,,,,,,,0.0,0.0,0,0.0,0.080144,11.4776,56.040899653979245,0,0.0,0.0,0.0,0.0,0.0,nan
1719,12.9295,77.7005,,,,,,,,,,,0.0,0.0,0,0.0,0.074776,12.3733,56.040899653979245,0,0.0,0.0,0.0,0.0,0.0,nan
1720,12.9295,77.7095,,,,,,,,,,,0.0,0.0,0,0.0,0.070029,13.2799,56.040899653979245,0,826.0,66.0,12.5152,0.0,0.0,nan
1721,12.9295,77.7185,,,,,,,,,,,0.0,0.0,0,0.0,0.065809,14.1954,56.040899653979245,0,0.0,0.0,0.0,0.0,0.0,nan
1722,12.9295,77.7275,,,,,,,,,,,0.0,0.0,0,0.0,0.062042,15.1182,56.040899653979245,0,0.0,0.0,0.0,0.0,0.0,nan
1723,12.9295,77.7365,,,,,,,,,,,0.0,0.0,0,0.0,0.058661,16.0471,56.040899653979245,0,0.0,0.0,0.0,0.0,0.0,nan
1724,12.9295,77.7455,,,,,,,,,,,0.0,0.0,0,0.0,0.055615,16.9809,56.040899653979245,0,0.0,0.0,0.0,0.0,0.0,nan
1725,12.9295,77.7545,,,,,,,,,,,0.0,0.0,0,0.0,0.052857,17.919,56.040899653979245,0,0.0,0.0,0.0,0.0,0.0,nan
1726,12.9295,77.7635,,,,,,,,,,,0.0,0.0,0,0.0,0.050351,18.8607,56.040899653979245,0,0.0,0.0,0.0,0.0,0.0,nan
1727,12.9295,77.7725,,,,,,,,,,,0.0,0.0,0,0.0,0.048064,19.8054,56.040899653979245,0,0.0,0.0,0.0,0.0,0.0,nan
1728,12.9295,77.7815,,,,,,,,,,,0.0,0.0,0,0.0,0.045971,20.7529,56.040899653979245,0,0.0,0.0,0.0,0.0,0.0,nan
1729,12.9295,77.7905,,,,,,,,,,,0.0,0.0,0,0.0,0.044048,21.7027,56.040899653979245,0,0.0,0.0,0.0,0.0,0.0,nan
1730,12.9295,77.7995,,,,,,,,,,,0.0,0.0,0,0.0,0.042275,22.6545,56.040899653979245,0,1.0,1.0,1.0,0.0,0.0,nan
1731,12.9295,77.8085,,,,,,,,,,,0.0,0.0,0,0.0,0.040637,23.6081,56.040899653979245,0,0.0,0.0,0.0,0.0,0.0,nan
1732,12.9295,77.8175,,,,,,,,,,,0.0,0.0,0,0.0,0.039119,24.5632,56.040899653979245,0,0.0,0.0,0.0,0.0,0.0,nan
1733,12.9295,77.8265,,,,,,,,,,,0.0,0.0,0,0.0,0.037708,25.5198,56.040899653979245,0,0.0,0.0,0.0,0.0,0.0,nan
1734,12.9295,77.8355,,,,,,,,,,,0.0,0.0,0,0.0,0.036393,26.4776,56.040899653979245,0,0.0,0.0,0.0,0.0,0.0,nan
1735,12.9295,77.8445,,,,,,,,,,,0.0,0.0,0,0.0,0.035166,27.4365,56.040899653979245,0,0.0,0.0,0.0,0.0,0.0,nan
1736,12.9295,77.8535,,,,,,,,,,,0.0,0.0,0,0.0,0.034018,28.3964,56.040899653979245,0,0.0,0.0,0.0,0.0,0.0,nan
1737,12.9295,77.8625,,,,,,,,,,,0.0,0.0,0,0.0,0.032941,29.3573,56.040899653979245,0,0.0,0.0,0.0,0.0,0.0,nan
1738,12.9295,77.8715,,,,,,,,,,,0.0,0.0,0,0.0,0.03193,30.3189,56.040899653979245,0,0.0,0.0,0.0,0.0,0.0,nan
1739,12.9295,77.8805,,,,,,,,,,,0.0,0.0,0,0.0,0.030978,31.2813,56.040899653979245,0,0.0,0.0,0.0,0.0,0.0,nan
1740,12.9295,77.8895,,,,,,,,,,,0.0,0.0,0,0.0,0.03008,32.2444,56.040899653979245,0,0.0,0.0,0.0,0.0,0.0,nan
1741,12.9295,77.8985,,,,,,,,,,,0.0,0.0,0,0.0,0.029233,33.2081,56.040899653979245,0,0.0,0.0,0.0,0.0,0.0,nan
1742,12.9385,77.3045,,,,,,,,,,,0.0,0.0,0,0.0,0.030677,31.5979,56.040899653979245,0,0.0,0.0,0.0,0.0,0.0,nan
1743,12.9385,77.3135,,,,,,,,,,,0.0,0.0,0,0.0,0.031614,30.6311,56.040899653979245,0,0.0,0.0,0.0,0.0,0.0,nan
1744,12.9385,77.3225,,,,,,,,,,,0.0,0.0,0,0.0,0.032611,29.6647,56.040899653979245,0,0.0,0.0,0.0,0.0,0.0,nan
1745,12.9385,77.3315,,,,,,,,,,,0.0,0.0,0,0.0,0.033671,28.6988,56.040899653979245,0,0.0,0.0,0.0,0.0,0.0,nan
1746,12.9385,77.3405,,,,,,,,,,,0.0,0.0,0,0.0,0.034803,27.7334,56.040899653979245,0,0.0,0.0,0.0,0.0,0.0,nan
1747,12.9385,77.3495,,,,,,,,,,,0.0,0.0,0,0.0,0.036012,26.7687,56.040899653979245,0,0.0,0.0,0.0,0.0,0.0,nan
1748,12.9385,77.3585,,,,,,,,,,,0.0,0.0,0,0.0,0.037307,25.8046,56.040899653979245,0,0.0,0.0,0.0,0.0,0.0,nan
1749,12.9385,77.3675,,,,,,,,,,,0.0,0.0,0,0.0,0.038698,24.8413,56.040899653979245,0,0.0,0.0,0.0,0.0,0.0,nan
1750,12.9385,77.3765,,,,,,,,,,,0.0,0.0,0,0.0,0.040195,23.8788,56.040899653979245,0,0.0,0.0,0.0,0.0,0.0,nan
1751,12.9385,77.3855,,,,,,,,,,,0.0,0.0,0,0.0,0.041811,22.9173,56.040899653979245,0,0.0,0.0,0.0,0.0,0.0,nan
1752,12.9385,77.3945,,,,,,,,,,,0.0,0.0,0,0.0,0.04356,21.9568,56.040899653979245,0,0.0,0.0,0.0,0.0,0.0,nan
1753,12.9385,77.4035,,,,,,,,,,,0.0,0.0,0,0.0,0.04546,20.9975,56.040899653979245,0,0.0,0.0,0.0,0.0,0.0,nan
1754,12.9385,77.4125,,,,,,,,,,,0.0,0.0,0,0.0,0.047529,20.0396,56.040899653979245,0,0.0,0.0,0.0,0.0,0.0,nan
1755,12.9385,77.4215,,,,,,,,,,,0.0,0.0,0,0.0,0.049793,19.0833,56.040899653979245,0,0.0,0.0,0.0,0.0,0.0,nan
1756,12.9385,77.4305,,,,,,,,,,,0.0,0.0,0,0.0,0.052277,18.1288,56.040899653979245,0,0.0,0.0,0.0,0.0,0.0,nan
1757,12.9385,77.4395,,,,,,,,,,,0.0,0.0,0,0.0,0.055016,17.1765,56.040899653979245,0,0.0,0.0,0.0,0.0,0.0,nan
1758,12.9385,77.4485,,,,,,,,,,,0.0,0.0,0,0.0,0.058049,16.2268,56.040899653979245,0,0.0,0.0,0.0,0.0,0.0,nan
1759,12.9385,77.4575,,,,,,,,,,,0.0,0.0,0,0.0,0.061425,15.28,56.040899653979245,0,0.0,0.0,0.0,0.0,0.0,nan
1760,12.9385,77.4665,,,,,,,,,,,0.0,0.0,0,0.0,0.065202,14.3369,56.040899653979245,0,24.0,21.0,1.1429,0.0,0.0,nan
1761,12.9385,77.4755,,,,,,,,,,,0.0,0.0,0,0.0,0.069454,13.3981,56.040899653979245,0,0.0,0.0,0.0,0.0,0.0,nan
1762,12.9385,77.4845,,,,,,,,,,,0.0,0.0,0,0.0,0.074269,12.4646,56.040899653979245,0,0.0,0.0,0.0,0.0,0.0,nan
1763,12.9385,77.4935,,,,,,,,,,,0.0,0.0,0,0.0,0.079759,11.5378,56.040899653979245,0,0.0,0.0,0.0,0.0,0.0,nan
1764,12.9385,77.5025,,,,,,,,,,,0.0,0.0,0,0.0,0.086063,10.6194,56.040899653979245,0,0.0,0.0,0.0,0.0,0.0,nan
1765,12.9385,77.5115,,,,,,,,,,,0.0,0.0,0,0.0,0.093356,9.7117,56.040899653979245,0,0.0,0.0,0.0,0.0,0.0,nan
1766,12.9385,77.5205,,,,,,,,,,,0.0,0.0,0,0.0,0.101853,8.8181,56.040899653979245,0,0.0,0.0,0.0,0.0,0.0,nan
1767,12.9385,77.5295,,,,,,,,,,,0.0,0.0,0,0.0,0.111814,7.9434,56.040899653979245,0,0.0,0.0,0.0,0.0,0.0,nan
1768,12.9385,77.5385,,,,,,,,,,,0.0,0.0,0,0.0,0.123541,7.0945,56.040899653979245,0,0.0,0.0,0.0,0.0,0.0,nan
1769,12.9385,77.5475,,,,,,,,,,,0.0,0.0,0,0.0,0.137327,6.2819,56.040899653979245,0,0.0,0.0,0.0,0.0,0.0,nan
1770,12.9385,77.5565,,,,,,,,,,,0.0,0.0,0,0.0,0.153337,5.5216,56.040899653979245,0,76.0,21.0,3.619,0.0,0.0,nan
1771,12.9385,77.5655,,,,,,,,,,,0.0,0.0,0,0.0,0.171283,4.8383,56.040899653979245,0,0.0,0.0,0.0,0.0,0.0,nan
1772,12.9385,77.5745,,,,,,,,,,,0.0,0.0,0,0.0,0.189779,4.2693,56.040899653979245,0,0.0,0.0,0.0,0.0,0.0,nan
1773,12.9385,77.5835,,,,,,,,,,,0.0,0.0,0,0.0,0.205533,3.8654,56.040899653979245,0,0.0,0.0,0.0,0.0,0.0,nan
1774,12.9385,77.5925,,,,,,,,,,,0.0,0.0,0,0.0,0.213625,3.6811,56.040899653979245,0,0.0,0.0,0.0,0.0,0.0,nan
1775,12.9385,77.6015,,,,,,,,,,,0.0,0.0,0,0.0,0.210562,3.7492,56.040899653979245,0,0.0,0.0,0.0,0.0,0.0,nan
1776,12.9385,77.6105,,,,,,,,,,,0.0,0.0,0,0.0,0.197754,4.0568,56.040899653979245,0,0.0,0.0,0.0,0.0,0.0,nan
1777,12.9385,77.6195,,,,,,,,,,,0.0,0.0,0,0.0,0.179992,4.5558,56.040899653979245,0,0.0,0.0,0.0,0.0,0.0,nan
1778,12.9385,77.6285,,,,,,,,,,,0.0,0.0,0,0.0,0.16152,5.1912,56.040899653979245,0,0.0,0.0,0.0,0.0,0.0,nan
1779,12.9385,77.6375,,,,,,,,,,,0.0,0.0,0,0.0,0.144523,5.9193,56.040899653979245,0,0.0,0.0,0.0,0.0,0.0,nan
1780,12.9385,77.6465,,,,,,,,,,,0.0,0.0,0,0.0,0.129703,6.7099,56.040899653979245,0,8.0,8.0,1.0,0.0,0.0,nan
1781,12.9385,77.6555,,,,,,,,,,,0.0,0.0,0,0.0,0.117048,7.5435,56.040899653979245,0,0.0,0.0,0.0,0.0,0.0,nan
1782,12.9385,77.6645,,,,,,,,,,,0.0,0.0,0,0.0,0.106302,8.4072,56.040899653979245,0,0.0,0.0,0.0,0.0,0.0,nan
1783,12.9385,77.6735,,,,,,,,,,,0.0,0.0,0,0.0,0.097156,9.2927,56.040899653979245,0,0.0,0.0,0.0,0.0,0.0,nan
1784,12.9385,77.6825,,,,,,,,,,,0.0,0.0,0,0.0,0.089331,10.1943,56.040899653979245,0,0.0,0.0,0.0,0.0,0.0,nan
1785,12.9385,77.6915,,,,,,,,,,,0.0,0.0,0,0.0,0.08259,11.108,34.229999999999905,0,0.0,0.0,0.0,0.0,0.0,nan
1786,12.9385,77.7005,,,,,,,,,,,0.0,0.0,0,0.0,0.076739,12.0312,56.040899653979245,0,0.0,0.0,0.0,0.0,0.0,nan
1787,12.9385,77.7095,,,,,,,,,,,0.0,0.0,0,0.0,0.071625,12.9617,56.040899653979245,0,0.0,0.0,0.0,0.0,0.0,nan
1788,12.9385,77.7185,,,,,,,,,,,0.0,0.0,0,0.0,0.067122,13.8982,56.040899653979245,0,0.0,0.0,0.0,0.0,0.0,nan
1789,12.9385,77.7275,,,,,,,,,,,0.0,0.0,0,0.0,0.063134,14.8394,56.040899653979245,0,0.0,0.0,0.0,0.0,0.0,nan
1790,12.9385,77.7365,,,,,,,,,,,0.0,0.0,0,0.0,0.059578,15.7846,34.229999999999905,0,389.0,71.0,5.4789,0.0,0.0,nan
1791,12.9385,77.7455,,,,,,,,,,,0.0,0.0,0,0.0,0.056392,16.733,56.040899653979245,0,0.0,0.0,0.0,0.0,0.0,nan
1792,12.9385,77.7545,,,,,,,,,,,0.0,0.0,0,0.0,0.053521,17.6842,56.040899653979245,0,0.0,0.0,0.0,0.0,0.0,nan
1793,12.9385,77.7635,,,,,,,,,,,0.0,0.0,0,0.0,0.050923,18.6376,56.040899653979245,0,0.0,0.0,0.0,0.0,0.0,nan
1794,12.9385,77.7725,,,,,,,,,,,0.0,0.0,0,0.0,0.04856,19.5931,56.040899653979245,0,0.0,0.0,0.0,0.0,0.0,nan
1795,12.9385,77.7815,,,,,,,,,,,0.0,0.0,0,0.0,0.046403,20.5503,74.58999999999992,0,0.0,0.0,0.0,0.0,0.0,nan
1796,12.9385,77.7905,,,,,,,,,,,0.0,0.0,0,0.0,0.044427,21.5089,56.040899653979245,0,0.0,0.0,0.0,0.0,0.0,nan
1797,12.9385,77.7995,,,,,,,,,,,0.0,0.0,0,0.0,0.04261,22.4689,56.040899653979245,0,0.0,0.0,0.0,0.0,0.0,nan
1798,12.9385,77.8085,,,,,,,,,,,0.0,0.0,0,0.0,0.040933,23.43,56.040899653979245,0,0.0,0.0,0.0,0.0,0.0,nan
1799,12.9385,77.8175,,,,,,,,,,,0.0,0.0,0,0.0,0.039382,24.392,56.040899653979245,0,0.0,0.0,0.0,0.0,0.0,nan
1800,12.9385,77.8265,,,,,,,,,,,0.0,0.0,0,0.0,0.037943,25.355,74.58999999999992,0,0.0,0.0,0.0,0.0,0.0,nan
1801,12.9385,77.8355,,,,,,,,,,,0.0,0.0,0,0.0,0.036605,26.3187,56.040899653979245,0,0.0,0.0,0.0,0.0,0.0,nan
1802,12.9385,77.8445,,,,,,,,,,,0.0,0.0,0,0.0,0.035357,27.2832,56.040899653979245,0,0.0,0.0,0.0,0.0,0.0,nan
1803,12.9385,77.8535,,,,,,,,,,,0.0,0.0,0,0.0,0.03419,28.2482,56.040899653979245,0,0.0,0.0,0.0,0.0,0.0,nan
1804,12.9385,77.8625,,,,,,,,,,,0.0,0.0,0,0.0,0.033097,29.2139,56.040899653979245,0,0.0,0.0,0.0,0.0,0.0,nan
1805,12.9385,77.8715,,,,,,,,,,,0.0,0.0,0,0.0,0.032072,30.18,96.56000000000016,0,0.0,0.0,0.0,0.0,0.0,nan
1806,12.9385,77.8805,,,,,,,,,,,0.0,0.0,0,0.0,0.031107,31.1466,56.040899653979245,0,0.0,0.0,0.0,0.0,0.0,nan
1807,12.9385,77.8895,,,,,,,,,,,0.0,0.0,0,0.0,0.030199,32.1137,56.040899653979245,0,0.0,0.0,0.0,0.0,0.0,nan
1808,12.9385,77.8985,,,,,,,,,,,0.0,0.0,0,0.0,0.029342,33.0811,56.040899653979245,0,0.0,0.0,0.0,0.0,0.0,nan
1809,12.9475,77.3045,,,,,,,,,,,0.0,0.0,0,0.0,0.030773,31.4962,56.040899653979245,0,0.0,0.0,0.0,0.0,0.0,nan
1810,12.9475,77.3135,,,,,,,,,,,0.0,0.0,0,0.0,0.03172,30.5263,42.6099999999999,0,7.0,7.0,1.0,0.0,0.0,nan
1811,12.9475,77.3225,,,,,,,,,,,0.0,0.0,0,0.0,0.032726,29.5565,56.040899653979245,0,0.0,0.0,0.0,0.0,0.0,nan
1812,12.9475,77.3315,,,,,,,,,,,0.0,0.0,0,0.0,0.033799,28.587,56.040899653979245,0,0.0,0.0,0.0,0.0,0.0,nan
1813,12.9475,77.3405,,,,,,,,,,,0.0,0.0,0,0.0,0.034943,27.6179,56.040899653979245,0,0.0,0.0,0.0,0.0,0.0,nan
1814,12.9475,77.3495,,,,,,,,,,,0.0,0.0,0,0.0,0.036168,26.649,56.040899653979245,0,0.0,0.0,0.0,0.0,0.0,nan
1815,12.9475,77.3585,,,,,,,,,,,0.0,0.0,0,0.0,0.037481,25.6805,42.6099999999999,0,0.0,0.0,0.0,0.0,0.0,nan
1816,12.9475,77.3675,,,,,,,,,,,0.0,0.0,0,0.0,0.038892,24.7124,56.040899653979245,0,0.0,0.0,0.0,0.0,0.0,nan
1817,12.9475,77.3765,,,,,,,,,,,0.0,0.0,0,0.0,0.040413,23.7448,56.040899653979245,0,0.0,0.0,0.0,0.0,0.0,nan
1818,12.9475,77.3855,,,,,,,,,,,0.0,0.0,0,0.0,0.042056,22.7776,56.040899653979245,0,0.0,0.0,0.0,0.0,0.0,nan
1819,12.9475,77.3945,,,,,,,,,,,0.0,0.0,0,0.0,0.043838,21.8111,56.040899653979245,0,0.0,0.0,0.0,0.0,0.0,nan
1820,12.9475,77.4035,,,,,,,,,,,0.0,0.0,0,0.0,0.045777,20.8452,57.169999999999845,0,3.0,3.0,1.0,0.0,0.0,nan
1821,12.9475,77.4125,,,,,,,,,,,0.0,0.0,0,0.0,0.047893,19.88,56.040899653979245,0,0.0,0.0,0.0,0.0,0.0,nan
1822,12.9475,77.4215,,,,,,,,,,,0.0,0.0,0,0.0,0.050212,18.9157,56.040899653979245,0,0.0,0.0,0.0,0.0,0.0,nan
1823,12.9475,77.4305,,,,,,,,,,,0.0,0.0,0,0.0,0.052764,17.9524,56.040899653979245,0,0.0,0.0,0.0,0.0,0.0,nan
1824,12.9475,77.4395,,,,,,,,,,,0.0,0.0,0,0.0,0.055586,16.9903,56.040899653979245,0,0.0,0.0,0.0,0.0,0.0,nan
1825,12.9475,77.4485,,,,,,,,,,,0.0,0.0,0,0.0,0.058721,16.0296,54.57999999999993,0,0.0,0.0,0.0,0.0,0.0,nan
1826,12.9475,77.4575,,,,,,,,,,,0.0,0.0,0,0.0,0.062226,15.0705,56.040899653979245,0,0.0,0.0,0.0,0.0,0.0,nan
1827,12.9475,77.4665,,,,,,,,,,,0.0,0.0,0,0.0,0.066166,14.1134,56.040899653979245,0,0.0,0.0,0.0,0.0,0.0,nan
1828,12.9475,77.4755,,,,,,,,,,,0.0,0.0,0,0.0,0.070627,13.1588,56.040899653979245,0,0.0,0.0,0.0,0.0,0.0,nan
1829,12.9475,77.4845,,,,,,,,,,,0.0,0.0,0,0.0,0.075717,12.2071,56.040899653979245,0,0.0,0.0,0.0,0.0,0.0,nan
1830,12.9475,77.4935,,,,,,,,,,,0.0,0.0,0,0.0,0.081571,11.2592,54.57999999999993,0,167.0,51.0,3.2745,0.0,0.0,nan
1831,12.9475,77.5025,,,,,,,,,,,0.0,0.0,0,0.0,0.08837,10.3161,56.040899653979245,0,0.0,0.0,0.0,0.0,0.0,nan
1832,12.9475,77.5115,,,,,,,,,,,0.0,0.0,0,0.0,0.096347,9.3792,56.040899653979245,0,0.0,0.0,0.0,0.0,0.0,nan
1833,12.9475,77.5205,,,,,,,,,,,0.0,0.0,0,0.0,0.105813,8.4506,56.040899653979245,0,0.0,0.0,0.0,0.0,0.0,nan
1834,12.9475,77.5295,,,,,,,,,,,0.0,0.0,0,0.0,0.117188,7.5333,56.040899653979245,0,0.0,0.0,0.0,0.0,0.0,nan
1835,12.9475,77.5385,,,,,,,,,,,0.0,0.0,0,0.0,0.131024,6.6322,20.720000000000255,0,0.0,0.0,0.0,0.0,0.0,nan
1836,12.9475,77.5475,,,,,,,,,,,0.0,0.0,0,0.0,0.148045,5.7547,56.040899653979245,0,0.0,0.0,0.0,0.0,0.0,nan
1837,12.9475,77.5565,,,,,,,,,,,0.0,0.0,0,0.0,0.169102,4.9136,56.040899653979245,0,0.0,0.0,0.0,0.0,0.0,nan
1838,12.9475,77.5655,,,,,,,,,,,0.0,0.0,0,0.0,0.19489,4.1311,56.040899653979245,0,0.0,0.0,0.0,0.0,0.0,nan
1839,12.9475,77.5745,,,,,,,,,,,0.0,0.0,0,0.0,0.224856,3.4473,56.040899653979245,0,0.0,0.0,0.0,0.0,0.0,nan
1840,12.9475,77.5835,,,,,,,,,,,0.0,0.0,0,0.0,0.254311,2.9322,20.720000000000255,0,84492.0,65.0,1299.8769,0.0,0.0,nan
1841,12.9475,77.5925,,,,,,,,,,,0.0,0.0,0,0.0,0.271393,2.6847,56.040899653979245,0,0.0,0.0,0.0,0.0,0.0,nan
1842,12.9475,77.6015,,,,,,,,,,,0.0,0.0,0,0.0,0.264739,2.7773,56.040899653979245,0,0.0,0.0,0.0,0.0,0.0,nan
1843,12.9475,77.6105,,,,,,,,,,,0.0,0.0,0,0.0,0.239212,3.1804,56.040899653979245,0,0.0,0.0,0.0,0.0,0.0,nan
1844,12.9475,77.6195,,,,,,,,,,,0.0,0.0,0,0.0,0.208494,3.7963,56.040899653979245,0,0.0,0.0,0.0,0.0,0.0,nan
1845,12.9475,77.6285,,,,,,,,,,,0.0,0.0,0,0.0,0.180531,4.5392,10.729999999999905,0,0.0,0.0,0.0,0.0,0.0,nan
1846,12.9475,77.6375,,,,,,,,,,,0.0,0.0,0,0.0,0.157317,5.3566,56.040899653979245,0,0.0,0.0,0.0,0.0,0.0,nan
1847,12.9475,77.6465,,,,,,,,,,,0.0,0.0,0,0.0,0.13852,6.2192,56.040899653979245,0,0.0,0.0,0.0,0.0,0.0,nan
1848,12.9475,77.6555,,,,,,,,,,,0.0,0.0,0,0.0,0.123298,7.1104,56.040899653979245,0,0.0,0.0,0.0,0.0,0.0,nan
1849,12.9475,77.6645,,,,,,,,,,,0.0,0.0,0,0.0,0.110854,8.0209,56.040899653979245,0,0.0,0.0,0.0,0.0,0.0,nan
1850,12.9475,77.6735,,,,,,,,,,,0.0,0.0,0,0.0,0.100557,8.9446,10.729999999999905,0,121.0,47.0,2.5745,0.0,0.0,nan
1851,12.9475,77.6825,,,,,,,,,,,0.0,0.0,0,0.0,0.091929,9.878,56.040899653979245,0,0.0,0.0,0.0,0.0,0.0,nan
1852,12.9475,77.6915,,,,,,,,,,,0.0,0.0,0,0.0,0.084614,10.8184,56.040899653979245,0,0.0,0.0,0.0,0.0,0.0,nan
1853,12.9475,77.7005,,,,,,,,,,,0.0,0.0,0,0.0,0.078344,11.7642,56.040899653979245,0,0.0,0.0,0.0,0.0,0.0,nan
1854,12.9475,77.7095,,,,,,,,,,,0.0,0.0,0,0.0,0.072917,12.7143,56.040899653979245,0,0.0,0.0,0.0,0.0,0.0,nan
1855,12.9475,77.7185,,,,,,,,,,,0.0,0.0,0,0.0,0.068177,13.6676,34.229999999999905,0,0.0,0.0,0.0,0.0,0.0,nan
1856,12.9475,77.7275,,,,,,,,,,,0.0,0.0,0,0.0,0.064006,14.6236,56.040899653979245,0,0.0,0.0,0.0,0.0,0.0,nan
1857,12.9475,77.7365,,,,,,,,,,,0.0,0.0,0,0.0,0.060307,15.5818,56.040899653979245,0,0.0,0.0,0.0,0.0,0.0,nan
1858,12.9475,77.7455,,,,,,,,,,,0.0,0.0,0,0.0,0.057007,16.5418,56.040899653979245,0,0.0,0.0,0.0,0.0,0.0,nan
1859,12.9475,77.7545,,,,,,,,,,,0.0,0.0,0,0.0,0.054044,17.5033,56.040899653979245,0,0.0,0.0,0.0,0.0,0.0,nan
1860,12.9475,77.7635,,,,,,,,,,,0.0,0.0,0,0.0,0.051372,18.466,34.229999999999905,0,1.0,1.0,1.0,0.0,0.0,nan
1861,12.9475,77.7725,,,,,,,,,,,0.0,0.0,0,0.0,0.048948,19.4299,56.040899653979245,0,0.0,0.0,0.0,0.0,0.0,nan
1862,12.9475,77.7815,,,,,,,,,,,0.0,0.0,0,0.0,0.046741,20.3947,56.040899653979245,0,0.0,0.0,0.0,0.0,0.0,nan
1863,12.9475,77.7905,,,,,,,,,,,0.0,0.0,0,0.0,0.044722,21.3602,56.040899653979245,0,0.0,0.0,0.0,0.0,0.0,nan
1864,12.9475,77.7995,,,,,,,,,,,0.0,0.0,0,0.0,0.04287,22.3265,56.040899653979245,0,0.0,0.0,0.0,0.0,0.0,nan
1865,12.9475,77.8085,,,,,,,,,,,0.0,0.0,0,0.0,0.041163,23.2934,74.58999999999992,0,0.0,0.0,0.0,0.0,0.0,nan
1866,12.9475,77.8175,,,,,,,,,,,0.0,0.0,0,0.0,0.039587,24.2608,56.040899653979245,0,0.0,0.0,0.0,0.0,0.0,nan
1867,12.9475,77.8265,,,,,,,,,,,0.0,0.0,0,0.0,0.038126,25.2287,56.040899653979245,0,0.0,0.0,0.0,0.0,0.0,nan
1868,12.9475,77.8355,,,,,,,,,,,0.0,0.0,0,0.0,0.036769,26.197,56.040899653979245,0,0.0,0.0,0.0,0.0,0.0,nan
1869,12.9475,77.8445,,,,,,,,,,,0.0,0.0,0,0.0,0.035504,27.1657,56.040899653979245,0,0.0,0.0,0.0,0.0,0.0,nan
1870,12.9475,77.8535,,,,,,,,,,,0.0,0.0,0,0.0,0.034323,28.1347,96.56000000000016,0,45.0,42.0,1.0714,0.0,0.0,nan
1871,12.9475,77.8625,,,,,,,,,,,0.0,0.0,0,0.0,0.033218,29.1041,56.040899653979245,0,0.0,0.0,0.0,0.0,0.0,nan
1872,12.9475,77.8715,,,,,,,,,,,0.0,0.0,0,0.0,0.032182,30.0737,56.040899653979245,0,0.0,0.0,0.0,0.0,0.0,nan
1873,12.9475,77.8805,,,,,,,,,,,0.0,0.0,0,0.0,0.031208,31.0435,56.040899653979245,0,0.0,0.0,0.0,0.0,0.0,nan
1874,12.9475,77.8895,,,,,,,,,,,0.0,0.0,0,0.0,0.030291,32.0136,56.040899653979245,0,0.0,0.0,0.0,0.0,0.0,nan
1875,12.9475,77.8985,,,,,,,,,,,0.0,0.0,0,0.0,0.029426,32.9839,100.8900000000001,0,0.0,0.0,0.0,0.0,0.0,nan
1876,12.9565,77.3045,,,,,,,,,,,0.0,0.0,0,0.0,0.030839,31.426,56.040899653979245,0,0.0,0.0,0.0,0.0,0.0,nan
1877,12.9565,77.3135,,,,,,,,,,,0.0,0.0,0,0.0,0.031793,30.4539,56.040899653979245,0,0.0,0.0,0.0,0.0,0.0,nan
1878,12.9565,77.3225,,,,,,,,,,,0.0,0.0,0,0.0,0.032806,29.4818,56.040899653979245,0,0.0,0.0,0.0,0.0,0.0,nan
1879,12.9565,77.3315,,,,,,,,,,,0.0,0.0,0,0.0,0.033887,28.5099,56.040899653979245,0,0.0,0.0,0.0,0.0,0.0,nan
1880,12.9565,77.3405,,,,,,,,,,,0.0,0.0,0,0.0,0.035041,27.5381,42.6099999999999,0,26.0,24.0,1.0833,0.0,0.0,nan
1881,12.9565,77.3495,,,,,,,,,,,0.0,0.0,0,0.0,0.036276,26.5664,56.040899653979245,0,0.0,0.0,0.0,0.0,0.0,nan
1882,12.9565,77.3585,,,,,,,,,,,0.0,0.0,0,0.0,0.037601,25.5948,56.040899653979245,0,0.0,0.0,0.0,0.0,0.0,nan
1883,12.9565,77.3675,,,,,,,,,,,0.0,0.0,0,0.0,0.039027,24.6234,56.040899653979245,0,0.0,0.0,0.0,0.0,0.0,nan
1884,12.9565,77.3765,,,,,,,,,,,0.0,0.0,0,0.0,0.040564,23.6522,56.040899653979245,0,0.0,0.0,0.0,0.0,0.0,nan
1885,12.9565,77.3855,,,,,,,,,,,0.0,0.0,0,0.0,0.042228,22.6812,57.169999999999845,0,0.0,0.0,0.0,0.0,0.0,nan
1886,12.9565,77.3945,,,,,,,,,,,0.0,0.0,0,0.0,0.044033,21.7104,56.040899653979245,0,0.0,0.0,0.0,0.0,0.0,nan
1887,12.9565,77.4035,,,,,,,,,,,0.0,0.0,0,0.0,0.045998,20.7399,56.040899653979245,0,0.0,0.0,0.0,0.0,0.0,nan
1888,12.9565,77.4125,,,,,,,,,,,0.0,0.0,0,0.0,0.048147,19.7697,56.040899653979245,0,0.0,0.0,0.0,0.0,0.0,nan
1889,12.9565,77.4215,,,,,,,,,,,0.0,0.0,0,0.0,0.050506,18.7998,56.040899653979245,0,0.0,0.0,0.0,0.0,0.0,nan
1890,12.9565,77.4305,,,,,,,,,,,0.0,0.0,0,0.0,0.053106,17.8303,57.169999999999845,0,0.0,0.0,0.0,0.0,0.0,nan
1891,12.9565,77.4395,,,,,,,,,,,0.0,0.0,0,0.0,0.055987,16.8613,56.040899653979245,0,0.0,0.0,0.0,0.0,0.0,nan
1892,12.9565,77.4485,,,,,,,,,,,0.0,0.0,0,0.0,0.059196,15.8929,56.040899653979245,0,0.0,0.0,0.0,0.0,0.0,nan
1893,12.9565,77.4575,,,,,,,,,,,0.0,0.0,0,0.0,0.062794,14.9251,56.040899653979245,0,0.0,0.0,0.0,0.0,0.0,nan
1894,12.9565,77.4665,,,,,,,,,,,0.0,0.0,0,0.0,0.066853,13.9581,56.040899653979245,0,0.0,0.0,0.0,0.0,0.0,nan
1895,12.9565,77.4755,,,,,,,,,,,0.0,0.0,0,0.0,0.071469,12.9921,54.57999999999993,0,0.0,0.0,0.0,0.0,0.0,nan
1896,12.9565,77.4845,,,,,,,,,,,0.0,0.0,0,0.0,0.076762,12.0273,56.040899653979245,0,0.0,0.0,0.0,0.0,0.0,nan
1897,12.9565,77.4935,,,,,,,,,,,0.0,0.0,0,0.0,0.082891,11.0641,56.040899653979245,0,0.0,0.0,0.0,0.0,0.0,nan
1898,12.9565,77.5025,,,,,,,,,,,0.0,0.0,0,0.0,0.090067,10.1028,56.040899653979245,0,0.0,0.0,0.0,0.0,0.0,nan
1899,12.9565,77.5115,,,,,,,,,,,0.0,0.0,0,0.0,0.098578,9.1442,56.040899653979245,0,0.0,0.0,0.0,0.0,0.0,nan
1900,12.9565,77.5205,,,,,,,,,,,0.0,0.0,0,0.0,0.108825,8.1891,56.040899653979245,0,92.0,36.0,2.5556,0.0,0.0,nan
1901,12.9565,77.5295,,,,,,,,,,,0.0,0.0,0,0.0,0.121377,7.2388,56.040899653979245,0,0.0,0.0,0.0,0.0,0.0,nan
1902,12.9565,77.5385,,,,,,,,,,,0.0,0.0,0,0.0,0.137065,6.2958,56.040899653979245,0,0.0,0.0,0.0,0.0,0.0,nan
1903,12.9565,77.5475,,,,,,,,,,,0.0,0.0,0,0.0,0.157144,5.3636,56.040899653979245,0,0.0,0.0,0.0,0.0,0.0,nan
1904,12.9565,77.5565,,,,,,,,,,,0.0,0.0,0,0.0,0.183513,4.4492,56.040899653979245,0,0.0,0.0,0.0,0.0,0.0,nan
1905,12.9565,77.5655,,,,,,,,,,,0.0,0.0,0,0.0,0.218996,3.5663,56.040899653979245,0,0.0,0.0,0.0,0.0,0.0,nan
1906,12.9565,77.5745,,,,,,,,,,,0.0,0.0,0,0.0,0.267001,2.7453,56.040899653979245,0,0.0,0.0,0.0,0.0,0.0,nan
1907,12.9565,77.5835,,,,,,,,,,,0.0,0.0,0,0.0,0.326605,2.0618,56.040899653979245,0,0.0,0.0,0.0,0.0,0.0,nan
1908,12.9565,77.5925,,,,,,,,,,,0.0,0.0,0,0.0,0.371554,1.6914,56.040899653979245,0,0.0,0.0,0.0,0.0,0.0,nan
1909,12.9565,77.6015,,,,,,,,,,,0.0,0.0,0,0.0,0.352759,1.8348,56.040899653979245,0,0.0,0.0,0.0,0.0,0.0,nan
1910,12.9565,77.6105,,,,,,,,,,,0.0,0.0,0,0.0,0.293979,2.4016,56.040899653979245,0,30.0,21.0,1.4286,0.0,0.0,nan
1911,12.9565,77.6195,,,,,,,,,,,0.0,0.0,0,0.0,0.23967,3.1724,56.040899653979245,0,0.0,0.0,0.0,0.0,0.0,nan
1912,12.9565,77.6285,,,,,,,,,,,0.0,0.0,0,0.0,0.198728,4.032,56.040899653979245,0,0.0,0.0,0.0,0.0,0.0,nan
1913,12.9565,77.6375,,,,,,,,,,,0.0,0.0,0,0.0,0.168518,4.9341,56.040899653979245,0,0.0,0.0,0.0,0.0,0.0,nan
1914,12.9565,77.6465,,,,,,,,,,,0.0,0.0,0,0.0,0.145792,5.8591,56.040899653979245,0,0.0,0.0,0.0,0.0,0.0,nan
1915,12.9565,77.6555,,,,,,,,,,,0.0,0.0,0,0.0,0.128243,6.7977,56.040899653979245,0,0.0,0.0,0.0,0.0,0.0,nan
1916,12.9565,77.6645,,,,,,,,,,,0.0,0.0,0,0.0,0.114352,7.7449,56.040899653979245,0,0.0,0.0,0.0,0.0,0.0,nan
1917,12.9565,77.6735,,,,,,,,,,,0.0,0.0,0,0.0,0.103115,8.6979,56.040899653979245,0,0.0,0.0,0.0,0.0,0.0,nan
1918,12.9565,77.6825,,,,,,,,,,,0.0,0.0,0,0.0,0.093852,9.6551,56.040899653979245,0,0.0,0.0,0.0,0.0,0.0,nan
1919,12.9565,77.6915,,,,,,,,,,,0.0,0.0,0,0.0,0.086094,10.6152,56.040899653979245,0,0.0,0.0,0.0,0.0,0.0,nan
1920,12.9565,77.7005,,,,,,,,,,,0.0,0.0,0,0.0,0.079506,11.5776,56.040899653979245,0,81.0,28.0,2.8929,0.0,0.0,nan
1921,12.9565,77.7095,,,,,,,,,,,0.0,0.0,0,0.0,0.073846,12.5417,56.040899653979245,0,0.0,0.0,0.0,0.0,0.0,nan
1922,12.9565,77.7185,,,,,,,,,,,0.0,0.0,0,0.0,0.068931,13.5072,56.040899653979245,0,0.0,0.0,0.0,0.0,0.0,nan
1923,12.9565,77.7275,,,,,,,,,,,0.0,0.0,0,0.0,0.064626,14.4737,56.040899653979245,0,0.0,0.0,0.0,0.0,0.0,nan
1924,12.9565,77.7365,,,,,,,,,,,0.0,0.0,0,0.0,0.060823,15.4411,56.040899653979245,0,0.0,0.0,0.0,0.0,0.0,nan
1925,12.9565,77.7455,,,,,,,,,,,0.0,0.0,0,0.0,0.057441,16.4093,56.040899653979245,0,0.0,0.0,0.0,0.0,0.0,nan
1926,12.9565,77.7545,,,,,,,,,,,0.0,0.0,0,0.0,0.054413,17.378,56.040899653979245,0,0.0,0.0,0.0,0.0,0.0,nan
1927,12.9565,77.7635,,,,,,,,,,,0.0,0.0,0,0.0,0.051687,18.3473,56.040899653979245,0,0.0,0.0,0.0,0.0,0.0,nan
1928,12.9565,77.7725,,,,,,,,,,,0.0,0.0,0,0.0,0.04922,19.317,56.040899653979245,0,0.0,0.0,0.0,0.0,0.0,nan
1929,12.9565,77.7815,,,,,,,,,,,0.0,0.0,0,0.0,0.046977,20.2871,56.040899653979245,0,0.0,0.0,0.0,0.0,0.0,nan
1930,12.9565,77.7905,,,,,,,,,,,0.0,0.0,0,0.0,0.044929,21.2575,56.040899653979245,0,0.0,0.0,0.0,0.0,0.0,nan
1931,12.9565,77.7995,,,,,,,,,,,0.0,0.0,0,0.0,0.043051,22.2281,56.040899653979245,0,0.0,0.0,0.0,0.0,0.0,nan
1932,12.9565,77.8085,,,,,,,,,,,0.0,0.0,0,0.0,0.041324,23.199,56.040899653979245,0,0.0,0.0,0.0,0.0,0.0,nan
1933,12.9565,77.8175,,,,,,,,,,,0.0,0.0,0,0.0,0.03973,24.1702,56.040899653979245,0,0.0,0.0,0.0,0.0,0.0,nan
1934,12.9565,77.8265,,,,,,,,,,,0.0,0.0,0,0.0,0.038253,25.1415,56.040899653979245,0,0.0,0.0,0.0,0.0,0.0,nan
1935,12.9565,77.8355,,,,,,,,,,,0.0,0.0,0,0.0,0.036883,26.113,56.040899653979245,0,0.0,0.0,0.0,0.0,0.0,nan
1936,12.9565,77.8445,,,,,,,,,,,0.0,0.0,0,0.0,0.035607,27.0846,56.040899653979245,0,0.0,0.0,0.0,0.0,0.0,nan
1937,12.9565,77.8535,,,,,,,,,,,0.0,0.0,0,0.0,0.034416,28.0564,56.040899653979245,0,0.0,0.0,0.0,0.0,0.0,nan
1938,12.9565,77.8625,,,,,,,,,,,0.0,0.0,0,0.0,0.033302,29.0282,56.040899653979245,0,0.0,0.0,0.0,0.0,0.0,nan
1939,12.9565,77.8715,,,,,,,,,,,0.0,0.0,0,0.0,0.032258,30.0002,56.040899653979245,0,0.0,0.0,0.0,0.0,0.0,nan
1940,12.9565,77.8805,,,,,,,,,,,0.0,0.0,0,0.0,0.031277,30.9723,56.040899653979245,0,0.0,0.0,0.0,0.0,0.0,nan
1941,12.9565,77.8895,,,,,,,,,,,0.0,0.0,0,0.0,0.030354,31.9445,56.040899653979245,0,0.0,0.0,0.0,0.0,0.0,nan
1942,12.9565,77.8985,,,,,,,,,,,0.0,0.0,0,0.0,0.029484,32.9168,56.040899653979245,0,0.0,0.0,0.0,0.0,0.0,nan
1943,12.9655,77.3045,,,,,,,,,,,0.0,0.0,0,0.0,0.030876,31.3874,56.040899653979245,0,0.0,0.0,0.0,0.0,0.0,nan
1944,12.9655,77.3135,,,,,,,,,,,0.0,0.0,0,0.0,0.031833,30.4142,56.040899653979245,0,0.0,0.0,0.0,0.0,0.0,nan
1945,12.9655,77.3225,,,,,,,,,,,0.0,0.0,0,0.0,0.032851,29.4409,56.040899653979245,0,0.0,0.0,0.0,0.0,0.0,nan
1946,12.9655,77.3315,,,,,,,,,,,0.0,0.0,0,0.0,0.033936,28.4676,56.040899653979245,0,0.0,0.0,0.0,0.0,0.0,nan
1947,12.9655,77.3405,,,,,,,,,,,0.0,0.0,0,0.0,0.035095,27.4944,56.040899653979245,0,0.0,0.0,0.0,0.0,0.0,nan
1948,12.9655,77.3495,,,,,,,,,,,0.0,0.0,0,0.0,0.036336,26.5211,56.040899653979245,0,0.0,0.0,0.0,0.0,0.0,nan
1949,12.9655,77.3585,,,,,,,,,,,0.0,0.0,0,0.0,0.037668,25.5479,56.040899653979245,0,0.0,0.0,0.0,0.0,0.0,nan
1950,12.9655,77.3675,,,,,,,,,,,0.0,0.0,0,0.0,0.039101,24.5748,56.040899653979245,0,0.0,0.0,0.0,0.0,0.0,nan
1951,12.9655,77.3765,,,,,,,,,,,0.0,0.0,0,0.0,0.040648,23.6016,56.040899653979245,0,0.0,0.0,0.0,0.0,0.0,nan
1952,12.9655,77.3855,,,,,,,,,,,0.0,0.0,0,0.0,0.042322,22.6285,56.040899653979245,0,0.0,0.0,0.0,0.0,0.0,nan
1953,12.9655,77.3945,,,,,,,,,,,0.0,0.0,0,0.0,0.04414,21.6554,56.040899653979245,0,0.0,0.0,0.0,0.0,0.0,nan
1954,12.9655,77.4035,,,,,,,,,,,0.0,0.0,0,0.0,0.04612,20.6824,56.040899653979245,0,0.0,0.0,0.0,0.0,0.0,nan
1955,12.9655,77.4125,,,,,,,,,,,0.0,0.0,0,0.0,0.048287,19.7094,56.040899653979245,0,0.0,0.0,0.0,0.0,0.0,nan
1956,12.9655,77.4215,,,,,,,,,,,0.0,0.0,0,0.0,0.050668,18.7365,56.040899653979245,0,0.0,0.0,0.0,0.0,0.0,nan
1957,12.9655,77.4305,,,,,,,,,,,0.0,0.0,0,0.0,0.053295,17.7636,56.040899653979245,0,0.0,0.0,0.0,0.0,0.0,nan
1958,12.9655,77.4395,,,,,,,,,,,0.0,0.0,0,0.0,0.056209,16.7908,56.040899653979245,0,0.0,0.0,0.0,0.0,0.0,nan
1959,12.9655,77.4485,,,,,,,,,,,0.0,0.0,0,0.0,0.05946,15.8181,56.040899653979245,0,0.0,0.0,0.0,0.0,0.0,nan
1960,12.9655,77.4575,,,,,,,,,,,0.0,0.0,0,0.0,0.063109,14.8456,56.040899653979245,0,13087.0,75.0,174.4933,0.0,0.0,nan
1961,12.9655,77.4665,,,,,,,,,,,0.0,0.0,0,0.0,0.067235,13.8731,56.040899653979245,0,0.0,0.0,0.0,0.0,0.0,nan
1962,12.9655,77.4755,,,,,,,,,,,0.0,0.0,0,0.0,0.071938,12.9008,56.040899653979245,0,0.0,0.0,0.0,0.0,0.0,nan
1963,12.9655,77.4845,,,,,,,,,,,0.0,0.0,0,0.0,0.077347,11.9288,56.040899653979245,0,0.0,0.0,0.0,0.0,0.0,nan
1964,12.9655,77.4935,,,,,,,,,,,0.0,0.0,0,0.0,0.083634,10.9569,56.040899653979245,0,0.0,0.0,0.0,0.0,0.0,nan
1965,12.9655,77.5025,,,,,,,,,,,0.0,0.0,0,0.0,0.09103,9.9854,56.040899653979245,0,0.0,0.0,0.0,0.0,0.0,nan
1966,12.9655,77.5115,,,,,,,,,,,0.0,0.0,0,0.0,0.099856,9.0144,56.040899653979245,0,0.0,0.0,0.0,0.0,0.0,nan
1967,12.9655,77.5205,,,,,,,,,,,0.0,0.0,0,0.0,0.110571,8.044,56.040899653979245,0,0.0,0.0,0.0,0.0,0.0,nan
1968,12.9655,77.5295,,,,,,,,,,,0.0,0.0,0,0.0,0.123848,7.0744,56.040899653979245,0,0.0,0.0,0.0,0.0,0.0,nan
1969,12.9655,77.5385,,,,,,,,,,,0.0,0.0,0,0.0,0.140726,6.106,56.040899653979245,0,0.0,0.0,0.0,0.0,0.0,nan
1970,12.9655,77.5475,,,,,,,,,,,0.0,0.0,0,0.0,0.162877,5.1396,56.040899653979245,0,34.0,13.0,2.6154,0.0,0.0,nan
1971,12.9655,77.5565,,,,,,,,,,,0.0,0.0,0,0.0,0.193181,4.1765,56.040899653979245,0,0.0,0.0,0.0,0.0,0.0,nan
1972,12.9655,77.5655,,,,,,,,,,,0.0,0.0,0,0.0,0.236978,3.2198,56.040899653979245,0,0.0,0.0,0.0,0.0,0.0,nan
1973,12.9655,77.5745,,,,,,,,,,,0.0,0.0,0,0.0,0.305139,2.2772,56.040899653979245,0,0.0,0.0,0.0,0.0,0.0,nan
1974,12.9655,77.5835,,,,,,,,,,,0.0,0.0,0,0.0,0.420451,1.3784,56.040899653979245,0,0.0,0.0,0.0,0.0,0.0,nan
1975,12.9655,77.5925,,,,,,,,,,,0.0,0.0,0,0.0,0.583363,0.7142,56.040899653979245,0,0.0,0.0,0.0,0.0,0.0,nan
1976,12.9655,77.6015,,,,,,,,,,,0.0,0.0,0,0.0,0.498082,1.0077,56.040899653979245,0,0.0,0.0,0.0,0.0,0.0,nan
1977,12.9655,77.6105,,,,,,,,,,,0.0,0.0,0,0.0,0.351074,1.8484,56.040899653979245,0,0.0,0.0,0.0,0.0,0.0,nan
1978,12.9655,77.6195,,,,,,,,,,,0.0,0.0,0,0.0,0.264746,2.7772,56.040899653979245,0,0.0,0.0,0.0,0.0,0.0,nan
1979,12.9655,77.6285,,,,,,,,,,,0.0,0.0,0,0.0,0.211461,3.729,56.040899653979245,0,0.0,0.0,0.0,0.0,0.0,nan
1980,12.9655,77.6375,,,,,,,,,,,0.0,0.0,0,0.0,0.175759,4.6896,56.040899653979245,0,427.0,69.0,6.1884,0.0,0.0,nan
1981,12.9655,77.6465,,,,,,,,,,,0.0,0.0,0,0.0,0.15027,5.6547,56.040899653979245,0,0.0,0.0,0.0,0.0,0.0,nan
1982,12.9655,77.6555,,,,,,,,,,,0.0,0.0,0,0.0,0.131194,6.6223,56.040899653979245,0,0.0,0.0,0.0,0.0,0.0,nan
1983,12.9655,77.6645,,,,,,,,,,,0.0,0.0,0,0.0,0.116397,7.5913,56.040899653979245,0,0.0,0.0,0.0,0.0,0.0,nan
1984,12.9655,77.6735,,,,,,,,,,,0.0,0.0,0,0.0,0.104587,8.5614,56.040899653979245,0,0.0,0.0,0.0,0.0,0.0,nan
1985,12.9655,77.6825,,,,,,,,,,,0.0,0.0,0,0.0,0.094947,9.5322,56.040899653979245,0,0.0,0.0,0.0,0.0,0.0,nan
1986,12.9655,77.6915,,,,,,,,,,,0.0,0.0,0,0.0,0.08693,10.5035,56.040899653979245,0,0.0,0.0,0.0,0.0,0.0,nan
1987,12.9655,77.7005,,,,,,,,,,,0.0,0.0,0,0.0,0.080159,11.4752,56.040899653979245,0,0.0,0.0,0.0,0.0,0.0,nan
1988,12.9655,77.7095,,,,,,,,,,,0.0,0.0,0,0.0,0.074365,12.4472,56.040899653979245,0,0.0,0.0,0.0,0.0,0.0,nan
1989,12.9655,77.7185,,,,,,,,,,,0.0,0.0,0,0.0,0.069351,13.4194,56.040899653979245,0,0.0,0.0,0.0,0.0,0.0,nan
1990,12.9655,77.7275,,,,,,,,,,,0.0,0.0,0,0.0,0.06497,14.3917,56.040899653979245,0,466.0,65.0,7.1692,0.0,0.0,nan
1991,12.9655,77.7365,,,,,,,,,,,0.0,0.0,0,0.0,0.061109,15.3643,56.040899653979245,0,0.0,0.0,0.0,0.0,0.0,nan
1992,12.9655,77.7455,,,,,,,,,,,0.0,0.0,0,0.0,0.05768,16.3369,56.040899653979245,0,0.0,0.0,0.0,0.0,0.0,nan
1993,12.9655,77.7545,,,,,,,,,,,0.0,0.0,0,0.0,0.054616,17.3096,56.040899653979245,0,0.0,0.0,0.0,0.0,0.0,nan
1994,12.9655,77.7635,,,,,,,,,,,0.0,0.0,0,0.0,0.05186,18.2825,56.040899653979245,0,0.0,0.0,0.0,0.0,0.0,nan
1995,12.9655,77.7725,,,,,,,,,,,0.0,0.0,0,0.0,0.04937,19.2554,56.040899653979245,0,0.0,0.0,0.0,0.0,0.0,nan
1996,12.9655,77.7815,,,,,,,,,,,0.0,0.0,0,0.0,0.047107,20.2283,56.040899653979245,0,0.0,0.0,0.0,0.0,0.0,nan
1997,12.9655,77.7905,,,,,,,,,,,0.0,0.0,0,0.0,0.045042,21.2013,56.040899653979245,0,0.0,0.0,0.0,0.0,0.0,nan
1998,12.9655,77.7995,,,,,,,,,,,0.0,0.0,0,0.0,0.043151,22.1744,56.040899653979245,0,0.0,0.0,0.0,0.0,0.0,nan
1999,12.9655,77.8085,,,,,,,,,,,0.0,0.0,0,0.0,0.041412,23.1475,56.040899653979245,0,0.0,0.0,0.0,0.0,0.0,nan
2000,12.9655,77.8175,,,,,,,,,,,0.0,0.0,0,0.0,0.039808,24.1206,56.040899653979245,0,0.0,0.0,0.0,0.0,0.0,nan
2001,12.9655,77.8265,,,,,,,,,,,0.0,0.0,0,0.0,0.038323,25.0938,56.040899653979245,0,0.0,0.0,0.0,0.0,0.0,nan
2002,12.9655,77.8355,,,,,,,,,,,0.0,0.0,0,0.0,0.036945,26.067,56.040899653979245,0,0.0,0.0,0.0,0.0,0.0,nan
2003,12.9655,77.8445,,,,,,,,,,,0.0,0.0,0,0.0,0.035663,27.0402,56.040899653979245,0,0.0,0.0,0.0,0.0,0.0,nan
2004,12.9655,77.8535,,,,,,,,,,,0.0,0.0,0,0.0,0.034467,28.0134,56.040899653979245,0,0.0,0.0,0.0,0.0,0.0,nan
2005,12.9655,77.8625,,,,,,,,,,,0.0,0.0,0,0.0,0.033348,28.9867,56.040899653979245,0,0.0,0.0,0.0,0.0,0.0,nan
2006,12.9655,77.8715,,,,,,,,,,,0.0,0.0,0,0.0,0.0323,29.96,56.040899653979245,0,0.0,0.0,0.0,0.0,0.0,nan
2007,12.9655,77.8805,,,,,,,,,,,0.0,0.0,0,0.0,0.031315,30.9332,56.040899653979245,0,0.0,0.0,0.0,0.0,0.0,nan
2008,12.9655,77.8895,,,,,,,,,,,0.0,0.0,0,0.0,0.030389,31.9065,56.040899653979245,0,0.0,0.0,0.0,0.0,0.0,nan
2009,12.9655,77.8985,,,,,,,,,,,0.0,0.0,0,0.0,0.029516,32.8799,56.040899653979245,0,0.0,0.0,0.0,0.0,0.0,nan
2010,12.9745,77.3045,,,,,,,,,,,0.0,0.0,0,0.0,0.030883,31.3807,56.040899653979245,0,5.0,5.0,1.0,0.0,0.0,nan
2011,12.9745,77.3135,,,,,,,,,,,0.0,0.0,0,0.0,0.03184,30.4072,56.040899653979245,0,0.0,0.0,0.0,0.0,0.0,nan
2012,12.9745,77.3225,,,,,,,,,,,0.0,0.0,0,0.0,0.032858,29.4338,56.040899653979245,0,0.0,0.0,0.0,0.0,0.0,nan
2013,12.9745,77.3315,,,,,,,,,,,0.0,0.0,0,0.0,0.033944,28.4603,56.040899653979245,0,0.0,0.0,0.0,0.0,0.0,nan
2014,12.9745,77.3405,,,,,,,,,,,0.0,0.0,0,0.0,0.035104,27.4869,56.040899653979245,0,0.0,0.0,0.0,0.0,0.0,nan
2015,12.9745,77.3495,,,,,,,,,,,0.0,0.0,0,0.0,0.036346,26.5135,56.040899653979245,0,0.0,0.0,0.0,0.0,0.0,nan
2016,12.9745,77.3585,,,,,,,,,,,0.0,0.0,0,0.0,0.037679,25.5401,56.040899653979245,0,0.0,0.0,0.0,0.0,0.0,nan
2017,12.9745,77.3675,,,,,,,,,,,0.0,0.0,0,0.0,0.039114,24.5666,56.040899653979245,0,0.0,0.0,0.0,0.0,0.0,nan
2018,12.9745,77.3765,,,,,,,,,,,0.0,0.0,0,0.0,0.040662,23.5932,56.040899653979245,0,0.0,0.0,0.0,0.0,0.0,nan
2019,12.9745,77.3855,,,,,,,,,,,0.0,0.0,0,0.0,0.042337,22.6198,56.040899653979245,0,0.0,0.0,0.0,0.0,0.0,nan
2020,12.9745,77.3945,,,,,,,,,,,0.0,0.0,0,0.0,0.044157,21.6464,56.040899653979245,0,6.0,6.0,1.0,0.0,0.0,nan
2021,12.9745,77.4035,,,,,,,,,,,0.0,0.0,0,0.0,0.04614,20.6731,56.040899653979245,0,0.0,0.0,0.0,0.0,0.0,nan
2022,12.9745,77.4125,,,,,,,,,,,0.0,0.0,0,0.0,0.04831,19.6997,56.040899653979245,0,0.0,0.0,0.0,0.0,0.0,nan
2023,12.9745,77.4215,,,,,,,,,,,0.0,0.0,0,0.0,0.050694,18.7263,56.040899653979245,0,0.0,0.0,0.0,0.0,0.0,nan
2024,12.9745,77.4305,,,,,,,,,,,0.0,0.0,0,0.0,0.053325,17.753,56.040899653979245,0,0.0,0.0,0.0,0.0,0.0,nan
2025,12.9745,77.4395,,,,,,,,,,,0.0,0.0,0,0.0,0.056244,16.7797,56.040899653979245,0,0.0,0.0,0.0,0.0,0.0,nan
2026,12.9745,77.4485,,,,,,,,,,,0.0,0.0,0,0.0,0.059501,15.8064,56.040899653979245,0,0.0,0.0,0.0,0.0,0.0,nan
2027,12.9745,77.4575,,,,,,,,,,,0.0,0.0,0,0.0,0.063159,14.8331,56.040899653979245,0,0.0,0.0,0.0,0.0,0.0,nan
2028,12.9745,77.4665,,,,,,,,,,,0.0,0.0,0,0.0,0.067296,13.8598,56.040899653979245,0,0.0,0.0,0.0,0.0,0.0,nan
2029,12.9745,77.4755,,,,,,,,,,,0.0,0.0,0,0.0,0.072012,12.8866,56.040899653979245,0,0.0,0.0,0.0,0.0,0.0,nan
2030,12.9745,77.4845,,,,,,,,,,,0.0,0.0,0,0.0,0.077439,11.9134,56.040899653979245,0,177.0,57.0,3.1053,0.0,0.0,nan
2031,12.9745,77.4935,,,,,,,,,,,0.0,0.0,0,0.0,0.08375,10.9403,56.040899653979245,0,0.0,0.0,0.0,0.0,0.0,nan
2032,12.9745,77.5025,,,,,,,,,,,0.0,0.0,0,0.0,0.09118,9.9673,56.040899653979245,0,0.0,0.0,0.0,0.0,0.0,nan
2033,12.9745,77.5115,,,,,,,,,,,0.0,0.0,0,0.0,0.100056,8.9944,56.040899653979245,0,0.0,0.0,0.0,0.0,0.0,nan
2034,12.9745,77.5205,,,,,,,,,,,0.0,0.0,0,0.0,0.110845,8.0216,56.040899653979245,0,0.0,0.0,0.0,0.0,0.0,nan
2035,12.9745,77.5295,,,,,,,,,,,0.0,0.0,0,0.0,0.124239,7.049,56.040899653979245,0,0.0,0.0,0.0,0.0,0.0,nan
2036,12.9745,77.5385,,,,,,,,,,,0.0,0.0,0,0.0,0.141309,6.0767,56.040899653979245,0,0.0,0.0,0.0,0.0,0.0,nan
2037,12.9745,77.5475,,,,,,,,,,,0.0,0.0,0,0.0,0.163806,5.1048,56.040899653979245,0,0.0,0.0,0.0,0.0,0.0,nan
2038,12.9745,77.5565,,,,,,,,,,,0.0,0.0,0,0.0,0.194791,4.1337,56.040899653979245,0,0.0,0.0,0.0,0.0,0.0,nan
2039,12.9745,77.5655,,,,,,,,,,,0.0,0.0,0,0.0,0.240148,3.1641,56.040899653979245,0,0.0,0.0,0.0,0.0,0.0,nan
2040,12.9745,77.5745,,,,,,,,,,,0.0,0.0,0,0.0,0.312715,2.1978,56.040899653979245,0,388.0,24.0,16.1667,0.0,0.0,nan
2041,12.9745,77.5835,,,,,,,,,,,0.0,0.0,0,0.0,0.445831,1.243,56.040899653979245,0,0.0,0.0,0.0,0.0,0.0,nan
2042,12.9745,77.5925,,,,,,,,,,,0.0,0.0,0,0.0,0.71736,0.394,56.040899653979245,0,0.0,0.0,0.0,0.0,0.0,nan
2043,12.9745,77.6015,,,,,,,,,,,0.0,0.0,0,0.0,0.551633,0.8128,56.040899653979245,0,0.0,0.0,0.0,0.0,0.0,nan
2044,12.9745,77.6105,,,,,,,,,,,0.0,0.0,0,0.0,0.363676,1.7497,56.040899653979245,0,0.0,0.0,0.0,0.0,0.0,nan
2045,12.9745,77.6195,,,,,,,,,,,0.0,0.0,0,0.0,0.26936,2.7125,56.040899653979245,0,0.0,0.0,0.0,0.0,0.0,nan
2046,12.9745,77.6285,,,,,,,,,,,0.0,0.0,0,0.0,0.213634,3.6809,56.040899653979245,0,0.0,0.0,0.0,0.0,0.0,nan
2047,12.9745,77.6375,,,,,,,,,,,0.0,0.0,0,0.0,0.176944,4.6515,56.040899653979245,0,0.0,0.0,0.0,0.0,0.0,nan
2048,12.9745,77.6465,,,,,,,,,,,0.0,0.0,0,0.0,0.150989,5.623,56.040899653979245,0,0.0,0.0,0.0,0.0,0.0,nan
2049,12.9745,77.6555,,,,,,,,,,,0.0,0.0,0,0.0,0.131662,6.5952,56.040899653979245,0,0.0,0.0,0.0,0.0,0.0,nan
2050,12.9745,77.6645,,,,,,,,,,,0.0,0.0,0,0.0,0.116717,7.5677,56.040899653979245,0,138.0,46.0,3.0,0.0,0.0,nan
2051,12.9745,77.6735,,,,,,,,,,,0.0,0.0,0,0.0,0.104817,8.5404,56.040899653979245,0,0.0,0.0,0.0,0.0,0.0,nan
2052,12.9745,77.6825,,,,,,,,,,,0.0,0.0,0,0.0,0.095118,9.5133,56.040899653979245,0,0.0,0.0,0.0,0.0,0.0,nan
2053,12.9745,77.6915,,,,,,,,,,,0.0,0.0,0,0.0,0.087061,10.4862,56.040899653979245,0,0.0,0.0,0.0,0.0,0.0,nan
2054,12.9745,77.7005,,,,,,,,,,,0.0,0.0,0,0.0,0.080261,11.4593,56.040899653979245,0,0.0,0.0,0.0,0.0,0.0,nan
2055,12.9745,77.7095,,,,,,,,,,,0.0,0.0,0,0.0,0.074446,12.4325,56.040899653979245,0,0.0,0.0,0.0,0.0,0.0,nan
2056,12.9745,77.7185,,,,,,,,,,,0.0,0.0,0,0.0,0.069417,13.4057,56.040899653979245,0,0.0,0.0,0.0,0.0,0.0,nan
2057,12.9745,77.7275,,,,,,,,,,,0.0,0.0,0,0.0,0.065024,14.3789,56.040899653979245,0,0.0,0.0,0.0,0.0,0.0,nan
2058,12.9745,77.7365,,,,,,,,,,,0.0,0.0,0,0.0,0.061154,15.3522,56.040899653979245,0,0.0,0.0,0.0,0.0,0.0,nan
2059,12.9745,77.7455,,,,,,,,,,,0.0,0.0,0,0.0,0.057718,16.3255,56.040899653979245,0,0.0,0.0,0.0,0.0,0.0,nan
2060,12.9745,77.7545,,,,,,,,,,,0.0,0.0,0,0.0,0.054648,17.2988,56.040899653979245,0,21.0,14.0,1.5,0.0,0.0,nan
2061,12.9745,77.7635,,,,,,,,,,,0.0,0.0,0,0.0,0.051888,18.2721,56.040899653979245,0,0.0,0.0,0.0,0.0,0.0,nan
2062,12.9745,77.7725,,,,,,,,,,,0.0,0.0,0,0.0,0.049394,19.2455,56.040899653979245,0,0.0,0.0,0.0,0.0,0.0,nan
2063,12.9745,77.7815,,,,,,,,,,,0.0,0.0,0,0.0,0.047128,20.2188,56.040899653979245,0,0.0,0.0,0.0,0.0,0.0,nan
2064,12.9745,77.7905,,,,,,,,,,,0.0,0.0,0,0.0,0.045061,21.1922,56.040899653979245,0,0.0,0.0,0.0,0.0,0.0,nan
2065,12.9745,77.7995,,,,,,,,,,,0.0,0.0,0,0.0,0.043167,22.1656,56.040899653979245,0,0.0,0.0,0.0,0.0,0.0,nan
2066,12.9745,77.8085,,,,,,,,,,,0.0,0.0,0,0.0,0.041427,23.139,56.040899653979245,0,0.0,0.0,0.0,0.0,0.0,nan
2067,12.9745,77.8175,,,,,,,,,,,0.0,0.0,0,0.0,0.039821,24.1124,56.040899653979245,0,0.0,0.0,0.0,0.0,0.0,nan
2068,12.9745,77.8265,,,,,,,,,,,0.0,0.0,0,0.0,0.038335,25.0858,56.040899653979245,0,0.0,0.0,0.0,0.0,0.0,nan
2069,12.9745,77.8355,,,,,,,,,,,0.0,0.0,0,0.0,0.036956,26.0592,56.040899653979245,0,0.0,0.0,0.0,0.0,0.0,nan
2070,12.9745,77.8445,,,,,,,,,,,0.0,0.0,0,0.0,0.035673,27.0326,56.040899653979245,0,0.0,0.0,0.0,0.0,0.0,nan
2071,12.9745,77.8535,,,,,,,,,,,0.0,0.0,0,0.0,0.034476,28.0061,56.040899653979245,0,0.0,0.0,0.0,0.0,0.0,nan
2072,12.9745,77.8625,,,,,,,,,,,0.0,0.0,0,0.0,0.033356,28.9795,56.040899653979245,0,0.0,0.0,0.0,0.0,0.0,nan
2073,12.9745,77.8715,,,,,,,,,,,0.0,0.0,0,0.0,0.032307,29.9529,56.040899653979245,0,0.0,0.0,0.0,0.0,0.0,nan
2074,12.9745,77.8805,,,,,,,,,,,0.0,0.0,0,0.0,0.031322,30.9264,56.040899653979245,0,0.0,0.0,0.0,0.0,0.0,nan
2075,12.9745,77.8895,,,,,,,,,,,0.0,0.0,0,0.0,0.030395,31.8998,56.040899653979245,0,0.0,0.0,0.0,0.0,0.0,nan
2076,12.9745,77.8985,,,,,,,,,,,0.0,0.0,0,0.0,0.029522,32.8733,56.040899653979245,0,0.0,0.0,0.0,0.0,0.0,nan
2077,12.9835,77.3045,,,,,,,,,,,0.0,0.0,0,0.0,0.030859,31.4057,56.040899653979245,0,0.0,0.0,0.0,0.0,0.0,nan
2078,12.9835,77.3135,,,,,,,,,,,0.0,0.0,0,0.0,0.031814,30.4331,56.040899653979245,0,0.0,0.0,0.0,0.0,0.0,nan
2079,12.9835,77.3225,,,,,,,,,,,0.0,0.0,0,0.0,0.032829,29.4606,56.040899653979245,0,0.0,0.0,0.0,0.0,0.0,nan
2080,12.9835,77.3315,,,,,,,,,,,0.0,0.0,0,0.0,0.033912,28.4881,56.040899653979245,0,793.0,75.0,10.5733,0.0,0.0,nan
2081,12.9835,77.3405,,,,,,,,,,,0.0,0.0,0,0.0,0.035068,27.5158,56.040899653979245,0,0.0,0.0,0.0,0.0,0.0,nan
2082,12.9835,77.3495,,,,,,,,,,,0.0,0.0,0,0.0,0.036306,26.5435,56.040899653979245,0,0.0,0.0,0.0,0.0,0.0,nan
2083,12.9835,77.3585,,,,,,,,,,,0.0,0.0,0,0.0,0.037635,25.5712,56.040899653979245,0,0.0,0.0,0.0,0.0,0.0,nan
2084,12.9835,77.3675,,,,,,,,,,,0.0,0.0,0,0.0,0.039064,24.5991,56.040899653979245,0,0.0,0.0,0.0,0.0,0.0,nan
2085,12.9835,77.3765,,,,,,,,,,,0.0,0.0,0,0.0,0.040606,23.6271,56.040899653979245,0,0.0,0.0,0.0,0.0,0.0,nan
2086,12.9835,77.3855,,,,,,,,,,,0.0,0.0,0,0.0,0.042274,22.6553,56.040899653979245,0,0.0,0.0,0.0,0.0,0.0,nan
2087,12.9835,77.3945,,,,,,,,,,,0.0,0.0,0,0.0,0.044085,21.6835,56.040899653979245,0,0.0,0.0,0.0,0.0,0.0,nan
2088,12.9835,77.4035,,,,,,,,,,,0.0,0.0,0,0.0,0.046057,20.712,56.040899653979245,0,0.0,0.0,0.0,0.0,0.0,nan
2089,12.9835,77.4125,,,,,,,,,,,0.0,0.0,0,0.0,0.048215,19.7406,56.040899653979245,0,0.0,0.0,0.0,0.0,0.0,nan
2090,12.9835,77.4215,,,,,,,,,,,0.0,0.0,0,0.0,0.050583,18.7694,56.040899653979245,0,0.0,0.0,0.0,0.0,0.0,nan
2091,12.9835,77.4305,,,,,,,,,,,0.0,0.0,0,0.0,0.053196,17.7985,56.040899653979245,0,0.0,0.0,0.0,0.0,0.0,nan
2092,12.9835,77.4395,,,,,,,,,,,0.0,0.0,0,0.0,0.056092,16.8279,56.040899653979245,0,0.0,0.0,0.0,0.0,0.0,nan
2093,12.9835,77.4485,,,,,,,,,,,0.0,0.0,0,0.0,0.05932,15.8576,56.040899653979245,0,0.0,0.0,0.0,0.0,0.0,nan
2094,12.9835,77.4575,,,,,,,,,,,0.0,0.0,0,0.0,0.062941,14.8878,56.040899653979245,0,0.0,0.0,0.0,0.0,0.0,nan
2095,12.9835,77.4665,,,,,,,,,,,0.0,0.0,0,0.0,0.067031,13.9184,56.040899653979245,0,0.0,0.0,0.0,0.0,0.0,nan
2096,12.9835,77.4755,,,,,,,,,,,0.0,0.0,0,0.0,0.071686,12.9497,56.040899653979245,0,0.0,0.0,0.0,0.0,0.0,nan
2097,12.9835,77.4845,,,,,,,,,,,0.0,0.0,0,0.0,0.077032,11.9817,56.040899653979245,0,0.0,0.0,0.0,0.0,0.0,nan
2098,12.9835,77.4935,,,,,,,,,,,0.0,0.0,0,0.0,0.083231,11.0147,56.040899653979245,0,0.0,0.0,0.0,0.0,0.0,nan
2099,12.9835,77.5025,,,,,,,,,,,0.0,0.0,0,0.0,0.090507,10.0489,56.040899653979245,0,0.0,0.0,0.0,0.0,0.0,nan
2100,12.9835,77.5115,,,,,,,,,,,0.0,0.0,0,0.0,0.099159,9.0848,56.040899653979245,0,87.0,41.0,2.122,0.0,0.0,nan
2101,12.9835,77.5205,,,,,,,,,,,0.0,0.0,0,0.0,0.109614,8.1229,56.040899653979245,0,0.0,0.0,0.0,0.0,0.0,nan
2102,12.9835,77.5295,,,,,,,,,,,0.0,0.0,0,0.0,0.122486,7.1642,56.040899653979245,0,0.0,0.0,0.0,0.0,0.0,nan
2103,12.9835,77.5385,,,,,,,,,,,0.0,0.0,0,0.0,0.138696,6.21,56.040899653979245,0,0.0,0.0,0.0,0.0,0.0,nan
2104,12.9835,77.5475,,,,,,,,,,,0.0,0.0,0,0.0,0.15967,5.2629,56.040899653979245,0,0.0,0.0,0.0,0.0,0.0,nan
2105,12.9835,77.5565,,,,,,,,,,,0.0,0.0,0,0.0,0.187705,4.3275,56.040899653979245,0,0.0,0.0,0.0,0.0,0.0,nan
2106,12.9835,77.5655,,,,,,,,,,,0.0,0.0,0,0.0,0.226578,3.4135,56.040899653979245,0,0.0,0.0,0.0,0.0,0.0,nan
2107,12.9835,77.5745,,,,,,,,,,,0.0,0.0,0,0.0,0.282175,2.5439,56.040899653979245,0,0.0,0.0,0.0,0.0,0.0,nan
2108,12.9835,77.5835,,,,,,,,,,,0.0,0.0,0,0.0,0.359066,1.785,56.040899653979245,0,0.0,0.0,0.0,0.0,0.0,nan
2109,12.9835,77.5925,,,,,,,,,,,0.0,0.0,0,0.0,0.427296,1.3403,56.040899653979245,0,0.0,0.0,0.0,0.0,0.0,nan
2110,12.9835,77.6015,,,,,,,,,,,0.0,0.0,0,0.0,0.397267,1.5172,56.040899653979245,0,231.0,64.0,3.6094,0.0,0.0,nan
2111,12.9835,77.6105,,,,,,,,,,,0.0,0.0,0,0.0,0.315607,2.1685,56.040899653979245,0,0.0,0.0,0.0,0.0,0.0,nan
2112,12.9835,77.6195,,,,,,,,,,,0.0,0.0,0,0.0,0.250019,2.9997,56.040899653979245,0,0.0,0.0,0.0,0.0,0.0,nan
2113,12.9835,77.6285,,,,,,,,,,,0.0,0.0,0,0.0,0.20419,3.8974,56.040899653979245,0,0.0,0.0,0.0,0.0,0.0,nan
2114,12.9835,77.6375,,,,,,,,,,,0.0,0.0,0,0.0,0.171689,4.8245,56.040899653979245,0,0.0,0.0,0.0,0.0,0.0,nan
2115,12.9835,77.6465,,,,,,,,,,,0.0,0.0,0,0.0,0.147778,5.7669,56.040899653979245,0,0.0,0.0,0.0,0.0,0.0,nan
2116,12.9835,77.6555,,,,,,,,,,,0.0,0.0,0,0.0,0.129564,6.7182,56.040899653979245,0,0.0,0.0,0.0,0.0,0.0,nan
2117,12.9835,77.6645,,,,,,,,,,,0.0,0.0,0,0.0,0.115272,7.6751,56.040899653979245,0,0.0,0.0,0.0,0.0,0.0,nan
2118,12.9835,77.6735,,,,,,,,,,,0.0,0.0,0,0.0,0.103782,8.6356,56.040899653979245,0,0.0,0.0,0.0,0.0,0.0,nan
2119,12.9835,77.6825,,,,,,,,,,,0.0,0.0,0,0.0,0.09435,9.5988,56.040899653979245,0,0.0,0.0,0.0,0.0,0.0,nan
2120,12.9835,77.6915,,,,,,,,,,,0.0,0.0,0,0.0,0.086477,10.5638,56.040899653979245,0,1480.0,62.0,23.871,0.0,0.0,nan
2121,12.9835,77.7005,,,,,,,,,,,0.0,0.0,0,0.0,0.079807,11.5303,56.040899653979245,0,0.0,0.0,0.0,0.0,0.0,nan
2122,12.9835,77.7095,,,,,,,,,,,0.0,0.0,0,0.0,0.074086,12.4978,56.040899653979245,0,0.0,0.0,0.0,0.0,0.0,nan
2123,12.9835,77.7185,,,,,,,,,,,0.0,0.0,0,0.0,0.069127,13.4662,56.040899653979245,0,0.0,0.0,0.0,0.0,0.0,nan
2124,12.9835,77.7275,,,,,,,,,,,0.0,0.0,0,0.0,0.064787,14.4353,56.040899653979245,0,0.0,0.0,0.0,0.0,0.0,nan
2125,12.9835,77.7365,,,,,,,,,,,0.0,0.0,0,0.0,0.060957,15.405,56.040899653979245,0,0.0,0.0,0.0,0.0,0.0,nan
2126,12.9835,77.7455,,,,,,,,,,,0.0,0.0,0,0.0,0.057554,16.375,56.040899653979245,0,0.0,0.0,0.0,0.0,0.0,nan
2127,12.9835,77.7545,,,,,,,,,,,0.0,0.0,0,0.0,0.054509,17.3455,56.040899653979245,0,0.0,0.0,0.0,0.0,0.0,nan
2128,12.9835,77.7635,,,,,,,,,,,0.0,0.0,0,0.0,0.05177,18.3163,56.040899653979245,0,0.0,0.0,0.0,0.0,0.0,nan
2129,12.9835,77.7725,,,,,,,,,,,0.0,0.0,0,0.0,0.049292,19.2874,56.040899653979245,0,0.0,0.0,0.0,0.0,0.0,nan
2130,12.9835,77.7815,,,,,,,,,,,0.0,0.0,0,0.0,0.04704,20.2586,56.040899653979245,0,2.0,2.0,1.0,0.0,0.0,nan
2131,12.9835,77.7905,,,,,,,,,,,0.0,0.0,0,0.0,0.044984,21.2301,56.040899653979245,0,0.0,0.0,0.0,0.0,0.0,nan
2132,12.9835,77.7995,,,,,,,,,,,0.0,0.0,0,0.0,0.0431,22.2018,56.040899653979245,0,0.0,0.0,0.0,0.0,0.0,nan
2133,12.9835,77.8085,,,,,,,,,,,0.0,0.0,0,0.0,0.041367,23.1736,56.040899653979245,0,0.0,0.0,0.0,0.0,0.0,nan
2134,12.9835,77.8175,,,,,,,,,,,0.0,0.0,0,0.0,0.039769,24.1455,56.040899653979245,0,0.0,0.0,0.0,0.0,0.0,nan
2135,12.9835,77.8265,,,,,,,,,,,0.0,0.0,0,0.0,0.038288,25.1176,56.040899653979245,0,0.0,0.0,0.0,0.0,0.0,nan
2136,12.9835,77.8355,,,,,,,,,,,0.0,0.0,0,0.0,0.036914,26.0897,56.040899653979245,0,0.0,0.0,0.0,0.0,0.0,nan
2137,12.9835,77.8445,,,,,,,,,,,0.0,0.0,0,0.0,0.035635,27.062,56.040899653979245,0,0.0,0.0,0.0,0.0,0.0,nan
2138,12.9835,77.8535,,,,,,,,,,,0.0,0.0,0,0.0,0.034442,28.0343,56.040899653979245,0,0.0,0.0,0.0,0.0,0.0,nan
2139,12.9835,77.8625,,,,,,,,,,,0.0,0.0,0,0.0,0.033326,29.0068,56.040899653979245,0,0.0,0.0,0.0,0.0,0.0,nan
2140,12.9835,77.8715,,,,,,,,,,,0.0,0.0,0,0.0,0.03228,29.9792,56.040899653979245,0,0.0,0.0,0.0,0.0,0.0,nan
2141,12.9835,77.8805,,,,,,,,,,,0.0,0.0,0,0.0,0.031297,30.9518,56.040899653979245,0,0.0,0.0,0.0,0.0,0.0,nan
2142,12.9835,77.8895,,,,,,,,,,,0.0,0.0,0,0.0,0.030373,31.9244,56.040899653979245,0,0.0,0.0,0.0,0.0,0.0,nan
2143,12.9835,77.8985,,,,,,,,,,,0.0,0.0,0,0.0,0.029501,32.897,56.040899653979245,0,0.0,0.0,0.0,0.0,0.0,nan
2144,12.9925,77.3045,,,,,,,,,,,0.0,0.0,0,0.0,0.030805,31.4624,56.040899653979245,0,0.0,0.0,0.0,0.0,0.0,nan
2145,12.9925,77.3135,,,,,,,,,,,0.0,0.0,0,0.0,0.031754,30.4917,56.040899653979245,0,0.0,0.0,0.0,0.0,0.0,nan
2146,12.9925,77.3225,,,,,,,,,,,0.0,0.0,0,0.0,0.032764,29.5212,56.040899653979245,0,0.0,0.0,0.0,0.0,0.0,nan
2147,12.9925,77.3315,,,,,,,,,,,0.0,0.0,0,0.0,0.03384,28.5509,56.040899653979245,0,0.0,0.0,0.0,0.0,0.0,nan
2148,12.9925,77.3405,,,,,,,,,,,0.0,0.0,0,0.0,0.034989,27.5808,56.040899653979245,0,0.0,0.0,0.0,0.0,0.0,nan
2149,12.9925,77.3495,,,,,,,,,,,0.0,0.0,0,0.0,0.036218,26.6109,56.040899653979245,0,0.0,0.0,0.0,0.0,0.0,nan
2150,12.9925,77.3585,,,,,,,,,,,0.0,0.0,0,0.0,0.037536,25.6413,56.040899653979245,0,0.0,0.0,0.0,0.0,0.0,nan
2151,12.9925,77.3675,,,,,,,,,,,0.0,0.0,0,0.0,0.038953,24.6721,56.040899653979245,0,0.0,0.0,0.0,0.0,0.0,nan
2152,12.9925,77.3765,,,,,,,,,,,0.0,0.0,0,0.0,0.040481,23.7031,56.040899653979245,0,0.0,0.0,0.0,0.0,0.0,nan
2153,12.9925,77.3855,,,,,,,,,,,0.0,0.0,0,0.0,0.042133,22.7346,56.040899653979245,0,0.0,0.0,0.0,0.0,0.0,nan
2154,12.9925,77.3945,,,,,,,,,,,0.0,0.0,0,0.0,0.043924,21.7665,56.040899653979245,0,0.0,0.0,0.0,0.0,0.0,nan
2155,12.9925,77.4035,,,,,,,,,,,0.0,0.0,0,0.0,0.045874,20.7988,57.169999999999845,0,0.0,0.0,0.0,0.0,0.0,nan
2156,12.9925,77.4125,,,,,,,,,,,0.0,0.0,0,0.0,0.048004,19.8318,56.040899653979245,0,0.0,0.0,0.0,0.0,0.0,nan
2157,12.9925,77.4215,,,,,,,,,,,0.0,0.0,0,0.0,0.050339,18.8654,56.040899653979245,0,0.0,0.0,0.0,0.0,0.0,nan
2158,12.9925,77.4305,,,,,,,,,,,0.0,0.0,0,0.0,0.052911,17.8998,56.040899653979245,0,0.0,0.0,0.0,0.0,0.0,nan
2159,12.9925,77.4395,,,,,,,,,,,0.0,0.0,0,0.0,0.055757,16.935,56.040899653979245,0,0.0,0.0,0.0,0.0,0.0,nan
2160,12.9925,77.4485,,,,,,,,,,,0.0,0.0,0,0.0,0.058923,15.9713,54.57999999999993,0,28.0,27.0,1.037,0.0,0.0,nan
2161,12.9925,77.4575,,,,,,,,,,,0.0,0.0,0,0.0,0.062465,15.0089,56.040899653979245,0,0.0,0.0,0.0,0.0,0.0,nan
2162,12.9925,77.4665,,,,,,,,,,,0.0,0.0,0,0.0,0.066454,14.048,56.040899653979245,0,0.0,0.0,0.0,0.0,0.0,nan
2163,12.9925,77.4755,,,,,,,,,,,0.0,0.0,0,0.0,0.070978,13.0889,56.040899653979245,0,0.0,0.0,0.0,0.0,0.0,nan
2164,12.9925,77.4845,,,,,,,,,,,0.0,0.0,0,0.0,0.076149,12.1321,56.040899653979245,0,0.0,0.0,0.0,0.0,0.0,nan
2165,12.9925,77.4935,,,,,,,,,,,0.0,0.0,0,0.0,0.082114,11.1782,54.57999999999993,0,0.0,0.0,0.0,0.0,0.0,nan
2166,12.9925,77.5025,,,,,,,,,,,0.0,0.0,0,0.0,0.089063,10.228,56.040899653979245,0,0.0,0.0,0.0,0.0,0.0,nan
2167,12.9925,77.5115,,,,,,,,,,,0.0,0.0,0,0.0,0.097253,9.2825,56.040899653979245,0,0.0,0.0,0.0,0.0,0.0,nan
2168,12.9925,77.5205,,,,,,,,,,,0.0,0.0,0,0.0,0.107026,8.3435,56.040899653979245,0,0.0,0.0,0.0,0.0,0.0,nan
2169,12.9925,77.5295,,,,,,,,,,,0.0,0.0,0,0.0,0.118858,7.4134,56.040899653979245,0,0.0,0.0,0.0,0.0,0.0,nan
2170,12.9925,77.5385,,,,,,,,,,,0.0,0.0,0,0.0,0.133403,6.4961,20.720000000000255,0,188.0,44.0,4.2727,0.0,0.0,nan
2171,12.9925,77.5475,,,,,,,,,,,0.0,0.0,0,0.0,0.15157,5.5976,56.040899653979245,0,0.0,0.0,0.0,0.0,0.0,nan
2172,12.9925,77.5565,,,,,,,,,,,0.0,0.0,0,0.0,0.174551,4.729,56.040899653979245,0,0.0,0.0,0.0,0.0,0.0,nan
2173,12.9925,77.5655,,,,,,,,,,,0.0,0.0,0,0.0,0.203666,3.91,56.040899653979245,0,0.0,0.0,0.0,0.0,0.0,nan
2174,12.9925,77.5745,,,,,,,,,,,0.0,0.0,0,0.0,0.239275,3.1793,56.040899653979245,0,0.0,0.0,0.0,0.0,0.0,nan
2175,12.9925,77.5835,,,,,,,,,,,0.0,0.0,0,0.0,0.276847,2.6121,20.720000000000255,0,0.0,0.0,0.0,0.0,0.0,nan
2176,12.9925,77.5925,,,,,,,,,,,0.0,0.0,0,0.0,0.30021,2.331,56.040899653979245,0,0.0,0.0,0.0,0.0,0.0,nan
2177,12.9925,77.6015,,,,,,,,,,,0.0,0.0,0,0.0,0.290951,2.437,56.040899653979245,0,0.0,0.0,0.0,0.0,0.0,nan
2178,12.9925,77.6105,,,,,,,,,,,0.0,0.0,0,0.0,0.257215,2.8878,56.040899653979245,0,0.0,0.0,0.0,0.0,0.0,nan
2179,12.9925,77.6195,,,,,,,,,,,0.0,0.0,0,0.0,0.219558,3.5546,56.040899653979245,0,0.0,0.0,0.0,0.0,0.0,nan
2180,12.9925,77.6285,,,,,,,,,,,0.0,0.0,0,0.0,0.187305,4.3389,10.729999999999905,0,48.0,27.0,1.7778,0.0,0.0,nan
2181,12.9925,77.6375,,,,,,,,,,,0.0,0.0,0,0.0,0.161614,5.1876,56.040899653979245,0,0.0,0.0,0.0,0.0,0.0,nan
2182,12.9925,77.6465,,,,,,,,,,,0.0,0.0,0,0.0,0.141365,6.0739,56.040899653979245,0,0.0,0.0,0.0,0.0,0.0,nan
2183,12.9925,77.6555,,,,,,,,,,,0.0,0.0,0,0.0,0.12526,6.9834,56.040899653979245,0,0.0,0.0,0.0,0.0,0.0,nan
2184,12.9925,77.6645,,,,,,,,,,,0.0,0.0,0,0.0,0.112256,7.9082,56.040899653979245,0,0.0,0.0,0.0,0.0,0.0,nan
2185,12.9925,77.6735,,,,,,,,,,,0.0,0.0,0,0.0,0.101591,8.8434,10.729999999999905,0,0.0,0.0,0.0,0.0,0.0,nan
2186,12.9925,77.6825,,,,,,,,,,,0.0,0.0,0,0.0,0.092712,9.7861,56.040899653979245,0,0.0,0.0,0.0,0.0,0.0,nan
2187,12.9925,77.6915,,,,,,,,,,,0.0,0.0,0,0.0,0.085221,10.7342,56.040899653979245,0,0.0,0.0,0.0,0.0,0.0,nan
2188,12.9925,77.7005,,,,,,,,,,,0.0,0.0,0,0.0,0.078824,11.6865,56.040899653979245,0,0.0,0.0,0.0,0.0,0.0,nan
2189,12.9925,77.7095,,,,,,,,,,,0.0,0.0,0,0.0,0.073302,12.6421,56.040899653979245,0,0.0,0.0,0.0,0.0,0.0,nan
2190,12.9925,77.7185,,,,,,,,,,,0.0,0.0,0,0.0,0.068493,13.6001,34.229999999999905,0,285.0,60.0,4.75,0.0,0.0,nan
2191,12.9925,77.7275,,,,,,,,,,,0.0,0.0,0,0.0,0.064267,14.5602,56.040899653979245,0,0.0,0.0,0.0,0.0,0.0,nan
2192,12.9925,77.7365,,,,,,,,,,,0.0,0.0,0,0.0,0.060525,15.522,56.040899653979245,0,0.0,0.0,0.0,0.0,0.0,nan
2193,12.9925,77.7455,,,,,,,,,,,0.0,0.0,0,0.0,0.057192,16.4851,56.040899653979245,0,0.0,0.0,0.0,0.0,0.0,nan
2194,12.9925,77.7545,,,,,,,,,,,0.0,0.0,0,0.0,0.054202,17.4494,56.040899653979245,0,0.0,0.0,0.0,0.0,0.0,nan
2195,12.9925,77.7635,,,,,,,,,,,0.0,0.0,0,0.0,0.051507,18.4147,34.229999999999905,0,0.0,0.0,0.0,0.0,0.0,nan
2196,12.9925,77.7725,,,,,,,,,,,0.0,0.0,0,0.0,0.049066,19.3807,56.040899653979245,0,0.0,0.0,0.0,0.0,0.0,nan
2197,12.9925,77.7815,,,,,,,,,,,0.0,0.0,0,0.0,0.046844,20.3475,56.040899653979245,0,0.0,0.0,0.0,0.0,0.0,nan
2198,12.9925,77.7905,,,,,,,,,,,0.0,0.0,0,0.0,0.044813,21.3148,56.040899653979245,0,0.0,0.0,0.0,0.0,0.0,nan
2199,12.9925,77.7995,,,,,,,,,,,0.0,0.0,0,0.0,0.04295,22.2827,56.040899653979245,0,0.0,0.0,0.0,0.0,0.0,nan
2200,12.9925,77.8085,,,,,,,,,,,0.0,0.0,0,0.0,0.041235,23.2511,74.58999999999992,0,14.0,11.0,1.2727,0.0,0.0,nan
2201,12.9925,77.8175,,,,,,,,,,,0.0,0.0,0,0.0,0.039651,24.2199,56.040899653979245,0,0.0,0.0,0.0,0.0,0.0,nan
2202,12.9925,77.8265,,,,,,,,,,,0.0,0.0,0,0.0,0.038184,25.189,56.040899653979245,0,0.0,0.0,0.0,0.0,0.0,nan
2203,12.9925,77.8355,,,,,,,,,,,0.0,0.0,0,0.0,0.036821,26.1584,56.040899653979245,0,0.0,0.0,0.0,0.0,0.0,nan
2204,12.9925,77.8445,,,,,,,,,,,0.0,0.0,0,0.0,0.035552,27.1281,56.040899653979245,0,0.0,0.0,0.0,0.0,0.0,nan
2205,12.9925,77.8535,,,,,,,,,,,0.0,0.0,0,0.0,0.034367,28.0981,96.56000000000016,0,0.0,0.0,0.0,0.0,0.0,nan
2206,12.9925,77.8625,,,,,,,,,,,0.0,0.0,0,0.0,0.033258,29.0683,56.040899653979245,0,0.0,0.0,0.0,0.0,0.0,nan
2207,12.9925,77.8715,,,,,,,,,,,0.0,0.0,0,0.0,0.032218,30.0388,56.040899653979245,0,0.0,0.0,0.0,0.0,0.0,nan
2208,12.9925,77.8805,,,,,,,,,,,0.0,0.0,0,0.0,0.031241,31.0094,56.040899653979245,0,0.0,0.0,0.0,0.0,0.0,nan
2209,12.9925,77.8895,,,,,,,,,,,0.0,0.0,0,0.0,0.030321,31.9802,56.040899653979245,0,0.0,0.0,0.0,0.0,0.0,nan
2210,12.9925,77.8985,,,,,,,,,,,0.0,0.0,0,0.0,0.029454,32.9511,100.8900000000001,0,8.0,7.0,1.1429,0.0,0.0,nan
2211,13.0015,77.3045,,,,,,,,,,,0.0,0.0,0,0.0,0.030721,31.5506,56.040899653979245,0,0.0,0.0,0.0,0.0,0.0,nan
2212,13.0015,77.3135,,,,,,,,,,,0.0,0.0,0,0.0,0.031663,30.5828,56.040899653979245,0,0.0,0.0,0.0,0.0,0.0,nan
2213,13.0015,77.3225,,,,,,,,,,,0.0,0.0,0,0.0,0.032663,29.6154,56.040899653979245,0,0.0,0.0,0.0,0.0,0.0,nan
2214,13.0015,77.3315,,,,,,,,,,,0.0,0.0,0,0.0,0.033729,28.6483,56.040899653979245,0,0.0,0.0,0.0,0.0,0.0,nan
2215,13.0015,77.3405,,,,,,,,,,,0.0,0.0,0,0.0,0.034865,27.6817,42.6099999999999,0,0.0,0.0,0.0,0.0,0.0,nan
2216,13.0015,77.3495,,,,,,,,,,,0.0,0.0,0,0.0,0.036081,26.7156,56.040899653979245,0,0.0,0.0,0.0,0.0,0.0,nan
2217,13.0015,77.3585,,,,,,,,,,,0.0,0.0,0,0.0,0.037383,25.75,56.040899653979245,0,0.0,0.0,0.0,0.0,0.0,nan
2218,13.0015,77.3675,,,,,,,,,,,0.0,0.0,0,0.0,0.038782,24.7851,56.040899653979245,0,0.0,0.0,0.0,0.0,0.0,nan
2219,13.0015,77.3765,,,,,,,,,,,0.0,0.0,0,0.0,0.040289,23.8208,56.040899653979245,0,0.0,0.0,0.0,0.0,0.0,nan
2220,13.0015,77.3855,,,,,,,,,,,0.0,0.0,0,0.0,0.041916,22.8573,57.169999999999845,0,0.0,0.0,0.0,0.0,0.0,nan
2221,13.0015,77.3945,,,,,,,,,,,0.0,0.0,0,0.0,0.043678,21.8947,56.040899653979245,0,0.0,0.0,0.0,0.0,0.0,nan
2222,13.0015,77.4035,,,,,,,,,,,0.0,0.0,0,0.0,0.045593,20.9331,56.040899653979245,0,0.0,0.0,0.0,0.0,0.0,nan
2223,13.0015,77.4125,,,,,,,,,,,0.0,0.0,0,0.0,0.047681,19.9726,56.040899653979245,0,0.0,0.0,0.0,0.0,0.0,nan
2224,13.0015,77.4215,,,,,,,,,,,0.0,0.0,0,0.0,0.049967,19.0134,56.040899653979245,0,0.0,0.0,0.0,0.0,0.0,nan
2225,13.0015,77.4305,,,,,,,,,,,0.0,0.0,0,0.0,0.052477,18.0558,57.169999999999845,0,0.0,0.0,0.0,0.0,0.0,nan
2226,13.0015,77.4395,,,,,,,,,,,0.0,0.0,0,0.0,0.055249,17.0999,56.040899653979245,0,0.0,0.0,0.0,0.0,0.0,nan
2227,13.0015,77.4485,,,,,,,,,,,0.0,0.0,0,0.0,0.058322,16.1461,56.040899653979245,0,0.0,0.0,0.0,0.0,0.0,nan
2228,13.0015,77.4575,,,,,,,,,,,0.0,0.0,0,0.0,0.061748,15.1949,56.040899653979245,0,0.0,0.0,0.0,0.0,0.0,nan
2229,13.0015,77.4665,,,,,,,,,,,0.0,0.0,0,0.0,0.065588,14.2466,56.040899653979245,0,0.0,0.0,0.0,0.0,0.0,nan
2230,13.0015,77.4755,,,,,,,,,,,0.0,0.0,0,0.0,0.069921,13.3019,54.57999999999993,0,0.0,0.0,0.0,0.0,0.0,nan
2231,13.0015,77.4845,,,,,,,,,,,0.0,0.0,0,0.0,0.074841,12.3617,56.040899653979245,0,0.0,0.0,0.0,0.0,0.0,nan
2232,13.0015,77.4935,,,,,,,,,,,0.0,0.0,0,0.0,0.08047,11.427,56.040899653979245,0,0.0,0.0,0.0,0.0,0.0,nan
2233,13.0015,77.5025,,,,,,,,,,,0.0,0.0,0,0.0,0.086961,10.4994,56.040899653979245,0,0.0,0.0,0.0,0.0,0.0,nan
2234,13.0015,77.5115,,,,,,,,,,,0.0,0.0,0,0.0,0.094511,9.5808,56.040899653979245,0,0.0,0.0,0.0,0.0,0.0,nan
2235,13.0015,77.5205,,,,,,,,,,,0.0,0.0,0,0.0,0.103367,8.6743,54.57999999999993,0,0.0,0.0,0.0,0.0,0.0,nan
2236,13.0015,77.5295,,,,,,,,,,,0.0,0.0,0,0.0,0.113845,7.7839,56.040899653979245,0,0.0,0.0,0.0,0.0,0.0,nan
2237,13.0015,77.5385,,,,,,,,,,,0.0,0.0,0,0.0,0.126328,6.9159,56.040899653979245,0,0.0,0.0,0.0,0.0,0.0,nan
2238,13.0015,77.5475,,,,,,,,,,,0.0,0.0,0,0.0,0.141245,6.0799,56.040899653979245,0,0.0,0.0,0.0,0.0,0.0,nan
2239,13.0015,77.5565,,,,,,,,,,,0.0,0.0,0,0.0,0.158957,5.291,56.040899653979245,0,0.0,0.0,0.0,0.0,0.0,nan
2240,13.0015,77.5655,,,,,,,,,,,0.0,0.0,0,0.0,0.179408,4.5739,20.720000000000255,0,940.0,51.0,18.4314,0.0,0.0,nan
2241,13.0015,77.5745,,,,,,,,,,,0.0,0.0,0,0.0,0.201309,3.9675,56.040899653979245,0,0.0,0.0,0.0,0.0,0.0,nan
2242,13.0015,77.5835,,,,,,,,,,,0.0,0.0,0,0.0,0.22078,3.5294,56.040899653979245,0,0.0,0.0,0.0,0.0,0.0,nan
2243,13.0015,77.5925,,,,,,,,,,,0.0,0.0,0,0.0,0.231123,3.3267,56.040899653979245,0,0.0,0.0,0.0,0.0,0.0,nan
2244,13.0015,77.6015,,,,,,,,,,,0.0,0.0,0,0.0,0.22718,3.4018,56.040899653979245,0,0.0,0.0,0.0,0.0,0.0,nan
2245,13.0015,77.6105,,,,,,,,,,,0.0,0.0,0,0.0,0.21106,3.738,-9.839999999999918,0,0.0,0.0,0.0,0.0,0.0,nan
2246,13.0015,77.6195,,,,,,,,,,,0.0,0.0,0,0.0,0.189606,4.2741,56.040899653979245,0,0.0,0.0,0.0,0.0,0.0,nan
2247,13.0015,77.6285,,,,,,,,,,,0.0,0.0,0,0.0,0.168194,4.9455,56.040899653979245,0,0.0,0.0,0.0,0.0,0.0,nan
2248,13.0015,77.6375,,,,,,,,,,,0.0,0.0,0,0.0,0.149149,5.7047,56.040899653979245,0,0.0,0.0,0.0,0.0,0.0,nan
2249,13.0015,77.6465,,,,,,,,,,,0.0,0.0,0,0.0,0.132961,6.521,56.040899653979245,0,0.0,0.0,0.0,0.0,0.0,nan
2250,13.0015,77.6555,,,,,,,,,,,0.0,0.0,0,0.0,0.119396,7.3755,10.729999999999905,0,2788.0,42.0,66.381,0.0,0.0,nan
2251,13.0015,77.6645,,,,,,,,,,,0.0,0.0,0,0.0,0.108033,8.2564,56.040899653979245,0,0.0,0.0,0.0,0.0,0.0,nan
2252,13.0015,77.6735,,,,,,,,,,,0.0,0.0,0,0.0,0.098463,9.1561,56.040899653979245,0,0.0,0.0,0.0,0.0,0.0,nan
2253,13.0015,77.6825,,,,,,,,,,,0.0,0.0,0,0.0,0.090338,10.0695,56.040899653979245,0,0.0,0.0,0.0,0.0,0.0,nan
2254,13.0015,77.6915,,,,,,,,,,,0.0,0.0,0,0.0,0.083381,10.9931,56.040899653979245,0,0.0,0.0,0.0,0.0,0.0,nan
2255,13.0015,77.7005,,,,,,,,,,,0.0,0.0,0,0.0,0.077371,11.9247,34.229999999999905,0,0.0,0.0,0.0,0.0,0.0,nan
2256,13.0015,77.7095,,,,,,,,,,,0.0,0.0,0,0.0,0.072137,12.8625,56.040899653979245,0,0.0,0.0,0.0,0.0,0.0,nan
2257,13.0015,77.7185,,,,,,,,,,,0.0,0.0,0,0.0,0.067544,13.8052,56.040899653979245,0,0.0,0.0,0.0,0.0,0.0,nan
2258,13.0015,77.7275,,,,,,,,,,,0.0,0.0,0,0.0,0.063484,14.7519,56.040899653979245,0,0.0,0.0,0.0,0.0,0.0,nan
2259,13.0015,77.7365,,,,,,,,,,,0.0,0.0,0,0.0,0.059873,15.7019,56.040899653979245,0,0.0,0.0,0.0,0.0,0.0,nan
2260,13.0015,77.7455,,,,,,,,,,,0.0,0.0,0,0.0,0.056643,16.6545,34.229999999999905,0,73.0,40.0,1.825,0.0,0.0,nan
2261,13.0015,77.7545,,,,,,,,,,,0.0,0.0,0,0.0,0.053736,17.6095,56.040899653979245,0,0.0,0.0,0.0,0.0,0.0,nan
2262,13.0015,77.7635,,,,,,,,,,,0.0,0.0,0,0.0,0.051108,18.5663,56.040899653979245,0,0.0,0.0,0.0,0.0,0.0,nan
2263,13.0015,77.7725,,,,,,,,,,,0.0,0.0,0,0.0,0.048722,19.5248,56.040899653979245,0,0.0,0.0,0.0,0.0,0.0,nan
2264,13.0015,77.7815,,,,,,,,,,,0.0,0.0,0,0.0,0.046545,20.4847,56.040899653979245,0,0.0,0.0,0.0,0.0,0.0,nan
2265,13.0015,77.7905,,,,,,,,,,,0.0,0.0,0,0.0,0.044552,21.4458,74.58999999999992,0,0.0,0.0,0.0,0.0,0.0,nan
2266,13.0015,77.7995,,,,,,,,,,,0.0,0.0,0,0.0,0.04272,22.408,56.040899653979245,0,0.0,0.0,0.0,0.0,0.0,nan
2267,13.0015,77.8085,,,,,,,,,,,0.0,0.0,0,0.0,0.041032,23.3711,56.040899653979245,0,0.0,0.0,0.0,0.0,0.0,nan
2268,13.0015,77.8175,,,,,,,,,,,0.0,0.0,0,0.0,0.039471,24.335,56.040899653979245,0,0.0,0.0,0.0,0.0,0.0,nan
2269,13.0015,77.8265,,,,,,,,,,,0.0,0.0,0,0.0,0.038023,25.2996,56.040899653979245,0,0.0,0.0,0.0,0.0,0.0,nan
2270,13.0015,77.8355,,,,,,,,,,,0.0,0.0,0,0.0,0.036677,26.2649,56.040899653979245,0,0.0,0.0,0.0,0.0,0.0,nan
2271,13.0015,77.8445,,,,,,,,,,,0.0,0.0,0,0.0,0.035422,27.2308,56.040899653979245,0,0.0,0.0,0.0,0.0,0.0,nan
2272,13.0015,77.8535,,,,,,,,,,,0.0,0.0,0,0.0,0.03425,28.1972,56.040899653979245,0,0.0,0.0,0.0,0.0,0.0,nan
2273,13.0015,77.8625,,,,,,,,,,,0.0,0.0,0,0.0,0.033152,29.164,56.040899653979245,0,0.0,0.0,0.0,0.0,0.0,nan
2274,13.0015,77.8715,,,,,,,,,,,0.0,0.0,0,0.0,0.032122,30.1313,56.040899653979245,0,0.0,0.0,0.0,0.0,0.0,nan
2275,13.0015,77.8805,,,,,,,,,,,0.0,0.0,0,0.0,0.031154,31.099,56.040899653979245,0,0.0,0.0,0.0,0.0,0.0,nan
2276,13.0015,77.8895,,,,,,,,,,,0.0,0.0,0,0.0,0.030242,32.067,56.040899653979245,0,0.0,0.0,0.0,0.0,0.0,nan
2277,13.0015,77.8985,,,,,,,,,,,0.0,0.0,0,0.0,0.029381,33.0353,56.040899653979245,0,0.0,0.0,0.0,0.0,0.0,nan
2278,13.0105,77.3045,,,,,,,,,,,0.0,0.0,0,0.0,0.030609,31.6702,56.040899653979245,0,0.0,0.0,0.0,0.0,0.0,nan
2279,13.0105,77.3135,,,,,,,,,,,0.0,0.0,0,0.0,0.03154,30.7062,56.040899653979245,0,0.0,0.0,0.0,0.0,0.0,nan
2280,13.0105,77.3225,,,,,,,,,,,0.0,0.0,0,0.0,0.032528,29.7428,56.040899653979245,0,0.0,0.0,0.0,0.0,0.0,nan
2281,13.0105,77.3315,,,,,,,,,,,0.0,0.0,0,0.0,0.033579,28.7801,56.040899653979245,0,0.0,0.0,0.0,0.0,0.0,nan
2282,13.0105,77.3405,,,,,,,,,,,0.0,0.0,0,0.0,0.0347,27.8182,56.040899653979245,0,0.0,0.0,0.0,0.0,0.0,nan
2283,13.0105,77.3495,,,,,,,,,,,0.0,0.0,0,0.0,0.035897,26.8571,56.040899653979245,0,0.0,0.0,0.0,0.0,0.0,nan
2284,13.0105,77.3585,,,,,,,,,,,0.0,0.0,0,0.0,0.037179,25.8968,56.040899653979245,0,0.0,0.0,0.0,0.0,0.0,nan
2285,13.0105,77.3675,,,,,,,,,,,0.0,0.0,0,0.0,0.038554,24.9376,56.040899653979245,0,0.0,0.0,0.0,0.0,0.0,nan
2286,13.0105,77.3765,,,,,,,,,,,0.0,0.0,0,0.0,0.040033,23.9796,56.040899653979245,0,0.0,0.0,0.0,0.0,0.0,nan
2287,13.0105,77.3855,,,,,,,,,,,0.0,0.0,0,0.0,0.041627,23.0228,56.040899653979245,0,0.0,0.0,0.0,0.0,0.0,nan
2288,13.0105,77.3945,,,,,,,,,,,0.0,0.0,0,0.0,0.043351,22.0675,56.040899653979245,0,0.0,0.0,0.0,0.0,0.0,nan
2289,13.0105,77.4035,,,,,,,,,,,0.0,0.0,0,0.0,0.045221,21.1138,56.040899653979245,0,0.0,0.0,0.0,0.0,0.0,nan
2290,13.0105,77.4125,,,,,,,,,,,0.0,0.0,0,0.0,0.047255,20.162,56.040899653979245,0,1.0,1.0,1.0,0.0,0.0,nan
2291,13.0105,77.4215,,,,,,,,,,,0.0,0.0,0,0.0,0.049475,19.2124,56.040899653979245,0,0.0,0.0,0.0,0.0,0.0,nan
2292,13.0105,77.4305,,,,,,,,,,,0.0,0.0,0,0.0,0.051907,18.2652,56.040899653979245,0,0.0,0.0,0.0,0.0,0.0,nan
2293,13.0105,77.4395,,,,,,,,,,,0.0,0.0,0,0.0,0.054582,17.321,56.040899653979245,0,0.0,0.0,0.0,0.0,0.0,nan
2294,13.0105,77.4485,,,,,,,,,,,0.0,0.0,0,0.0,0.057537,16.3801,56.040899653979245,0,0.0,0.0,0.0,0.0,0.0,nan
2295,13.0105,77.4575,,,,,,,,,,,0.0,0.0,0,0.0,0.060815,15.4433,56.040899653979245,0,0.0,0.0,0.0,0.0,0.0,nan
2296,13.0105,77.4665,,,,,,,,,,,0.0,0.0,0,0.0,0.064469,14.5114,56.040899653979245,0,0.0,0.0,0.0,0.0,0.0,nan
2297,13.0105,77.4755,,,,,,,,,,,0.0,0.0,0,0.0,0.068563,13.5852,56.040899653979245,0,0.0,0.0,0.0,0.0,0.0,nan
2298,13.0105,77.4845,,,,,,,,,,,0.0,0.0,0,0.0,0.073174,12.6661,56.040899653979245,0,0.0,0.0,0.0,0.0,0.0,nan
2299,13.0105,77.4935,,,,,,,,,,,0.0,0.0,0,0.0,0.078396,11.7557,56.040899653979245,0,0.0,0.0,0.0,0.0,0.0,nan
2300,13.0105,77.5025,,,,,,,,,,,0.0,0.0,0,0.0,0.084343,10.8563,56.040899653979245,0,1.0,1.0,1.0,0.0,0.0,nan
2301,13.0105,77.5115,,,,,,,,,,,0.0,0.0,0,0.0,0.091151,9.9708,56.040899653979245,0,0.0,0.0,0.0,0.0,0.0,nan
2302,13.0105,77.5205,,,,,,,,,,,0.0,0.0,0,0.0,0.098979,9.1032,56.040899653979245,0,0.0,0.0,0.0,0.0,0.0,nan
2303,13.0105,77.5295,,,,,,,,,,,0.0,0.0,0,0.0,0.108001,8.2592,56.040899653979245,0,0.0,0.0,0.0,0.0,0.0,nan
2304,13.0105,77.5385,,,,,,,,,,,0.0,0.0,0,0.0,0.118387,7.4469,56.040899653979245,0,0.0,0.0,0.0,0.0,0.0,nan
2305,13.0105,77.5475,,,,,,,,,,,0.0,0.0,0,0.0,0.130247,6.6777,56.040899653979245,0,0.0,0.0,0.0,0.0,0.0,nan
2306,13.0105,77.5565,,,,,,,,,,,0.0,0.0,0,0.0,0.143503,5.9685,56.040899653979245,0,0.0,0.0,0.0,0.0,0.0,nan
2307,13.0105,77.5655,,,,,,,,,,,0.0,0.0,0,0.0,0.157652,5.3431,56.040899653979245,0,0.0,0.0,0.0,0.0,0.0,nan
2308,13.0105,77.5745,,,,,,,,,,,0.0,0.0,0,0.0,0.171403,4.8342,56.040899653979245,0,0.0,0.0,0.0,0.0,0.0,nan
2309,13.0105,77.5835,,,,,,,,,,,0.0,0.0,0,0.0,0.182425,4.4817,56.040899653979245,0,0.0,0.0,0.0,0.0,0.0,nan
2310,13.0105,77.5925,,,,,,,,,,,0.0,0.0,0,0.0,0.187832,4.3239,56.040899653979245,0,20.0,13.0,1.5385,0.0,0.0,nan
2311,13.0105,77.6015,,,,,,,,,,,0.0,0.0,0,0.0,0.185808,4.3819,56.040899653979245,0,0.0,0.0,0.0,0.0,0.0,nan
2312,13.0105,77.6105,,,,,,,,,,,0.0,0.0,0,0.0,0.177063,4.6477,56.040899653979245,0,0.0,0.0,0.0,0.0,0.0,nan
2313,13.0105,77.6195,,,,,,,,,,,0.0,0.0,0,0.0,0.164236,5.0888,56.040899653979245,0,0.0,0.0,0.0,0.0,0.0,nan
2314,13.0105,77.6285,,,,,,,,,,,0.0,0.0,0,0.0,0.150049,5.6645,56.040899653979245,0,0.0,0.0,0.0,0.0,0.0,nan
2315,13.0105,77.6375,,,,,,,,,,,0.0,0.0,0,0.0,0.136277,6.338,56.040899653979245,0,0.0,0.0,0.0,0.0,0.0,nan
2316,13.0105,77.6465,,,,,,,,,,,0.0,0.0,0,0.0,0.123736,7.0817,56.040899653979245,0,0.0,0.0,0.0,0.0,0.0,nan
2317,13.0105,77.6555,,,,,,,,,,,0.0,0.0,0,0.0,0.112668,7.8756,56.040899653979245,0,0.0,0.0,0.0,0.0,0.0,nan
2318,13.0105,77.6645,,,,,,,,,,,0.0,0.0,0,0.0,0.103029,8.706,56.040899653979245,0,0.0,0.0,0.0,0.0,0.0,nan
2319,13.0105,77.6735,,,,,,,,,,,0.0,0.0,0,0.0,0.094667,9.5633,56.040899653979245,0,0.0,0.0,0.0,0.0,0.0,nan
2320,13.0105,77.6825,,,,,,,,,,,0.0,0.0,0,0.0,0.087404,10.4411,56.040899653979245,0,1108.0,79.0,14.0253,0.0,0.0,nan
2321,13.0105,77.6915,,,,,,,,,,,0.0,0.0,0,0.0,0.081073,11.3345,56.040899653979245,0,0.0,0.0,0.0,0.0,0.0,nan
2322,13.0105,77.7005,,,,,,,,,,,0.0,0.0,0,0.0,0.075529,12.24,56.040899653979245,0,0.0,0.0,0.0,0.0,0.0,nan
2323,13.0105,77.7095,,,,,,,,,,,0.0,0.0,0,0.0,0.070645,13.1553,56.040899653979245,0,0.0,0.0,0.0,0.0,0.0,nan
2324,13.0105,77.7185,,,,,,,,,,,0.0,0.0,0,0.0,0.06632,14.0784,56.040899653979245,0,0.0,0.0,0.0,0.0,0.0,nan
2325,13.0105,77.7275,,,,,,,,,,,0.0,0.0,0,0.0,0.06247,15.0078,56.040899653979245,0,0.0,0.0,0.0,0.0,0.0,nan
2326,13.0105,77.7365,,,,,,,,,,,0.0,0.0,0,0.0,0.059024,15.9424,56.040899653979245,0,0.0,0.0,0.0,0.0,0.0,nan
2327,13.0105,77.7455,,,,,,,,,,,0.0,0.0,0,0.0,0.055924,16.8815,56.040899653979245,0,0.0,0.0,0.0,0.0,0.0,nan
2328,13.0105,77.7545,,,,,,,,,,,0.0,0.0,0,0.0,0.053123,17.8242,56.040899653979245,0,0.0,0.0,0.0,0.0,0.0,nan
2329,13.0105,77.7635,,,,,,,,,,,0.0,0.0,0,0.0,0.050582,18.77,56.040899653979245,0,0.0,0.0,0.0,0.0,0.0,nan
2330,13.0105,77.7725,,,,,,,,,,,0.0,0.0,0,0.0,0.048266,19.7185,56.040899653979245,0,111.0,55.0,2.0182,0.0,0.0,nan
2331,13.0105,77.7815,,,,,,,,,,,0.0,0.0,0,0.0,0.046148,20.6694,56.040899653979245,0,0.0,0.0,0.0,0.0,0.0,nan
2332,13.0105,77.7905,,,,,,,,,,,0.0,0.0,0,0.0,0.044204,21.6222,56.040899653979245,0,0.0,0.0,0.0,0.0,0.0,nan
2333,13.0105,77.7995,,,,,,,,,,,0.0,0.0,0,0.0,0.042415,22.5768,56.040899653979245,0,0.0,0.0,0.0,0.0,0.0,nan
2334,13.0105,77.8085,,,,,,,,,,,0.0,0.0,0,0.0,0.040762,23.5329,56.040899653979245,0,0.0,0.0,0.0,0.0,0.0,nan
2335,13.0105,77.8175,,,,,,,,,,,0.0,0.0,0,0.0,0.03923,24.4904,56.040899653979245,0,0.0,0.0,0.0,0.0,0.0,nan
2336,13.0105,77.8265,,,,,,,,,,,0.0,0.0,0,0.0,0.037808,25.4491,56.040899653979245,0,0.0,0.0,0.0,0.0,0.0,nan
2337,13.0105,77.8355,,,,,,,,,,,0.0,0.0,0,0.0,0.036485,26.4088,56.040899653979245,0,0.0,0.0,0.0,0.0,0.0,nan
2338,13.0105,77.8445,,,,,,,,,,,0.0,0.0,0,0.0,0.035249,27.3696,56.040899653979245,0,0.0,0.0,0.0,0.0,0.0,nan
2339,13.0105,77.8535,,,,,,,,,,,0.0,0.0,0,0.0,0.034094,28.3311,56.040899653979245,0,0.0,0.0,0.0,0.0,0.0,nan
2340,13.0105,77.8625,,,,,,,,,,,0.0,0.0,0,0.0,0.03301,29.2935,56.040899653979245,0,0.0,0.0,0.0,0.0,0.0,nan
2341,13.0105,77.8715,,,,,,,,,,,0.0,0.0,0,0.0,0.031993,30.2566,56.040899653979245,0,0.0,0.0,0.0,0.0,0.0,nan
2342,13.0105,77.8805,,,,,,,,,,,0.0,0.0,0,0.0,0.031036,31.2203,56.040899653979245,0,0.0,0.0,0.0,0.0,0.0,nan
2343,13.0105,77.8895,,,,,,,,,,,0.0,0.0,0,0.0,0.030135,32.1845,56.040899653979245,0,0.0,0.0,0.0,0.0,0.0,nan
2344,13.0105,77.8985,,,,,,,,,,,0.0,0.0,0,0.0,0.029283,33.1494,56.040899653979245,0,0.0,0.0,0.0,0.0,0.0,nan
2345,13.0195,77.3045,,,,,,,,,,,0.0,0.0,0,0.0,0.030469,31.8207,56.040899653979245,0,0.0,0.0,0.0,0.0,0.0,nan
2346,13.0195,77.3135,,,,,,,,,,,0.0,0.0,0,0.0,0.031386,30.8615,56.040899653979245,0,0.0,0.0,0.0,0.0,0.0,nan
2347,13.0195,77.3225,,,,,,,,,,,0.0,0.0,0,0.0,0.032359,29.9032,56.040899653979245,0,0.0,0.0,0.0,0.0,0.0,nan
2348,13.0195,77.3315,,,,,,,,,,,0.0,0.0,0,0.0,0.033394,28.9459,56.040899653979245,0,0.0,0.0,0.0,0.0,0.0,nan
2349,13.0195,77.3405,,,,,,,,,,,0.0,0.0,0,0.0,0.034495,27.9897,56.040899653979245,0,0.0,0.0,0.0,0.0,0.0,nan
2350,13.0195,77.3495,,,,,,,,,,,0.0,0.0,0,0.0,0.03567,27.0347,56.040899653979245,0,6.0,6.0,1.0,0.0,0.0,nan
2351,13.0195,77.3585,,,,,,,,,,,0.0,0.0,0,0.0,0.036926,26.0811,56.040899653979245,0,0.0,0.0,0.0,0.0,0.0,nan
2352,13.0195,77.3675,,,,,,,,,,,0.0,0.0,0,0.0,0.038272,25.129,56.040899653979245,0,0.0,0.0,0.0,0.0,0.0,nan
2353,13.0195,77.3765,,,,,,,,,,,0.0,0.0,0,0.0,0.039716,24.1786,56.040899653979245,0,0.0,0.0,0.0,0.0,0.0,nan
2354,13.0195,77.3855,,,,,,,,,,,0.0,0.0,0,0.0,0.041271,23.2301,56.040899653979245,0,0.0,0.0,0.0,0.0,0.0,nan
2355,13.0195,77.3945,,,,,,,,,,,0.0,0.0,0,0.0,0.042949,22.2837,56.040899653979245,0,0.0,0.0,0.0,0.0,0.0,nan
2356,13.0195,77.4035,,,,,,,,,,,0.0,0.0,0,0.0,0.044763,21.3398,56.040899653979245,0,0.0,0.0,0.0,0.0,0.0,nan
2357,13.0195,77.4125,,,,,,,,,,,0.0,0.0,0,0.0,0.046732,20.3986,56.040899653979245,0,0.0,0.0,0.0,0.0,0.0,nan
2358,13.0195,77.4215,,,,,,,,,,,0.0,0.0,0,0.0,0.048874,19.4606,56.040899653979245,0,0.0,0.0,0.0,0.0,0.0,nan
2359,13.0195,77.4305,,,,,,,,,,,0.0,0.0,0,0.0,0.051213,18.5262,56.040899653979245,0,0.0,0.0,0.0,0.0,0.0,nan
2360,13.0195,77.4395,,,,,,,,,,,0.0,0.0,0,0.0,0.053775,17.596,56.040899653979245,0,2.0,2.0,1.0,0.0,0.0,nan
2361,13.0195,77.4485,,,,,,,,,,,0.0,0.0,0,0.0,0.056591,16.6708,56.040899653979245,0,0.0,0.0,0.0,0.0,0.0,nan
2362,13.0195,77.4575,,,,,,,,,,,0.0,0.0,0,0.0,0.059697,15.7514,56.040899653979245,0,0.0,0.0,0.0,0.0,0.0,nan
2363,13.0195,77.4665,,,,,,,,,,,0.0,0.0,0,0.0,0.063136,14.8388,56.040899653979245,0,0.0,0.0,0.0,0.0,0.0,nan
2364,13.0195,77.4755,,,,,,,,,,,0.0,0.0,0,0.0,0.066959,13.9345,56.040899653979245,0,0.0,0.0,0.0,0.0,0.0,nan
2365,13.0195,77.4845,,,,,,,,,,,0.0,0.0,0,0.0,0.071225,13.0401,56.040899653979245,0,0.0,0.0,0.0,0.0,0.0,nan
2366,13.0195,77.4935,,,,,,,,,,,0.0,0.0,0,0.0,0.076,12.1579,56.040899653979245,0,0.0,0.0,0.0,0.0,0.0,nan
2367,13.0195,77.5025,,,,,,,,,,,0.0,0.0,0,0.0,0.081363,11.2906,56.040899653979245,0,0.0,0.0,0.0,0.0,0.0,nan
2368,13.0195,77.5115,,,,,,,,,,,0.0,0.0,0,0.0,0.087397,10.442,56.040899653979245,0,0.0,0.0,0.0,0.0,0.0,nan
2369,13.0195,77.5205,,,,,,,,,,,0.0,0.0,0,0.0,0.094188,9.6171,56.040899653979245,0,0.0,0.0,0.0,0.0,0.0,nan
2370,13.0195,77.5295,,,,,,,,,,,0.0,0.0,0,0.0,0.101807,8.8225,56.040899653979245,0,41.0,24.0,1.7083,0.0,0.0,nan
2371,13.0195,77.5385,,,,,,,,,,,0.0,0.0,0,0.0,0.110289,8.0671,56.040899653979245,0,0.0,0.0,0.0,0.0,0.0,nan
2372,13.0195,77.5475,,,,,,,,,,,0.0,0.0,0,0.0,0.119573,7.3631,56.040899653979245,0,0.0,0.0,0.0,0.0,0.0,nan
2373,13.0195,77.5565,,,,,,,,,,,0.0,0.0,0,0.0,0.129423,6.7266,56.040899653979245,0,0.0,0.0,0.0,0.0,0.0,nan
2374,13.0195,77.5655,,,,,,,,,,,0.0,0.0,0,0.0,0.139305,6.1785,56.040899653979245,0,0.0,0.0,0.0,0.0,0.0,nan
2375,13.0195,77.5745,,,,,,,,,,,0.0,0.0,0,0.0,0.148278,5.7441,56.040899653979245,0,0.0,0.0,0.0,0.0,0.0,nan
2376,13.0195,77.5835,,,,,,,,,,,0.0,0.0,0,0.0,0.155022,5.4507,56.040899653979245,0,0.0,0.0,0.0,0.0,0.0,nan
2377,13.0195,77.5925,,,,,,,,,,,0.0,0.0,0,0.0,0.158185,5.3217,56.040899653979245,0,0.0,0.0,0.0,0.0,0.0,nan
2378,13.0195,77.6015,,,,,,,,,,,0.0,0.0,0,0.0,0.157011,5.369,56.040899653979245,0,0.0,0.0,0.0,0.0,0.0,nan
2379,13.0195,77.6105,,,,,,,,,,,0.0,0.0,0,0.0,0.151791,5.588,56.040899653979245,0,0.0,0.0,0.0,0.0,0.0,nan
2380,13.0195,77.6195,,,,,,,,,,,0.0,0.0,0,0.0,0.14368,5.9599,56.040899653979245,0,0.0,0.0,0.0,0.0,0.0,nan
2381,13.0195,77.6285,,,,,,,,,,,0.0,0.0,0,0.0,0.134079,6.4583,56.040899653979245,0,0.0,0.0,0.0,0.0,0.0,nan
2382,13.0195,77.6375,,,,,,,,,,,0.0,0.0,0,0.0,0.124123,7.0565,56.040899653979245,0,0.0,0.0,0.0,0.0,0.0,nan
2383,13.0195,77.6465,,,,,,,,,,,0.0,0.0,0,0.0,0.11453,7.7313,56.040899653979245,0,0.0,0.0,0.0,0.0,0.0,nan
2384,13.0195,77.6555,,,,,,,,,,,0.0,0.0,0,0.0,0.105659,8.4644,56.040899653979245,0,0.0,0.0,0.0,0.0,0.0,nan
2385,13.0195,77.6645,,,,,,,,,,,0.0,0.0,0,0.0,0.097637,9.242,56.040899653979245,0,0.0,0.0,0.0,0.0,0.0,nan
2386,13.0195,77.6735,,,,,,,,,,,0.0,0.0,0,0.0,0.090467,10.0537,56.040899653979245,0,0.0,0.0,0.0,0.0,0.0,nan
2387,13.0195,77.6825,,,,,,,,,,,0.0,0.0,0,0.0,0.08409,10.892,56.040899653979245,0,0.0,0.0,0.0,0.0,0.0,nan
2388,13.0195,77.6915,,,,,,,,,,,0.0,0.0,0,0.0,0.078425,11.7511,56.040899653979245,0,0.0,0.0,0.0,0.0,0.0,nan
2389,13.0195,77.7005,,,,,,,,,,,0.0,0.0,0,0.0,0.073385,12.6267,56.040899653979245,0,0.0,0.0,0.0,0.0,0.0,nan
2390,13.0195,77.7095,,,,,,,,,,,0.0,0.0,0,0.0,0.06889,13.5158,56.040899653979245,0,3373.0,64.0,52.7031,0.0,0.0,nan
2391,13.0195,77.7185,,,,,,,,,,,0.0,0.0,0,0.0,0.064869,14.4157,56.040899653979245,0,0.0,0.0,0.0,0.0,0.0,nan
2392,13.0195,77.7275,,,,,,,,,,,0.0,0.0,0,0.0,0.061257,15.3246,56.040899653979245,0,0.0,0.0,0.0,0.0,0.0,nan
2393,13.0195,77.7365,,,,,,,,,,,0.0,0.0,0,0.0,0.058001,16.241,56.040899653979245,0,0.0,0.0,0.0,0.0,0.0,nan
2394,13.0195,77.7455,,,,,,,,,,,0.0,0.0,0,0.0,0.055055,17.1636,56.040899653979245,0,0.0,0.0,0.0,0.0,0.0,nan
2395,13.0195,77.7545,,,,,,,,,,,0.0,0.0,0,0.0,0.052379,18.0916,56.040899653979245,0,0.0,0.0,0.0,0.0,0.0,nan
2396,13.0195,77.7635,,,,,,,,,,,0.0,0.0,0,0.0,0.04994,19.0241,56.040899653979245,0,0.0,0.0,0.0,0.0,0.0,nan
2397,13.0195,77.7725,,,,,,,,,,,0.0,0.0,0,0.0,0.047709,19.9604,56.040899653979245,0,0.0,0.0,0.0,0.0,0.0,nan
2398,13.0195,77.7815,,,,,,,,,,,0.0,0.0,0,0.0,0.045662,20.9002,56.040899653979245,0,0.0,0.0,0.0,0.0,0.0,nan
2399,13.0195,77.7905,,,,,,,,,,,0.0,0.0,0,0.0,0.043777,21.8429,56.040899653979245,0,0.0,0.0,0.0,0.0,0.0,nan
2400,13.0195,77.7995,,,,,,,,,,,0.0,0.0,0,0.0,0.042038,22.7882,56.040899653979245,0,0.0,0.0,0.0,0.0,0.0,nan
2401,13.0195,77.8085,,,,,,,,,,,0.0,0.0,0,0.0,0.040427,23.7357,56.040899653979245,0,0.0,0.0,0.0,0.0,0.0,nan
2402,13.0195,77.8175,,,,,,,,,,,0.0,0.0,0,0.0,0.038933,24.6853,56.040899653979245,0,0.0,0.0,0.0,0.0,0.0,nan
2403,13.0195,77.8265,,,,,,,,,,,0.0,0.0,0,0.0,0.037542,25.6366,56.040899653979245,0,0.0,0.0,0.0,0.0,0.0,nan
2404,13.0195,77.8355,,,,,,,,,,,0.0,0.0,0,0.0,0.036246,26.5895,56.040899653979245,0,0.0,0.0,0.0,0.0,0.0,nan
2405,13.0195,77.8445,,,,,,,,,,,0.0,0.0,0,0.0,0.035034,27.5439,56.040899653979245,0,0.0,0.0,0.0,0.0,0.0,nan
2406,13.0195,77.8535,,,,,,,,,,,0.0,0.0,0,0.0,0.033899,28.4995,56.040899653979245,0,0.0,0.0,0.0,0.0,0.0,nan
2407,13.0195,77.8625,,,,,,,,,,,0.0,0.0,0,0.0,0.032834,29.4563,56.040899653979245,0,0.0,0.0,0.0,0.0,0.0,nan
2408,13.0195,77.8715,,,,,,,,,,,0.0,0.0,0,0.0,0.031833,30.4141,56.040899653979245,0,0.0,0.0,0.0,0.0,0.0,nan
2409,13.0195,77.8805,,,,,,,,,,,0.0,0.0,0,0.0,0.03089,31.3729,56.040899653979245,0,0.0,0.0,0.0,0.0,0.0,nan
2410,13.0195,77.8895,,,,,,,,,,,0.0,0.0,0,0.0,0.030001,32.3326,56.040899653979245,0,0.0,0.0,0.0,0.0,0.0,nan
2411,13.0195,77.8985,,,,,,,,,,,0.0,0.0,0,0.0,0.02916,33.293,56.040899653979245,0,0.0,0.0,0.0,0.0,0.0,nan
2412,13.0285,77.3045,,,,,,,,,,,0.0,0.0,0,0.0,0.030302,32.0016,56.040899653979245,0,0.0,0.0,0.0,0.0,0.0,nan
2413,13.0285,77.3135,,,,,,,,,,,0.0,0.0,0,0.0,0.031203,31.0481,56.040899653979245,0,0.0,0.0,0.0,0.0,0.0,nan
2414,13.0285,77.3225,,,,,,,,,,,0.0,0.0,0,0.0,0.032159,30.0958,56.040899653979245,0,0.0,0.0,0.0,0.0,0.0,nan
2415,13.0285,77.3315,,,,,,,,,,,0.0,0.0,0,0.0,0.033173,29.1449,56.040899653979245,0,0.0,0.0,0.0,0.0,0.0,nan
2416,13.0285,77.3405,,,,,,,,,,,0.0,0.0,0,0.0,0.034252,28.1955,56.040899653979245,0,0.0,0.0,0.0,0.0,0.0,nan
2417,13.0285,77.3495,,,,,,,,,,,0.0,0.0,0,0.0,0.035401,27.2479,56.040899653979245,0,0.0,0.0,0.0,0.0,0.0,nan
2418,13.0285,77.3585,,,,,,,,,,,0.0,0.0,0,0.0,0.036627,26.3021,56.040899653979245,0,0.0,0.0,0.0,0.0,0.0,nan
2419,13.0285,77.3675,,,,,,,,,,,0.0,0.0,0,0.0,0.037939,25.3583,56.040899653979245,0,0.0,0.0,0.0,0.0,0.0,nan
2420,13.0285,77.3765,,,,,,,,,,,0.0,0.0,0,0.0,0.039344,24.4169,56.040899653979245,0,35.0,24.0,1.4583,0.0,0.0,nan
2421,13.0285,77.3855,,,,,,,,,,,0.0,0.0,0,0.0,0.040853,23.4781,56.040899653979245,0,0.0,0.0,0.0,0.0,0.0,nan
2422,13.0285,77.3945,,,,,,,,,,,0.0,0.0,0,0.0,0.042477,22.5422,56.040899653979245,0,0.0,0.0,0.0,0.0,0.0,nan
2423,13.0285,77.4035,,,,,,,,,,,0.0,0.0,0,0.0,0.044229,21.6096,56.040899653979245,0,0.0,0.0,0.0,0.0,0.0,nan
2424,13.0285,77.4125,,,,,,,,,,,0.0,0.0,0,0.0,0.046124,20.6808,56.040899653979245,0,0.0,0.0,0.0,0.0,0.0,nan
2425,13.0285,77.4215,,,,,,,,,,,0.0,0.0,0,0.0,0.048178,19.7563,56.040899653979245,0,0.0,0.0,0.0,0.0,0.0,nan
2426,13.0285,77.4305,,,,,,,,,,,0.0,0.0,0,0.0,0.050412,18.8366,56.040899653979245,0,0.0,0.0,0.0,0.0,0.0,nan
2427,13.0285,77.4395,,,,,,,,,,,0.0,0.0,0,0.0,0.052847,17.9227,56.040899653979245,0,0.0,0.0,0.0,0.0,0.0,nan
2428,13.0285,77.4485,,,,,,,,,,,0.0,0.0,0,0.0,0.055508,17.0153,56.040899653979245,0,0.0,0.0,0.0,0.0,0.0,nan
2429,13.0285,77.4575,,,,,,,,,,,0.0,0.0,0,0.0,0.058426,16.1156,56.040899653979245,0,0.0,0.0,0.0,0.0,0.0,nan
2430,13.0285,77.4665,,,,,,,,,,,0.0,0.0,0,0.0,0.061634,15.2249,56.040899653979245,0,1.0,1.0,1.0,0.0,0.0,nan
2431,13.0285,77.4755,,,,,,,,,,,0.0,0.0,0,0.0,0.065168,14.345,56.040899653979245,0,0.0,0.0,0.0,0.0,0.0,nan
2432,13.0285,77.4845,,,,,,,,,,,0.0,0.0,0,0.0,0.06907,13.478,56.040899653979245,0,0.0,0.0,0.0,0.0,0.0,nan
2433,13.0285,77.4935,,,,,,,,,,,0.0,0.0,0,0.0,0.073387,12.6264,56.040899653979245,0,0.0,0.0,0.0,0.0,0.0,nan
2434,13.0285,77.5025,,,,,,,,,,,0.0,0.0,0,0.0,0.078163,11.7937,56.040899653979245,0,0.0,0.0,0.0,0.0,0.0,nan
2435,13.0285,77.5115,,,,,,,,,,,0.0,0.0,0,0.0,0.083444,10.9841,56.040899653979245,0,0.0,0.0,0.0,0.0,0.0,nan
2436,13.0285,77.5205,,,,,,,,,,,0.0,0.0,0,0.0,0.08926,10.2032,56.040899653979245,0,0.0,0.0,0.0,0.0,0.0,nan
2437,13.0285,77.5295,,,,,,,,,,,0.0,0.0,0,0.0,0.095621,9.458,56.040899653979245,0,0.0,0.0,0.0,0.0,0.0,nan
2438,13.0285,77.5385,,,,,,,,,,,0.0,0.0,0,0.0,0.102483,8.7577,56.040899653979245,0,0.0,0.0,0.0,0.0,0.0,nan
2439,13.0285,77.5475,,,,,,,,,,,0.0,0.0,0,0.0,0.109724,8.1138,56.040899653979245,0,0.0,0.0,0.0,0.0,0.0,nan
2440,13.0285,77.5565,,,,,,,,,,,0.0,0.0,0,0.0,0.117082,7.541,56.040899653979245,0,41.0,21.0,1.9524,0.0,0.0,nan
2441,13.0285,77.5655,,,,,,,,,,,0.0,0.0,0,0.0,0.124123,7.0565,56.040899653979245,0,0.0,0.0,0.0,0.0,0.0,nan
2442,13.0285,77.5745,,,,,,,,,,,0.0,0.0,0,0.0,0.130217,6.6795,56.040899653979245,0,0.0,0.0,0.0,0.0,0.0,nan
2443,13.0285,77.5835,,,,,,,,,,,0.0,0.0,0,0.0,0.134608,6.429,56.040899653979245,0,0.0,0.0,0.0,0.0,0.0,nan
2444,13.0285,77.5925,,,,,,,,,,,0.0,0.0,0,0.0,0.136612,6.32,56.040899653979245,0,0.0,0.0,0.0,0.0,0.0,nan
2445,13.0285,77.6015,,,,,,,,,,,0.0,0.0,0,0.0,0.135873,6.3598,56.040899653979245,0,0.0,0.0,0.0,0.0,0.0,nan
2446,13.0285,77.6105,,,,,,,,,,,0.0,0.0,0,0.0,0.132524,6.5458,56.040899653979245,0,0.0,0.0,0.0,0.0,0.0,nan
2447,13.0285,77.6195,,,,,,,,,,,0.0,0.0,0,0.0,0.127129,6.866,56.040899653979245,0,0.0,0.0,0.0,0.0,0.0,nan
2448,13.0285,77.6285,,,,,,,,,,,0.0,0.0,0,0.0,0.120441,7.3028,56.040899653979245,0,0.0,0.0,0.0,0.0,0.0,nan
2449,13.0285,77.6375,,,,,,,,,,,0.0,0.0,0,0.0,0.113164,7.8367,56.040899653979245,0,0.0,0.0,0.0,0.0,0.0,nan
2450,13.0285,77.6465,,,,,,,,,,,0.0,0.0,0,0.0,0.105827,8.4494,56.040899653979245,0,5601.0,55.0,101.8364,0.0,0.0,nan
2451,13.0285,77.6555,,,,,,,,,,,0.0,0.0,0,0.0,0.098766,9.1249,56.040899653979245,0,0.0,0.0,0.0,0.0,0.0,nan
2452,13.0285,77.6645,,,,,,,,,,,0.0,0.0,0,0.0,0.092162,9.8505,56.040899653979245,0,0.0,0.0,0.0,0.0,0.0,nan
2453,13.0285,77.6735,,,,,,,,,,,0.0,0.0,0,0.0,0.08609,10.6157,56.040899653979245,0,0.0,0.0,0.0,0.0,0.0,nan
2454,13.0285,77.6825,,,,,,,,,,,0.0,0.0,0,0.0,0.080563,11.4127,56.040899653979245,0,0.0,0.0,0.0,0.0,0.0,nan
2455,13.0285,77.6915,,,,,,,,,,,0.0,0.0,0,0.0,0.075556,12.2352,56.040899653979245,0,0.0,0.0,0.0,0.0,0.0,nan
2456,13.0285,77.7005,,,,,,,,,,,0.0,0.0,0,0.0,0.07103,13.0785,56.040899653979245,0,0.0,0.0,0.0,0.0,0.0,nan
2457,13.0285,77.7095,,,,,,,,,,,0.0,0.0,0,0.0,0.066941,13.9386,56.040899653979245,0,0.0,0.0,0.0,0.0,0.0,nan
2458,13.0285,77.7185,,,,,,,,,,,0.0,0.0,0,0.0,0.06324,14.8128,56.040899653979245,0,0.0,0.0,0.0,0.0,0.0,nan
2459,13.0285,77.7275,,,,,,,,,,,0.0,0.0,0,0.0,0.059885,15.6987,56.040899653979245,0,0.0,0.0,0.0,0.0,0.0,nan
2460,13.0285,77.7365,,,,,,,,,,,0.0,0.0,0,0.0,0.056836,16.5944,56.040899653979245,0,26.0,26.0,1.0,0.0,0.0,nan
2461,13.0285,77.7455,,,,,,,,,,,0.0,0.0,0,0.0,0.054059,17.4983,56.040899653979245,0,0.0,0.0,0.0,0.0,0.0,nan
2462,13.0285,77.7545,,,,,,,,,,,0.0,0.0,0,0.0,0.051522,18.4093,56.040899653979245,0,0.0,0.0,0.0,0.0,0.0,nan
2463,13.0285,77.7635,,,,,,,,,,,0.0,0.0,0,0.0,0.049197,19.3264,56.040899653979245,0,0.0,0.0,0.0,0.0,0.0,nan
2464,13.0285,77.7725,,,,,,,,,,,0.0,0.0,0,0.0,0.047061,20.2488,56.040899653979245,0,0.0,0.0,0.0,0.0,0.0,nan
2465,13.0285,77.7815,,,,,,,,,,,0.0,0.0,0,0.0,0.045094,21.1757,56.040899653979245,0,0.0,0.0,0.0,0.0,0.0,nan
2466,13.0285,77.7905,,,,,,,,,,,0.0,0.0,0,0.0,0.043278,22.1066,56.040899653979245,0,0.0,0.0,0.0,0.0,0.0,nan
2467,13.0285,77.7995,,,,,,,,,,,0.0,0.0,0,0.0,0.041596,23.041,56.040899653979245,0,0.0,0.0,0.0,0.0,0.0,nan
2468,13.0285,77.8085,,,,,,,,,,,0.0,0.0,0,0.0,0.040034,23.9785,56.040899653979245,0,0.0,0.0,0.0,0.0,0.0,nan
2469,13.0285,77.8175,,,,,,,,,,,0.0,0.0,0,0.0,0.038582,24.9187,56.040899653979245,0,0.0,0.0,0.0,0.0,0.0,nan
2470,13.0285,77.8265,,,,,,,,,,,0.0,0.0,0,0.0,0.037228,25.8614,56.040899653979245,0,0.0,0.0,0.0,0.0,0.0,nan
2471,13.0285,77.8355,,,,,,,,,,,0.0,0.0,0,0.0,0.035963,26.8062,56.040899653979245,0,0.0,0.0,0.0,0.0,0.0,nan
2472,13.0285,77.8445,,,,,,,,,,,0.0,0.0,0,0.0,0.034779,27.7531,56.040899653979245,0,0.0,0.0,0.0,0.0,0.0,nan
2473,13.0285,77.8535,,,,,,,,,,,0.0,0.0,0,0.0,0.033668,28.7017,56.040899653979245,0,0.0,0.0,0.0,0.0,0.0,nan
2474,13.0285,77.8625,,,,,,,,,,,0.0,0.0,0,0.0,0.032624,29.6519,56.040899653979245,0,0.0,0.0,0.0,0.0,0.0,nan
2475,13.0285,77.8715,,,,,,,,,,,0.0,0.0,0,0.0,0.031642,30.6035,56.040899653979245,0,0.0,0.0,0.0,0.0,0.0,nan
2476,13.0285,77.8805,,,,,,,,,,,0.0,0.0,0,0.0,0.030716,31.5565,56.040899653979245,0,0.0,0.0,0.0,0.0,0.0,nan
2477,13.0285,77.8895,,,,,,,,,,,0.0,0.0,0,0.0,0.029841,32.5107,56.040899653979245,0,0.0,0.0,0.0,0.0,0.0,nan
2478,13.0285,77.8985,,,,,,,,,,,0.0,0.0,0,0.0,0.029014,33.4659,56.040899653979245,0,0.0,0.0,0.0,0.0,0.0,nan
2479,13.0375,77.3045,,,,,,,,,,,0.0,0.0,0,0.0,0.030109,32.2126,56.040899653979245,0,0.0,0.0,0.0,0.0,0.0,nan
2480,13.0375,77.3135,,,,,,,,,,,0.0,0.0,0,0.0,0.030993,31.2655,56.040899653979245,0,38.0,18.0,2.1111,0.0,0.0,nan
2481,13.0375,77.3225,,,,,,,,,,,0.0,0.0,0,0.0,0.031928,30.3202,56.040899653979245,0,0.0,0.0,0.0,0.0,0.0,nan
2482,13.0375,77.3315,,,,,,,,,,,0.0,0.0,0,0.0,0.03292,29.3766,56.040899653979245,0,0.0,0.0,0.0,0.0,0.0,nan
2483,13.0375,77.3405,,,,,,,,,,,0.0,0.0,0,0.0,0.033973,28.435,56.040899653979245,0,0.0,0.0,0.0,0.0,0.0,nan
2484,13.0375,77.3495,,,,,,,,,,,0.0,0.0,0,0.0,0.035093,27.4957,56.040899653979245,0,0.0,0.0,0.0,0.0,0.0,nan
2485,13.0375,77.3585,,,,,,,,,,,0.0,0.0,0,0.0,0.036286,26.5588,56.040899653979245,0,0.0,0.0,0.0,0.0,0.0,nan
2486,13.0375,77.3675,,,,,,,,,,,0.0,0.0,0,0.0,0.037559,25.6246,56.040899653979245,0,0.0,0.0,0.0,0.0,0.0,nan
2487,13.0375,77.3765,,,,,,,,,,,0.0,0.0,0,0.0,0.038921,24.6934,56.040899653979245,0,0.0,0.0,0.0,0.0,0.0,nan
2488,13.0375,77.3855,,,,,,,,,,,0.0,0.0,0,0.0,0.040379,23.7656,56.040899653979245,0,0.0,0.0,0.0,0.0,0.0,nan
2489,13.0375,77.3945,,,,,,,,,,,0.0,0.0,0,0.0,0.041944,22.8415,56.040899653979245,0,0.0,0.0,0.0,0.0,0.0,nan
2490,13.0375,77.4035,,,,,,,,,,,0.0,0.0,0,0.0,0.043627,21.9217,56.040899653979245,0,1.0,1.0,1.0,0.0,0.0,nan
2491,13.0375,77.4125,,,,,,,,,,,0.0,0.0,0,0.0,0.045441,21.0068,56.040899653979245,0,0.0,0.0,0.0,0.0,0.0,nan
2492,13.0375,77.4215,,,,,,,,,,,0.0,0.0,0,0.0,0.047399,20.0973,56.040899653979245,0,0.0,0.0,0.0,0.0,0.0,nan
2493,13.0375,77.4305,,,,,,,,,,,0.0,0.0,0,0.0,0.049519,19.1941,56.040899653979245,0,0.0,0.0,0.0,0.0,0.0,nan
2494,13.0375,77.4395,,,,,,,,,,,0.0,0.0,0,0.0,0.051819,18.298,56.040899653979245,0,0.0,0.0,0.0,0.0,0.0,nan
2495,13.0375,77.4485,,,,,,,,,,,0.0,0.0,0,0.0,0.054317,17.4103,56.040899653979245,0,0.0,0.0,0.0,0.0,0.0,nan
2496,13.0375,77.4575,,,,,,,,,,,0.0,0.0,0,0.0,0.057038,16.5322,56.040899653979245,0,0.0,0.0,0.0,0.0,0.0,nan
2497,13.0375,77.4665,,,,,,,,,,,0.0,0.0,0,0.0,0.060005,15.6653,56.040899653979245,0,0.0,0.0,0.0,0.0,0.0,nan
2498,13.0375,77.4755,,,,,,,,,,,0.0,0.0,0,0.0,0.063245,14.8116,56.040899653979245,0,0.0,0.0,0.0,0.0,0.0,nan
2499,13.0375,77.4845,,,,,,,,,,,0.0,0.0,0,0.0,0.066784,13.9736,56.040899653979245,0,0.0,0.0,0.0,0.0,0.0,nan
2500,13.0375,77.4935,,,,,,,,,,,0.0,0.0,0,0.0,0.07065,13.1543,56.040899653979245,0,29.0,14.0,2.0714,0.0,0.0,nan
2501,13.0375,77.5025,,,,,,,,,,,0.0,0.0,0,0.0,0.074866,12.3572,56.040899653979245,0,0.0,0.0,0.0,0.0,0.0,nan
2502,13.0375,77.5115,,,,,,,,,,,0.0,0.0,0,0.0,0.079446,11.5871,56.040899653979245,0,0.0,0.0,0.0,0.0,0.0,nan
2503,13.0375,77.5205,,,,,,,,,,,0.0,0.0,0,0.0,0.08439,10.8498,56.040899653979245,0,0.0,0.0,0.0,0.0,0.0,nan
2504,13.0375,77.5295,,,,,,,,,,,0.0,0.0,0,0.0,0.089668,10.1522,56.040899653979245,0,0.0,0.0,0.0,0.0,0.0,nan
2505,13.0375,77.5385,,,,,,,,,,,0.0,0.0,0,0.0,0.095209,9.5032,56.040899653979245,0,0.0,0.0,0.0,0.0,0.0,nan
2506,13.0375,77.5475,,,,,,,,,,,0.0,0.0,0,0.0,0.100873,8.9135,56.040899653979245,0,0.0,0.0,0.0,0.0,0.0,nan
2507,13.0375,77.5565,,,,,,,,,,,0.0,0.0,0,0.0,0.106435,8.3954,56.040899653979245,0,0.0,0.0,0.0,0.0,0.0,nan
2508,13.0375,77.5655,,,,,,,,,,,0.0,0.0,0,0.0,0.111569,7.9631,56.040899653979245,0,0.0,0.0,0.0,0.0,0.0,nan
2509,13.0375,77.5745,,,,,,,,,,,0.0,0.0,0,0.0,0.115861,7.631,56.040899653979245,0,0.0,0.0,0.0,0.0,0.0,nan
2510,13.0375,77.5835,,,,,,,,,,,0.0,0.0,0,0.0,0.118868,7.4127,56.040899653979245,0,3095.0,47.0,65.8511,0.0,0.0,nan
2511,13.0375,77.5925,,,,,,,,,,,0.0,0.0,0,0.0,0.120215,7.3184,56.040899653979245,0,0.0,0.0,0.0,0.0,0.0,nan
2512,13.0375,77.6015,,,,,,,,,,,0.0,0.0,0,0.0,0.119719,7.3529,56.040899653979245,0,0.0,0.0,0.0,0.0,0.0,nan
2513,13.0375,77.6105,,,,,,,,,,,0.0,0.0,0,0.0,0.117449,7.5143,56.040899653979245,0,0.0,0.0,0.0,0.0,0.0,nan
2514,13.0375,77.6195,,,,,,,,,,,0.0,0.0,0,0.0,0.113704,7.7948,56.040899653979245,0,0.0,0.0,0.0,0.0,0.0,nan
2515,13.0375,77.6285,,,,,,,,,,,0.0,0.0,0,0.0,0.108908,8.1821,-9.620000000000118,0,0.0,0.0,0.0,0.0,0.0,nan
2516,13.0375,77.6375,,,,,,,,,,,0.0,0.0,0,0.0,0.103498,8.662,56.040899653979245,0,0.0,0.0,0.0,0.0,0.0,nan
2517,13.0375,77.6465,,,,,,,,,,,0.0,0.0,0,0.0,0.097848,9.2199,56.040899653979245,0,0.0,0.0,0.0,0.0,0.0,nan
2518,13.0375,77.6555,,,,,,,,,,,0.0,0.0,0,0.0,0.092228,9.8427,56.040899653979245,0,0.0,0.0,0.0,0.0,0.0,nan
2519,13.0375,77.6645,,,,,,,,,,,0.0,0.0,0,0.0,0.086815,10.5188,56.040899653979245,0,0.0,0.0,0.0,0.0,0.0,nan
2520,13.0375,77.6735,,,,,,,,,,,0.0,0.0,0,0.0,0.081709,11.2386,-9.620000000000118,0,68.0,48.0,1.4167,0.0,0.0,nan
2521,13.0375,77.6825,,,,,,,,,,,0.0,0.0,0,0.0,0.076957,11.9942,56.040899653979245,0,0.0,0.0,0.0,0.0,0.0,nan
2522,13.0375,77.6915,,,,,,,,,,,0.0,0.0,0,0.0,0.072573,12.7793,56.040899653979245,0,0.0,0.0,0.0,0.0,0.0,nan
2523,13.0375,77.7005,,,,,,,,,,,0.0,0.0,0,0.0,0.068546,13.5887,56.040899653979245,0,0.0,0.0,0.0,0.0,0.0,nan
2524,13.0375,77.7095,,,,,,,,,,,0.0,0.0,0,0.0,0.064857,14.4185,56.040899653979245,0,0.0,0.0,0.0,0.0,0.0,nan
2525,13.0375,77.7185,,,,,,,,,,,0.0,0.0,0,0.0,0.061481,15.2651,-2.939999999999941,0,0.0,0.0,0.0,0.0,0.0,nan
2526,13.0375,77.7275,,,,,,,,,,,0.0,0.0,0,0.0,0.05839,16.1261,56.040899653979245,0,0.0,0.0,0.0,0.0,0.0,nan
2527,13.0375,77.7365,,,,,,,,,,,0.0,0.0,0,0.0,0.055558,16.9992,56.040899653979245,0,0.0,0.0,0.0,0.0,0.0,nan
2528,13.0375,77.7455,,,,,,,,,,,0.0,0.0,0,0.0,0.052959,17.8827,56.040899653979245,0,0.0,0.0,0.0,0.0,0.0,nan
2529,13.0375,77.7545,,,,,,,,,,,0.0,0.0,0,0.0,0.050569,18.775,56.040899653979245,0,0.0,0.0,0.0,0.0,0.0,nan
2530,13.0375,77.7635,,,,,,,,,,,0.0,0.0,0,0.0,0.048368,19.675,26.520000000000095,0,10.0,9.0,1.1111,0.0,0.0,nan
2531,13.0375,77.7725,,,,,,,,,,,0.0,0.0,0,0.0,0.046336,20.5816,56.040899653979245,0,0.0,0.0,0.0,0.0,0.0,nan
2532,13.0375,77.7815,,,,,,,,,,,0.0,0.0,0,0.0,0.044456,21.4941,56.040899653979245,0,0.0,0.0,0.0,0.0,0.0,nan
2533,13.0375,77.7905,,,,,,,,,,,0.0,0.0,0,0.0,0.042714,22.4117,56.040899653979245,0,0.0,0.0,0.0,0.0,0.0,nan
2534,13.0375,77.7995,,,,,,,,,,,0.0,0.0,0,0.0,0.041095,23.3338,56.040899653979245,0,0.0,0.0,0.0,0.0,0.0,nan
2535,13.0375,77.8085,,,,,,,,,,,0.0,0.0,0,0.0,0.039588,24.2599,26.520000000000095,0,0.0,0.0,0.0,0.0,0.0,nan
2536,13.0375,77.8175,,,,,,,,,,,0.0,0.0,0,0.0,0.038183,25.1896,56.040899653979245,0,0.0,0.0,0.0,0.0,0.0,nan
2537,13.0375,77.8265,,,,,,,,,,,0.0,0.0,0,0.0,0.03687,26.1224,56.040899653979245,0,0.0,0.0,0.0,0.0,0.0,nan
2538,13.0375,77.8355,,,,,,,,,,,0.0,0.0,0,0.0,0.03564,27.0581,56.040899653979245,0,0.0,0.0,0.0,0.0,0.0,nan
2539,13.0375,77.8445,,,,,,,,,,,0.0,0.0,0,0.0,0.034487,27.9964,56.040899653979245,0,0.0,0.0,0.0,0.0,0.0,nan
2540,13.0375,77.8535,,,,,,,,,,,0.0,0.0,0,0.0,0.033404,28.9369,66.44000000000005,0,0.0,0.0,0.0,0.0,0.0,nan
2541,13.0375,77.8625,,,,,,,,,,,0.0,0.0,0,0.0,0.032384,29.8796,56.040899653979245,0,0.0,0.0,0.0,0.0,0.0,nan
2542,13.0375,77.8715,,,,,,,,,,,0.0,0.0,0,0.0,0.031423,30.8241,56.040899653979245,0,0.0,0.0,0.0,0.0,0.0,nan
2543,13.0375,77.8805,,,,,,,,,,,0.0,0.0,0,0.0,0.030515,31.7704,56.040899653979245,0,0.0,0.0,0.0,0.0,0.0,nan
2544,13.0375,77.8895,,,,,,,,,,,0.0,0.0,0,0.0,0.029657,32.7183,56.040899653979245,0,0.0,0.0,0.0,0.0,0.0,nan
2545,13.0375,77.8985,,,,,,,,,,,0.0,0.0,0,0.0,0.028845,33.6676,70.77000000000021,0,0.0,0.0,0.0,0.0,0.0,nan
2546,13.0465,77.3045,,,,,,,,,,,0.0,0.0,0,0.0,0.029893,32.4529,56.040899653979245,0,0.0,0.0,0.0,0.0,0.0,nan
2547,13.0465,77.3135,,,,,,,,,,,0.0,0.0,0,0.0,0.030757,31.5132,56.040899653979245,0,0.0,0.0,0.0,0.0,0.0,nan
2548,13.0465,77.3225,,,,,,,,,,,0.0,0.0,0,0.0,0.03167,30.5755,56.040899653979245,0,0.0,0.0,0.0,0.0,0.0,nan
2549,13.0465,77.3315,,,,,,,,,,,0.0,0.0,0,0.0,0.032637,29.6401,56.040899653979245,0,0.0,0.0,0.0,0.0,0.0,nan
2550,13.0465,77.3405,,,,,,,,,,,0.0,0.0,0,0.0,0.033662,28.7073,74.21000000000004,0,0.0,0.0,0.0,0.0,0.0,nan
2551,13.0465,77.3495,,,,,,,,,,,0.0,0.0,0,0.0,0.03475,27.7772,56.040899653979245,0,0.0,0.0,0.0,0.0,0.0,nan
2552,13.0465,77.3585,,,,,,,,,,,0.0,0.0,0,0.0,0.035906,26.8502,56.040899653979245,0,0.0,0.0,0.0,0.0,0.0,nan
2553,13.0465,77.3675,,,,,,,,,,,0.0,0.0,0,0.0,0.037138,25.9266,56.040899653979245,0,0.0,0.0,0.0,0.0,0.0,nan
2554,13.0465,77.3765,,,,,,,,,,,0.0,0.0,0,0.0,0.038452,25.0067,56.040899653979245,0,0.0,0.0,0.0,0.0,0.0,nan
2555,13.0465,77.3855,,,,,,,,,,,0.0,0.0,0,0.0,0.039855,24.091,42.43999999999983,0,0.0,0.0,0.0,0.0,0.0,nan
2556,13.0465,77.3945,,,,,,,,,,,0.0,0.0,0,0.0,0.041356,23.18,56.040899653979245,0,0.0,0.0,0.0,0.0,0.0,nan
2557,13.0465,77.4035,,,,,,,,,,,0.0,0.0,0,0.0,0.042966,22.2743,56.040899653979245,0,0.0,0.0,0.0,0.0,0.0,nan
2558,13.0465,77.4125,,,,,,,,,,,0.0,0.0,0,0.0,0.044694,21.3745,56.040899653979245,0,0.0,0.0,0.0,0.0,0.0,nan
2559,13.0465,77.4215,,,,,,,,,,,0.0,0.0,0,0.0,0.046552,20.4814,56.040899653979245,0,0.0,0.0,0.0,0.0,0.0,nan
2560,13.0465,77.4305,,,,,,,,,,,0.0,0.0,0,0.0,0.048553,19.596,16.679999999999836,0,1.0,1.0,1.0,0.0,0.0,nan
2561,13.0465,77.4395,,,,,,,,,,,0.0,0.0,0,0.0,0.050712,18.7193,56.040899653979245,0,0.0,0.0,0.0,0.0,0.0,nan
2562,13.0465,77.4485,,,,,,,,,,,0.0,0.0,0,0.0,0.053043,17.8525,56.040899653979245,0,0.0,0.0,0.0,0.0,0.0,nan
2563,13.0465,77.4575,,,,,,,,,,,0.0,0.0,0,0.0,0.055564,16.9973,56.040899653979245,0,0.0,0.0,0.0,0.0,0.0,nan
2564,13.0465,77.4665,,,,,,,,,,,0.0,0.0,0,0.0,0.05829,16.1555,56.040899653979245,0,0.0,0.0,0.0,0.0,0.0,nan
2565,13.0465,77.4755,,,,,,,,,,,0.0,0.0,0,0.0,0.06124,15.3292,16.679999999999836,0,0.0,0.0,0.0,0.0,0.0,nan
2566,13.0465,77.4845,,,,,,,,,,,0.0,0.0,0,0.0,0.064428,14.5212,56.040899653979245,0,0.0,0.0,0.0,0.0,0.0,nan
2567,13.0465,77.4935,,,,,,,,,,,0.0,0.0,0,0.0,0.067867,13.7346,56.040899653979245,0,0.0,0.0,0.0,0.0,0.0,nan
2568,13.0465,77.5025,,,,,,,,,,,0.0,0.0,0,0.0,0.071565,12.9733,56.040899653979245,0,0.0,0.0,0.0,0.0,0.0,nan
2569,13.0465,77.5115,,,,,,,,,,,0.0,0.0,0,0.0,0.075517,12.2421,56.040899653979245,0,0.0,0.0,0.0,0.0,0.0,nan
2570,13.0465,77.5205,,,,,,,,,,,0.0,0.0,0,0.0,0.079702,11.5467,19.73999999999978,0,4.0,4.0,1.0,0.0,0.0,nan
2571,13.0465,77.5295,,,,,,,,,,,0.0,0.0,0,0.0,0.084077,10.8939,56.040899653979245,0,0.0,0.0,0.0,0.0,0.0,nan
2572,13.0465,77.5385,,,,,,,,,,,0.0,0.0,0,0.0,0.08856,10.2918,56.040899653979245,0,0.0,0.0,0.0,0.0,0.0,nan
2573,13.0465,77.5475,,,,,,,,,,,0.0,0.0,0,0.0,0.093024,9.7499,56.040899653979245,0,0.0,0.0,0.0,0.0,0.0,nan
2574,13.0465,77.5565,,,,,,,,,,,0.0,0.0,0,0.0,0.097289,9.2787,56.040899653979245,0,0.0,0.0,0.0,0.0,0.0,nan
2575,13.0465,77.5655,,,,,,,,,,,0.0,0.0,0,0.0,0.101117,8.8895,19.73999999999978,0,0.0,0.0,0.0,0.0,0.0,nan
2576,13.0465,77.5745,,,,,,,,,,,0.0,0.0,0,0.0,0.104239,8.5933,56.040899653979245,0,0.0,0.0,0.0,0.0,0.0,nan
2577,13.0465,77.5835,,,,,,,,,,,0.0,0.0,0,0.0,0.106382,8.4001,56.040899653979245,0,0.0,0.0,0.0,0.0,0.0,nan
2578,13.0465,77.5925,,,,,,,,,,,0.0,0.0,0,0.0,0.107331,8.317,56.040899653979245,0,0.0,0.0,0.0,0.0,0.0,nan
2579,13.0465,77.6015,,,,,,,,,,,0.0,0.0,0,0.0,0.106983,8.3473,56.040899653979245,0,0.0,0.0,0.0,0.0,0.0,nan
2580,13.0465,77.6105,,,,,,,,,,,0.0,0.0,0,0.0,0.105376,8.4898,-9.839999999999918,0,597.0,58.0,10.2931,0.0,0.0,nan
2581,13.0465,77.6195,,,,,,,,,,,0.0,0.0,0,0.0,0.10268,8.739,56.040899653979245,0,0.0,0.0,0.0,0.0,0.0,nan
2582,13.0465,77.6285,,,,,,,,,,,0.0,0.0,0,0.0,0.099145,9.0862,56.040899653979245,0,0.0,0.0,0.0,0.0,0.0,nan
2583,13.0465,77.6375,,,,,,,,,,,0.0,0.0,0,0.0,0.095052,9.5206,56.040899653979245,0,0.0,0.0,0.0,0.0,0.0,nan
2584,13.0465,77.6465,,,,,,,,,,,0.0,0.0,0,0.0,0.090655,10.0308,56.040899653979245,0,0.0,0.0,0.0,0.0,0.0,nan
2585,13.0465,77.6555,,,,,,,,,,,0.0,0.0,0,0.0,0.086162,10.6061,-9.620000000000118,0,0.0,0.0,0.0,0.0,0.0,nan
2586,13.0465,77.6645,,,,,,,,,,,0.0,0.0,0,0.0,0.081724,11.2363,56.040899653979245,0,0.0,0.0,0.0,0.0,0.0,nan
2587,13.0465,77.6735,,,,,,,,,,,0.0,0.0,0,0.0,0.077443,11.9127,56.040899653979245,0,0.0,0.0,0.0,0.0,0.0,nan
2588,13.0465,77.6825,,,,,,,,,,,0.0,0.0,0,0.0,0.073378,12.628,56.040899653979245,0,0.0,0.0,0.0,0.0,0.0,nan
2589,13.0465,77.6915,,,,,,,,,,,0.0,0.0,0,0.0,0.069561,13.3759,56.040899653979245,0,0.0,0.0,0.0,0.0,0.0,nan
2590,13.0465,77.7005,,,,,,,,,,,0.0,0.0,0,0.0,0.066001,14.1512,-2.939999999999941,0,49.0,36.0,1.3611,0.0,0.0,nan
2591,13.0465,77.7095,,,,,,,,,,,0.0,0.0,0,0.0,0.062697,14.9497,56.040899653979245,0,0.0,0.0,0.0,0.0,0.0,nan
2592,13.0465,77.7185,,,,,,,,,,,0.0,0.0,0,0.0,0.059638,15.7678,56.040899653979245,0,0.0,0.0,0.0,0.0,0.0,nan
2593,13.0465,77.7275,,,,,,,,,,,0.0,0.0,0,0.0,0.056809,16.6027,56.040899653979245,0,0.0,0.0,0.0,0.0,0.0,nan
2594,13.0465,77.7365,,,,,,,,,,,0.0,0.0,0,0.0,0.054195,17.4519,56.040899653979245,0,0.0,0.0,0.0,0.0,0.0,nan
2595,13.0465,77.7455,,,,,,,,,,,0.0,0.0,0,0.0,0.051777,18.3135,-2.939999999999941,0,0.0,0.0,0.0,0.0,0.0,nan
2596,13.0465,77.7545,,,,,,,,,,,0.0,0.0,0,0.0,0.04954,19.1857,56.040899653979245,0,0.0,0.0,0.0,0.0,0.0,nan
2597,13.0465,77.7635,,,,,,,,,,,0.0,0.0,0,0.0,0.047467,20.0672,56.040899653979245,0,0.0,0.0,0.0,0.0,0.0,nan
2598,13.0465,77.7725,,,,,,,,,,,0.0,0.0,0,0.0,0.045544,20.9569,56.040899653979245,0,0.0,0.0,0.0,0.0,0.0,nan
2599,13.0465,77.7815,,,,,,,,,,,0.0,0.0,0,0.0,0.043757,21.8536,56.040899653979245,0,0.0,0.0,0.0,0.0,0.0,nan
2600,13.0465,77.7905,,,,,,,,,,,0.0,0.0,0,0.0,0.042093,22.7567,26.520000000000095,0,1.0,1.0,1.0,0.0,0.0,nan
2601,13.0465,77.7995,,,,,,,,,,,0.0,0.0,0,0.0,0.040543,23.6653,56.040899653979245,0,0.0,0.0,0.0,0.0,0.0,nan
2602,13.0465,77.8085,,,,,,,,,,,0.0,0.0,0,0.0,0.039095,24.5788,56.040899653979245,0,0.0,0.0,0.0,0.0,0.0,nan
2603,13.0465,77.8175,,,,,,,,,,,0.0,0.0,0,0.0,0.03774,25.4968,56.040899653979245,0,0.0,0.0,0.0,0.0,0.0,nan
2604,13.0465,77.8265,,,,,,,,,,,0.0,0.0,0,0.0,0.036471,26.4187,56.040899653979245,0,0.0,0.0,0.0,0.0,0.0,nan
2605,13.0465,77.8355,,,,,,,,,,,0.0,0.0,0,0.0,0.035281,27.3442,26.520000000000095,0,0.0,0.0,0.0,0.0,0.0,nan
2606,13.0465,77.8445,,,,,,,,,,,0.0,0.0,0,0.0,0.034161,28.2729,56.040899653979245,0,0.0,0.0,0.0,0.0,0.0,nan
2607,13.0465,77.8535,,,,,,,,,,,0.0,0.0,0,0.0,0.033108,29.2045,56.040899653979245,0,0.0,0.0,0.0,0.0,0.0,nan
2608,13.0465,77.8625,,,,,,,,,,,0.0,0.0,0,0.0,0.032114,30.1387,56.040899653979245,0,0.0,0.0,0.0,0.0,0.0,nan
2609,13.0465,77.8715,,,,,,,,,,,0.0,0.0,0,0.0,0.031177,31.0753,56.040899653979245,0,0.0,0.0,0.0,0.0,0.0,nan
2610,13.0465,77.8805,,,,,,,,,,,0.0,0.0,0,0.0,0.03029,32.0141,70.77000000000021,0,0.0,0.0,0.0,0.0,0.0,nan
2611,13.0465,77.8895,,,,,,,,,,,0.0,0.0,0,0.0,0.029451,32.9549,56.040899653979245,0,0.0,0.0,0.0,0.0,0.0,nan
2612,13.0465,77.8985,,,,,,,,,,,0.0,0.0,0,0.0,0.028655,33.8975,56.040899653979245,0,0.0,0.0,0.0,0.0,0.0,nan
2613,13.0555,77.3045,,,,,,,,,,,0.0,0.0,0,0.0,0.029654,32.722,56.040899653979245,0,0.0,0.0,0.0,0.0,0.0,nan
2614,13.0555,77.3135,,,,,,,,,,,0.0,0.0,0,0.0,0.030497,31.7903,56.040899653979245,0,0.0,0.0,0.0,0.0,0.0,nan
2615,13.0555,77.3225,,,,,,,,,,,0.0,0.0,0,0.0,0.031386,30.8611,74.21000000000004,0,0.0,0.0,0.0,0.0,0.0,nan
2616,13.0555,77.3315,,,,,,,,,,,0.0,0.0,0,0.0,0.032326,29.9347,56.040899653979245,0,0.0,0.0,0.0,0.0,0.0,nan
2617,13.0555,77.3405,,,,,,,,,,,0.0,0.0,0,0.0,0.033321,29.0114,56.040899653979245,0,0.0,0.0,0.0,0.0,0.0,nan
2618,13.0555,77.3495,,,,,,,,,,,0.0,0.0,0,0.0,0.034374,28.0915,56.040899653979245,0,0.0,0.0,0.0,0.0,0.0,nan
2619,13.0555,77.3585,,,,,,,,,,,0.0,0.0,0,0.0,0.035492,27.1753,56.040899653979245,0,0.0,0.0,0.0,0.0,0.0,nan
2620,13.0555,77.3675,,,,,,,,,,,0.0,0.0,0,0.0,0.03668,26.2631,41.329999999999814,0,0.0,0.0,0.0,0.0,0.0,nan
2621,13.0555,77.3765,,,,,,,,,,,0.0,0.0,0,0.0,0.037943,25.3555,56.040899653979245,0,0.0,0.0,0.0,0.0,0.0,nan
2622,13.0555,77.3855,,,,,,,,,,,0.0,0.0,0,0.0,0.039288,24.453,56.040899653979245,0,0.0,0.0,0.0,0.0,0.0,nan
2623,13.0555,77.3945,,,,,,,,,,,0.0,0.0,0,0.0,0.040723,23.5561,56.040899653979245,0,0.0,0.0,0.0,0.0,0.0,nan
2624,13.0555,77.4035,,,,,,,,,,,0.0,0.0,0,0.0,0.042256,22.6655,56.040899653979245,0,0.0,0.0,0.0,0.0,0.0,nan
2625,13.0555,77.4125,,,,,,,,,,,0.0,0.0,0,0.0,0.043894,21.7819,42.43999999999983,0,0.0,0.0,0.0,0.0,0.0,nan
2626,13.0555,77.4215,,,,,,,,,,,0.0,0.0,0,0.0,0.045649,20.9063,56.040899653979245,0,0.0,0.0,0.0,0.0,0.0,nan
2627,13.0555,77.4305,,,,,,,,,,,0.0,0.0,0,0.0,0.047529,20.0397,56.040899653979245,0,0.0,0.0,0.0,0.0,0.0,nan
2628,13.0555,77.4395,,,,,,,,,,,0.0,0.0,0,0.0,0.049546,19.1833,56.040899653979245,0,0.0,0.0,0.0,0.0,0.0,nan
2629,13.0555,77.4485,,,,,,,,,,,0.0,0.0,0,0.0,0.05171,18.3386,56.040899653979245,0,0.0,0.0,0.0,0.0,0.0,nan
2630,13.0555,77.4575,,,,,,,,,,,0.0,0.0,0,0.0,0.054033,17.5072,56.040899653979245,0,1.0,1.0,1.0,0.0,0.0,nan
2631,13.0555,77.4665,,,,,,,,,,,0.0,0.0,0,0.0,0.056525,16.6912,56.040899653979245,0,0.0,0.0,0.0,0.0,0.0,nan
2632,13.0555,77.4755,,,,,,,,,,,0.0,0.0,0,0.0,0.059196,15.8929,56.040899653979245,0,0.0,0.0,0.0,0.0,0.0,nan
2633,13.0555,77.4845,,,,,,,,,,,0.0,0.0,0,0.0,0.062054,15.115,56.040899653979245,0,0.0,0.0,0.0,0.0,0.0,nan
2634,13.0555,77.4935,,,,,,,,,,,0.0,0.0,0,0.0,0.0651,14.361,56.040899653979245,0,0.0,0.0,0.0,0.0,0.0,nan
2635,13.0555,77.5025,,,,,,,,,,,0.0,0.0,0,0.0,0.06833,13.6348,56.040899653979245,0,0.0,0.0,0.0,0.0,0.0,nan
2636,13.0555,77.5115,,,,,,,,,,,0.0,0.0,0,0.0,0.07173,12.9411,56.040899653979245,0,0.0,0.0,0.0,0.0,0.0,nan
2637,13.0555,77.5205,,,,,,,,,,,0.0,0.0,0,0.0,0.075271,12.2854,56.040899653979245,0,0.0,0.0,0.0,0.0,0.0,nan
2638,13.0555,77.5295,,,,,,,,,,,0.0,0.0,0,0.0,0.078902,11.674,56.040899653979245,0,0.0,0.0,0.0,0.0,0.0,nan
2639,13.0555,77.5385,,,,,,,,,,,0.0,0.0,0,0.0,0.082547,11.1143,56.040899653979245,0,0.0,0.0,0.0,0.0,0.0,nan
2640,13.0555,77.5475,,,,,,,,,,,0.0,0.0,0,0.0,0.086099,10.6145,56.040899653979245,0,1062.0,59.0,18.0,0.0,0.0,nan
2641,13.0555,77.5565,,,,,,,,,,,0.0,0.0,0,0.0,0.089417,10.1835,56.040899653979245,0,0.0,0.0,0.0,0.0,0.0,nan
2642,13.0555,77.5655,,,,,,,,,,,0.0,0.0,0,0.0,0.092335,9.8301,56.040899653979245,0,0.0,0.0,0.0,0.0,0.0,nan
2643,13.0555,77.5745,,,,,,,,,,,0.0,0.0,0,0.0,0.094668,9.5632,56.040899653979245,0,0.0,0.0,0.0,0.0,0.0,nan
2644,13.0555,77.5835,,,,,,,,,,,0.0,0.0,0,0.0,0.096247,9.3899,56.040899653979245,0,0.0,0.0,0.0,0.0,0.0,nan
2645,13.0555,77.5925,,,,,,,,,,,0.0,0.0,0,0.0,0.09694,9.3157,56.040899653979245,0,0.0,0.0,0.0,0.0,0.0,nan
2646,13.0555,77.6015,,,,,,,,,,,0.0,0.0,0,0.0,0.096687,9.3427,56.040899653979245,0,0.0,0.0,0.0,0.0,0.0,nan
2647,13.0555,77.6105,,,,,,,,,,,0.0,0.0,0,0.0,0.095508,9.4703,56.040899653979245,0,0.0,0.0,0.0,0.0,0.0,nan
2648,13.0555,77.6195,,,,,,,,,,,0.0,0.0,0,0.0,0.093508,9.6943,56.040899653979245,0,0.0,0.0,0.0,0.0,0.0,nan
2649,13.0555,77.6285,,,,,,,,,,,0.0,0.0,0,0.0,0.090841,10.0083,56.040899653979245,0,0.0,0.0,0.0,0.0,0.0,nan
2650,13.0555,77.6375,,,,,,,,,,,0.0,0.0,0,0.0,0.087686,10.4043,56.040899653979245,0,56986.0,54.0,1055.2963,0.0,0.0,nan
2651,13.0555,77.6465,,,,,,,,,,,0.0,0.0,0,0.0,0.084224,10.8731,56.040899653979245,0,0.0,0.0,0.0,0.0,0.0,nan
2652,13.0555,77.6555,,,,,,,,,,,0.0,0.0,0,0.0,0.080607,11.4059,56.040899653979245,0,0.0,0.0,0.0,0.0,0.0,nan
2653,13.0555,77.6645,,,,,,,,,,,0.0,0.0,0,0.0,0.076958,11.9941,56.040899653979245,0,0.0,0.0,0.0,0.0,0.0,nan
2654,13.0555,77.6735,,,,,,,,,,,0.0,0.0,0,0.0,0.073368,12.63,56.040899653979245,0,0.0,0.0,0.0,0.0,0.0,nan
2655,13.0555,77.6825,,,,,,,,,,,0.0,0.0,0,0.0,0.069897,13.3067,56.040899653979245,0,0.0,0.0,0.0,0.0,0.0,nan
2656,13.0555,77.6915,,,,,,,,,,,0.0,0.0,0,0.0,0.066585,14.0184,56.040899653979245,0,0.0,0.0,0.0,0.0,0.0,nan
2657,13.0555,77.7005,,,,,,,,,,,0.0,0.0,0,0.0,0.063452,14.76,56.040899653979245,0,0.0,0.0,0.0,0.0,0.0,nan
2658,13.0555,77.7095,,,,,,,,,,,0.0,0.0,0,0.0,0.060507,15.5271,56.040899653979245,0,0.0,0.0,0.0,0.0,0.0,nan
2659,13.0555,77.7185,,,,,,,,,,,0.0,0.0,0,0.0,0.057749,16.3163,56.040899653979245,0,0.0,0.0,0.0,0.0,0.0,nan
2660,13.0555,77.7275,,,,,,,,,,,0.0,0.0,0,0.0,0.055174,17.1244,56.040899653979245,0,0.0,0.0,0.0,0.0,0.0,nan
2661,13.0555,77.7365,,,,,,,,,,,0.0,0.0,0,0.0,0.052774,17.9489,56.040899653979245,0,0.0,0.0,0.0,0.0,0.0,nan
2662,13.0555,77.7455,,,,,,,,,,,0.0,0.0,0,0.0,0.050537,18.7876,56.040899653979245,0,0.0,0.0,0.0,0.0,0.0,nan
2663,13.0555,77.7545,,,,,,,,,,,0.0,0.0,0,0.0,0.048453,19.6387,56.040899653979245,0,0.0,0.0,0.0,0.0,0.0,nan
2664,13.0555,77.7635,,,,,,,,,,,0.0,0.0,0,0.0,0.04651,20.5007,56.040899653979245,0,0.0,0.0,0.0,0.0,0.0,nan
2665,13.0555,77.7725,,,,,,,,,,,0.0,0.0,0,0.0,0.044698,21.3722,56.040899653979245,0,0.0,0.0,0.0,0.0,0.0,nan
2666,13.0555,77.7815,,,,,,,,,,,0.0,0.0,0,0.0,0.043007,22.2522,56.040899653979245,0,0.0,0.0,0.0,0.0,0.0,nan
2667,13.0555,77.7905,,,,,,,,,,,0.0,0.0,0,0.0,0.041426,23.1396,56.040899653979245,0,0.0,0.0,0.0,0.0,0.0,nan
2668,13.0555,77.7995,,,,,,,,,,,0.0,0.0,0,0.0,0.039946,24.0337,56.040899653979245,0,0.0,0.0,0.0,0.0,0.0,nan
2669,13.0555,77.8085,,,,,,,,,,,0.0,0.0,0,0.0,0.03856,24.9337,56.040899653979245,0,0.0,0.0,0.0,0.0,0.0,nan
2670,13.0555,77.8175,,,,,,,,,,,0.0,0.0,0,0.0,0.037259,25.839,56.040899653979245,0,0.0,0.0,0.0,0.0,0.0,nan
2671,13.0555,77.8265,,,,,,,,,,,0.0,0.0,0,0.0,0.036037,26.7491,56.040899653979245,0,0.0,0.0,0.0,0.0,0.0,nan
2672,13.0555,77.8355,,,,,,,,,,,0.0,0.0,0,0.0,0.034888,27.6634,56.040899653979245,0,0.0,0.0,0.0,0.0,0.0,nan
2673,13.0555,77.8445,,,,,,,,,,,0.0,0.0,0,0.0,0.033805,28.5817,56.040899653979245,0,0.0,0.0,0.0,0.0,0.0,nan
2674,13.0555,77.8535,,,,,,,,,,,0.0,0.0,0,0.0,0.032783,29.5035,56.040899653979245,0,0.0,0.0,0.0,0.0,0.0,nan
2675,13.0555,77.8625,,,,,,,,,,,0.0,0.0,0,0.0,0.031818,30.4284,56.040899653979245,0,0.0,0.0,0.0,0.0,0.0,nan
2676,13.0555,77.8715,,,,,,,,,,,0.0,0.0,0,0.0,0.030906,31.3563,56.040899653979245,0,0.0,0.0,0.0,0.0,0.0,nan
2677,13.0555,77.8805,,,,,,,,,,,0.0,0.0,0,0.0,0.030042,32.2869,56.040899653979245,0,0.0,0.0,0.0,0.0,0.0,nan
2678,13.0555,77.8895,,,,,,,,,,,0.0,0.0,0,0.0,0.029223,33.2199,56.040899653979245,0,0.0,0.0,0.0,0.0,0.0,nan
2679,13.0555,77.8985,,,,,,,,,,,0.0,0.0,0,0.0,0.028445,34.1551,56.040899653979245,0,0.0,0.0,0.0,0.0,0.0,nan
2680,13.0645,77.3045,,,,,,,,,,,0.0,0.0,0,0.0,0.029395,33.0191,56.040899653979245,0,0.0,0.0,0.0,0.0,0.0,nan
2681,13.0645,77.3135,,,,,,,,,,,0.0,0.0,0,0.0,0.030215,32.0961,56.040899653979245,0,0.0,0.0,0.0,0.0,0.0,nan
2682,13.0645,77.3225,,,,,,,,,,,0.0,0.0,0,0.0,0.031079,31.1761,56.040899653979245,0,0.0,0.0,0.0,0.0,0.0,nan
2683,13.0645,77.3315,,,,,,,,,,,0.0,0.0,0,0.0,0.03199,30.2595,56.040899653979245,0,0.0,0.0,0.0,0.0,0.0,nan
2684,13.0645,77.3405,,,,,,,,,,,0.0,0.0,0,0.0,0.032953,29.3464,56.040899653979245,0,0.0,0.0,0.0,0.0,0.0,nan
2685,13.0645,77.3495,,,,,,,,,,,0.0,0.0,0,0.0,0.03397,28.4374,56.040899653979245,0,0.0,0.0,0.0,0.0,0.0,nan
2686,13.0645,77.3585,,,,,,,,,,,0.0,0.0,0,0.0,0.035047,27.5328,56.040899653979245,0,0.0,0.0,0.0,0.0,0.0,nan
2687,13.0645,77.3675,,,,,,,,,,,0.0,0.0,0,0.0,0.036189,26.6329,56.040899653979245,0,0.0,0.0,0.0,0.0,0.0,nan
2688,13.0645,77.3765,,,,,,,,,,,0.0,0.0,0,0.0,0.037399,25.7385,56.040899653979245,0,0.0,0.0,0.0,0.0,0.0,nan
2689,13.0645,77.3855,,,,,,,,,,,0.0,0.0,0,0.0,0.038685,24.8499,56.040899653979245,0,0.0,0.0,0.0,0.0,0.0,nan
2690,13.0645,77.3945,,,,,,,,,,,0.0,0.0,0,0.0,0.040051,23.9679,56.040899653979245,0,0.0,0.0,0.0,0.0,0.0,nan
2691,13.0645,77.4035,,,,,,,,,,,0.0,0.0,0,0.0,0.041505,23.0932,56.040899653979245,0,0.0,0.0,0.0,0.0,0.0,nan
2692,13.0645,77.4125,,,,,,,,,,,0.0,0.0,0,0.0,0.043054,22.2267,56.040899653979245,0,0.0,0.0,0.0,0.0,0.0,nan
2693,13.0645,77.4215,,,,,,,,,,,0.0,0.0,0,0.0,0.044704,21.3694,56.040899653979245,0,0.0,0.0,0.0,0.0,0.0,nan
2694,13.0645,77.4305,,,,,,,,,,,0.0,0.0,0,0.0,0.046463,20.5225,56.040899653979245,0,0.0,0.0,0.0,0.0,0.0,nan
2695,13.0645,77.4395,,,,,,,,,,,0.0,0.0,0,0.0,0.048339,19.6872,56.040899653979245,0,0.0,0.0,0.0,0.0,0.0,nan
2696,13.0645,77.4485,,,,,,,,,,,0.0,0.0,0,0.0,0.05034,18.8651,56.040899653979245,0,0.0,0.0,0.0,0.0,0.0,nan
2697,13.0645,77.4575,,,,,,,,,,,0.0,0.0,0,0.0,0.052471,18.058,56.040899653979245,0,0.0,0.0,0.0,0.0,0.0,nan
2698,13.0645,77.4665,,,,,,,,,,,0.0,0.0,0,0.0,0.05474,17.2681,56.040899653979245,0,0.0,0.0,0.0,0.0,0.0,nan
2699,13.0645,77.4755,,,,,,,,,,,0.0,0.0,0,0.0,0.05715,16.4978,56.040899653979245,0,0.0,0.0,0.0,0.0,0.0,nan
2700,13.0645,77.4845,,,,,,,,,,,0.0,0.0,0,0.0,0.059702,15.7499,56.040899653979245,0,0.0,0.0,0.0,0.0,0.0,nan
2701,13.0645,77.4935,,,,,,,,,,,0.0,0.0,0,0.0,0.062392,15.0278,56.040899653979245,0,0.0,0.0,0.0,0.0,0.0,nan
2702,13.0645,77.5025,,,,,,,,,,,0.0,0.0,0,0.0,0.065208,14.3355,56.040899653979245,0,0.0,0.0,0.0,0.0,0.0,nan
2703,13.0645,77.5115,,,,,,,,,,,0.0,0.0,0,0.0,0.068132,13.6774,56.040899653979245,0,0.0,0.0,0.0,0.0,0.0,nan
2704,13.0645,77.5205,,,,,,,,,,,0.0,0.0,0,0.0,0.07113,13.0587,56.040899653979245,0,0.0,0.0,0.0,0.0,0.0,nan
2705,13.0645,77.5295,,,,,,,,,,,0.0,0.0,0,0.0,0.074155,12.4853,56.040899653979245,0,0.0,0.0,0.0,0.0,0.0,nan
2706,13.0645,77.5385,,,,,,,,,,,0.0,0.0,0,0.0,0.077138,11.9637,56.040899653979245,0,0.0,0.0,0.0,0.0,0.0,nan
2707,13.0645,77.5475,,,,,,,,,,,0.0,0.0,0,0.0,0.079994,11.5009,56.040899653979245,0,0.0,0.0,0.0,0.0,0.0,nan
2708,13.0645,77.5565,,,,,,,,,,,0.0,0.0,0,0.0,0.082615,11.1044,56.040899653979245,0,0.0,0.0,0.0,0.0,0.0,nan
2709,13.0645,77.5655,,,,,,,,,,,0.0,0.0,0,0.0,0.08488,10.7813,56.040899653979245,0,0.0,0.0,0.0,0.0,0.0,nan
2710,13.0645,77.5745,,,,,,,,,,,0.0,0.0,0,0.0,0.086667,10.5384,56.040899653979245,0,19007.0,45.0,422.3778,0.0,0.0,nan
2711,13.0645,77.5835,,,,,,,,,,,0.0,0.0,0,0.0,0.087862,10.3815,56.040899653979245,0,0.0,0.0,0.0,0.0,0.0,nan
2712,13.0645,77.5925,,,,,,,,,,,0.0,0.0,0,0.0,0.088383,10.3144,56.040899653979245,0,0.0,0.0,0.0,0.0,0.0,nan
2713,13.0645,77.6015,,,,,,,,,,,0.0,0.0,0,0.0,0.088192,10.3389,56.040899653979245,0,0.0,0.0,0.0,0.0,0.0,nan
2714,13.0645,77.6105,,,,,,,,,,,0.0,0.0,0,0.0,0.087304,10.4542,56.040899653979245,0,0.0,0.0,0.0,0.0,0.0,nan
2715,13.0645,77.6195,,,,,,,,,,,0.0,0.0,0,0.0,0.085781,10.6576,56.040899653979245,0,0.0,0.0,0.0,0.0,0.0,nan
2716,13.0645,77.6285,,,,,,,,,,,0.0,0.0,0,0.0,0.083724,10.944,56.040899653979245,0,0.0,0.0,0.0,0.0,0.0,nan
2717,13.0645,77.6375,,,,,,,,,,,0.0,0.0,0,0.0,0.081253,11.3072,56.040899653979245,0,0.0,0.0,0.0,0.0,0.0,nan
2718,13.0645,77.6465,,,,,,,,,,,0.0,0.0,0,0.0,0.078493,11.74,56.040899653979245,0,0.0,0.0,0.0,0.0,0.0,nan
2719,13.0645,77.6555,,,,,,,,,,,0.0,0.0,0,0.0,0.075557,12.2351,56.040899653979245,0,0.0,0.0,0.0,0.0,0.0,nan
2720,13.0645,77.6645,,,,,,,,,,,0.0,0.0,0,0.0,0.072542,12.7851,56.040899653979245,0,129.0,50.0,2.58,0.0,0.0,nan
2721,13.0645,77.6735,,,,,,,,,,,0.0,0.0,0,0.0,0.069524,13.3835,56.040899653979245,0,0.0,0.0,0.0,0.0,0.0,nan
2722,13.0645,77.6825,,,,,,,,,,,0.0,0.0,0,0.0,0.066561,14.0238,56.040899653979245,0,0.0,0.0,0.0,0.0,0.0,nan
2723,13.0645,77.6915,,,,,,,,,,,0.0,0.0,0,0.0,0.063691,14.7008,56.040899653979245,0,0.0,0.0,0.0,0.0,0.0,nan
2724,13.0645,77.7005,,,,,,,,,,,0.0,0.0,0,0.0,0.06094,15.4095,56.040899653979245,0,0.0,0.0,0.0,0.0,0.0,nan
2725,13.0645,77.7095,,,,,,,,,,,0.0,0.0,0,0.0,0.058323,16.1458,56.040899653979245,0,0.0,0.0,0.0,0.0,0.0,nan
2726,13.0645,77.7185,,,,,,,,,,,0.0,0.0,0,0.0,0.055847,16.906,56.040899653979245,0,0.0,0.0,0.0,0.0,0.0,nan
2727,13.0645,77.7275,,,,,,,,,,,0.0,0.0,0,0.0,0.053513,17.6871,56.040899653979245,0,0.0,0.0,0.0,0.0,0.0,nan
2728,13.0645,77.7365,,,,,,,,,,,0.0,0.0,0,0.0,0.051318,18.4865,56.040899653979245,0,0.0,0.0,0.0,0.0,0.0,nan
2729,13.0645,77.7455,,,,,,,,,,,0.0,0.0,0,0.0,0.049257,19.3018,56.040899653979245,0,0.0,0.0,0.0,0.0,0.0,nan
2730,13.0645,77.7545,,,,,,,,,,,0.0,0.0,0,0.0,0.047324,20.1311,56.040899653979245,0,23.0,18.0,1.2778,0.0,0.0,nan
2731,13.0645,77.7635,,,,,,,,,,,0.0,0.0,0,0.0,0.045511,20.9728,56.040899653979245,0,0.0,0.0,0.0,0.0,0.0,nan
2732,13.0645,77.7725,,,,,,,,,,,0.0,0.0,0,0.0,0.043811,21.8255,56.040899653979245,0,0.0,0.0,0.0,0.0,0.0,nan
2733,13.0645,77.7815,,,,,,,,,,,0.0,0.0,0,0.0,0.042216,22.6878,56.040899653979245,0,0.0,0.0,0.0,0.0,0.0,nan
2734,13.0645,77.7905,,,,,,,,,,,0.0,0.0,0,0.0,0.040719,23.5588,56.040899653979245,0,0.0,0.0,0.0,0.0,0.0,nan
2735,13.0645,77.7995,,,,,,,,,,,0.0,0.0,0,0.0,0.039312,24.4374,56.040899653979245,0,0.0,0.0,0.0,0.0,0.0,nan
2736,13.0645,77.8085,,,,,,,,,,,0.0,0.0,0,0.0,0.03799,25.323,56.040899653979245,0,0.0,0.0,0.0,0.0,0.0,nan
2737,13.0645,77.8175,,,,,,,,,,,0.0,0.0,0,0.0,0.036745,26.2148,56.040899653979245,0,0.0,0.0,0.0,0.0,0.0,nan
2738,13.0645,77.8265,,,,,,,,,,,0.0,0.0,0,0.0,0.035572,27.1122,56.040899653979245,0,0.0,0.0,0.0,0.0,0.0,nan
2739,13.0645,77.8355,,,,,,,,,,,0.0,0.0,0,0.0,0.034465,28.0147,56.040899653979245,0,0.0,0.0,0.0,0.0,0.0,nan
2740,13.0645,77.8445,,,,,,,,,,,0.0,0.0,0,0.0,0.033421,28.9217,56.040899653979245,0,0.0,0.0,0.0,0.0,0.0,nan
2741,13.0645,77.8535,,,,,,,,,,,0.0,0.0,0,0.0,0.032433,29.8329,56.040899653979245,0,0.0,0.0,0.0,0.0,0.0,nan
2742,13.0645,77.8625,,,,,,,,,,,0.0,0.0,0,0.0,0.031498,30.7479,56.040899653979245,0,0.0,0.0,0.0,0.0,0.0,nan
2743,13.0645,77.8715,,,,,,,,,,,0.0,0.0,0,0.0,0.030612,31.6664,56.040899653979245,0,0.0,0.0,0.0,0.0,0.0,nan
2744,13.0645,77.8805,,,,,,,,,,,0.0,0.0,0,0.0,0.029773,32.588,56.040899653979245,0,0.0,0.0,0.0,0.0,0.0,nan
2745,13.0645,77.8895,,,,,,,,,,,0.0,0.0,0,0.0,0.028975,33.5126,56.040899653979245,0,0.0,0.0,0.0,0.0,0.0,nan
2746,13.0645,77.8985,,,,,,,,,,,0.0,0.0,0,0.0,0.028217,34.4398,56.040899653979245,0,0.0,0.0,0.0,0.0,0.0,nan
2747,13.0735,77.3045,,,,,,,,,,,0.0,0.0,0,0.0,0.029118,33.3435,56.040899653979245,0,0.0,0.0,0.0,0.0,0.0,nan
2748,13.0735,77.3135,,,,,,,,,,,0.0,0.0,0,0.0,0.029913,32.4298,56.040899653979245,0,0.0,0.0,0.0,0.0,0.0,nan
2749,13.0735,77.3225,,,,,,,,,,,0.0,0.0,0,0.0,0.030751,31.5196,56.040899653979245,0,0.0,0.0,0.0,0.0,0.0,nan
2750,13.0735,77.3315,,,,,,,,,,,0.0,0.0,0,0.0,0.031632,30.6133,56.040899653979245,0,3.0,3.0,1.0,0.0,0.0,nan
2751,13.0735,77.3405,,,,,,,,,,,0.0,0.0,0,0.0,0.032561,29.7113,56.040899653979245,0,0.0,0.0,0.0,0.0,0.0,nan
2752,13.0735,77.3495,,,,,,,,,,,0.0,0.0,0,0.0,0.033542,28.8138,56.040899653979245,0,0.0,0.0,0.0,0.0,0.0,nan
2753,13.0735,77.3585,,,,,,,,,,,0.0,0.0,0,0.0,0.034576,27.9214,56.040899653979245,0,0.0,0.0,0.0,0.0,0.0,nan
2754,13.0735,77.3675,,,,,,,,,,,0.0,0.0,0,0.0,0.03567,27.0346,56.040899653979245,0,0.0,0.0,0.0,0.0,0.0,nan
2755,13.0735,77.3765,,,,,,,,,,,0.0,0.0,0,0.0,0.036827,26.154,56.040899653979245,0,0.0,0.0,0.0,0.0,0.0,nan
2756,13.0735,77.3855,,,,,,,,,,,0.0,0.0,0,0.0,0.038052,25.2801,56.040899653979245,0,0.0,0.0,0.0,0.0,0.0,nan
2757,13.0735,77.3945,,,,,,,,,,,0.0,0.0,0,0.0,0.039349,24.4137,56.040899653979245,0,0.0,0.0,0.0,0.0,0.0,nan
2758,13.0735,77.4035,,,,,,,,,,,0.0,0.0,0,0.0,0.040724,23.5556,56.040899653979245,0,0.0,0.0,0.0,0.0,0.0,nan
2759,13.0735,77.4125,,,,,,,,,,,0.0,0.0,0,0.0,0.042182,22.7068,56.040899653979245,0,0.0,0.0,0.0,0.0,0.0,nan
2760,13.0735,77.4215,,,,,,,,,,,0.0,0.0,0,0.0,0.043728,21.8684,56.040899653979245,0,18.0,18.0,1.0,0.0,0.0,nan
2761,13.0735,77.4305,,,,,,,,,,,0.0,0.0,0,0.0,0.045369,21.0416,56.040899653979245,0,0.0,0.0,0.0,0.0,0.0,nan
2762,13.0735,77.4395,,,,,,,,,,,0.0,0.0,0,0.0,0.047108,20.2278,56.040899653979245,0,0.0,0.0,0.0,0.0,0.0,nan
2763,13.0735,77.4485,,,,,,,,,,,0.0,0.0,0,0.0,0.048951,19.4287,56.040899653979245,0,0.0,0.0,0.0,0.0,0.0,nan
2764,13.0735,77.4575,,,,,,,,,,,0.0,0.0,0,0.0,0.050901,18.6461,56.040899653979245,0,0.0,0.0,0.0,0.0,0.0,nan
2765,13.0735,77.4665,,,,,,,,,,,0.0,0.0,0,0.0,0.05296,17.8822,56.040899653979245,0,0.0,0.0,0.0,0.0,0.0,nan
2766,13.0735,77.4755,,,,,,,,,,,0.0,0.0,0,0.0,0.055128,17.1396,56.040899653979245,0,0.0,0.0,0.0,0.0,0.0,nan
2767,13.0735,77.4845,,,,,,,,,,,0.0,0.0,0,0.0,0.057402,16.421,56.040899653979245,0,0.0,0.0,0.0,0.0,0.0,nan
2768,13.0735,77.4935,,,,,,,,,,,0.0,0.0,0,0.0,0.059773,15.7299,56.040899653979245,0,0.0,0.0,0.0,0.0,0.0,nan
2769,13.0735,77.5025,,,,,,,,,,,0.0,0.0,0,0.0,0.062228,15.0699,56.040899653979245,0,0.0,0.0,0.0,0.0,0.0,nan
2770,13.0735,77.5115,,,,,,,,,,,0.0,0.0,0,0.0,0.064745,14.4453,56.040899653979245,0,3.0,3.0,1.0,0.0,0.0,nan
2771,13.0735,77.5205,,,,,,,,,,,0.0,0.0,0,0.0,0.06729,13.861,56.040899653979245,0,0.0,0.0,0.0,0.0,0.0,nan
2772,13.0735,77.5295,,,,,,,,,,,0.0,0.0,0,0.0,0.069822,13.3222,56.040899653979245,0,0.0,0.0,0.0,0.0,0.0,nan
2773,13.0735,77.5385,,,,,,,,,,,0.0,0.0,0,0.0,0.072282,12.8347,56.040899653979245,0,0.0,0.0,0.0,0.0,0.0,nan
2774,13.0735,77.5475,,,,,,,,,,,0.0,0.0,0,0.0,0.074602,12.4045,56.040899653979245,0,0.0,0.0,0.0,0.0,0.0,nan
2775,13.0735,77.5565,,,,,,,,,,,0.0,0.0,0,0.0,0.076701,12.0377,56.040899653979245,0,0.0,0.0,0.0,0.0,0.0,nan
2776,13.0735,77.5655,,,,,,,,,,,0.0,0.0,0,0.0,0.07849,11.7404,56.040899653979245,0,0.0,0.0,0.0,0.0,0.0,nan
2777,13.0735,77.5745,,,,,,,,,,,0.0,0.0,0,0.0,0.079886,11.5178,56.040899653979245,0,0.0,0.0,0.0,0.0,0.0,nan
2778,13.0735,77.5835,,,,,,,,,,,0.0,0.0,0,0.0,0.080812,11.3744,56.040899653979245,0,0.0,0.0,0.0,0.0,0.0,nan
2779,13.0735,77.5925,,,,,,,,,,,0.0,0.0,0,0.0,0.081214,11.3132,56.040899653979245,0,0.0,0.0,0.0,0.0,0.0,nan
2780,13.0735,77.6015,,,,,,,,,,,0.0,0.0,0,0.0,0.081067,11.3355,56.040899653979245,0,9570.0,41.0,233.4146,0.0,0.0,nan
2781,13.0735,77.6105,,,,,,,,,,,0.0,0.0,0,0.0,0.080381,11.4408,56.040899653979245,0,0.0,0.0,0.0,0.0,0.0,nan
2782,13.0735,77.6195,,,,,,,,,,,0.0,0.0,0,0.0,0.079196,11.6269,56.040899653979245,0,0.0,0.0,0.0,0.0,0.0,nan
2783,13.0735,77.6285,,,,,,,,,,,0.0,0.0,0,0.0,0.07758,11.89,56.040899653979245,0,0.0,0.0,0.0,0.0,0.0,nan
2784,13.0735,77.6375,,,,,,,,,,,0.0,0.0,0,0.0,0.075614,12.2251,56.040899653979245,0,0.0,0.0,0.0,0.0,0.0,nan
2785,13.0735,77.6465,,,,,,,,,,,0.0,0.0,0,0.0,0.073387,12.6264,56.040899653979245,0,0.0,0.0,0.0,0.0,0.0,nan
2786,13.0735,77.6555,,,,,,,,,,,0.0,0.0,0,0.0,0.070982,13.088,56.040899653979245,0,0.0,0.0,0.0,0.0,0.0,nan
2787,13.0735,77.6645,,,,,,,,,,,0.0,0.0,0,0.0,0.068476,13.6036,56.040899653979245,0,0.0,0.0,0.0,0.0,0.0,nan
2788,13.0735,77.6735,,,,,,,,,,,0.0,0.0,0,0.0,0.065931,14.1673,56.040899653979245,0,0.0,0.0,0.0,0.0,0.0,nan
2789,13.0735,77.6825,,,,,,,,,,,0.0,0.0,0,0.0,0.063397,14.7737,56.040899653979245,0,0.0,0.0,0.0,0.0,0.0,nan
2790,13.0735,77.6915,,,,,,,,,,,0.0,0.0,0,0.0,0.06091,15.4177,56.040899653979245,0,177.0,53.0,3.3396,0.0,0.0,nan
2791,13.0735,77.7005,,,,,,,,,,,0.0,0.0,0,0.0,0.058497,16.0948,56.040899653979245,0,0.0,0.0,0.0,0.0,0.0,nan
2792,13.0735,77.7095,,,,,,,,,,,0.0,0.0,0,0.0,0.056176,16.8011,56.040899653979245,0,0.0,0.0,0.0,0.0,0.0,nan
2793,13.0735,77.7185,,,,,,,,,,,0.0,0.0,0,0.0,0.053958,17.5329,56.040899653979245,0,0.0,0.0,0.0,0.0,0.0,nan
2794,13.0735,77.7275,,,,,,,,,,,0.0,0.0,0,0.0,0.051848,18.2872,56.040899653979245,0,0.0,0.0,0.0,0.0,0.0,nan
2795,13.0735,77.7365,,,,,,,,,,,0.0,0.0,0,0.0,0.049847,19.0613,56.040899653979245,0,0.0,0.0,0.0,0.0,0.0,nan
2796,13.0735,77.7455,,,,,,,,,,,0.0,0.0,0,0.0,0.047955,19.853,56.040899653979245,0,0.0,0.0,0.0,0.0,0.0,nan
2797,13.0735,77.7545,,,,,,,,,,,0.0,0.0,0,0.0,0.046168,20.6601,56.040899653979245,0,0.0,0.0,0.0,0.0,0.0,nan
2798,13.0735,77.7635,,,,,,,,,,,0.0,0.0,0,0.0,0.044482,21.4811,56.040899653979245,0,0.0,0.0,0.0,0.0,0.0,nan
2799,13.0735,77.7725,,,,,,,,,,,0.0,0.0,0,0.0,0.042892,22.3142,56.040899653979245,0,0.0,0.0,0.0,0.0,0.0,nan
2800,13.0735,77.7815,,,,,,,,,,,0.0,0.0,0,0.0,0.041394,23.1583,56.040899653979245,0,140.0,60.0,2.3333,0.0,0.0,nan
2801,13.0735,77.7905,,,,,,,,,,,0.0,0.0,0,0.0,0.03998,24.0122,56.040899653979245,0,0.0,0.0,0.0,0.0,0.0,nan
2802,13.0735,77.7995,,,,,,,,,,,0.0,0.0,0,0.0,0.038648,24.8748,56.040899653979245,0,0.0,0.0,0.0,0.0,0.0,nan
2803,13.0735,77.8085,,,,,,,,,,,0.0,0.0,0,0.0,0.03739,25.7452,56.040899653979245,0,0.0,0.0,0.0,0.0,0.0,nan
2804,13.0735,77.8175,,,,,,,,,,,0.0,0.0,0,0.0,0.036202,26.6228,56.040899653979245,0,0.0,0.0,0.0,0.0,0.0,nan
2805,13.0735,77.8265,,,,,,,,,,,0.0,0.0,0,0.0,0.035079,27.5069,56.040899653979245,0,0.0,0.0,0.0,0.0,0.0,nan
2806,13.0735,77.8355,,,,,,,,,,,0.0,0.0,0,0.0,0.034017,28.3967,56.040899653979245,0,0.0,0.0,0.0,0.0,0.0,nan
2807,13.0735,77.8445,,,,,,,,,,,0.0,0.0,0,0.0,0.033012,29.2919,56.040899653979245,0,0.0,0.0,0.0,0.0,0.0,nan
2808,13.0735,77.8535,,,,,,,,,,,0.0,0.0,0,0.0,0.03206,30.1918,56.040899653979245,0,0.0,0.0,0.0,0.0,0.0,nan
2809,13.0735,77.8625,,,,,,,,,,,0.0,0.0,0,0.0,0.031156,31.0962,56.040899653979245,0,0.0,0.0,0.0,0.0,0.0,nan
2810,13.0735,77.8715,,,,,,,,,,,0.0,0.0,0,0.0,0.030299,32.0046,56.040899653979245,0,0.0,0.0,0.0,0.0,0.0,nan
2811,13.0735,77.8805,,,,,,,,,,,0.0,0.0,0,0.0,0.029484,32.9167,56.040899653979245,0,0.0,0.0,0.0,0.0,0.0,nan
2812,13.0735,77.8895,,,,,,,,,,,0.0,0.0,0,0.0,0.028709,33.8322,56.040899653979245,0,0.0,0.0,0.0,0.0,0.0,nan
2813,13.0735,77.8985,,,,,,,,,,,0.0,0.0,0,0.0,0.027971,34.7509,56.040899653979245,0,0.0,0.0,0.0,0.0,0.0,nan
2814,13.0825,77.3045,,,,,,,,,,,0.0,0.0,0,0.0,0.028823,33.6945,56.040899653979245,0,0.0,0.0,0.0,0.0,0.0,nan
2815,13.0825,77.3135,,,,,,,,,,,0.0,0.0,0,0.0,0.029594,32.7906,56.040899653979245,0,0.0,0.0,0.0,0.0,0.0,nan
2816,13.0825,77.3225,,,,,,,,,,,0.0,0.0,0,0.0,0.030404,31.8908,56.040899653979245,0,0.0,0.0,0.0,0.0,0.0,nan
2817,13.0825,77.3315,,,,,,,,,,,0.0,0.0,0,0.0,0.031254,30.9954,56.040899653979245,0,0.0,0.0,0.0,0.0,0.0,nan
2818,13.0825,77.3405,,,,,,,,,,,0.0,0.0,0,0.0,0.032149,30.1048,56.040899653979245,0,0.0,0.0,0.0,0.0,0.0,nan
2819,13.0825,77.3495,,,,,,,,,,,0.0,0.0,0,0.0,0.033091,29.2195,56.040899653979245,0,0.0,0.0,0.0,0.0,0.0,nan
2820,13.0825,77.3585,,,,,,,,,,,0.0,0.0,0,0.0,0.034083,28.34,56.040899653979245,0,0.0,0.0,0.0,0.0,0.0,nan
2821,13.0825,77.3675,,,,,,,,,,,0.0,0.0,0,0.0,0.035129,27.4668,56.040899653979245,0,0.0,0.0,0.0,0.0,0.0,nan
2822,13.0825,77.3765,,,,,,,,,,,0.0,0.0,0,0.0,0.036231,26.6005,56.040899653979245,0,0.0,0.0,0.0,0.0,0.0,nan
2823,13.0825,77.3855,,,,,,,,,,,0.0,0.0,0,0.0,0.037395,25.7418,56.040899653979245,0,0.0,0.0,0.0,0.0,0.0,nan
2824,13.0825,77.3945,,,,,,,,,,,0.0,0.0,0,0.0,0.038623,24.8916,56.040899653979245,0,0.0,0.0,0.0,0.0,0.0,nan
2825,13.0825,77.4035,,,,,,,,,,,0.0,0.0,0,0.0,0.039919,24.0506,56.040899653979245,0,0.0,0.0,0.0,0.0,0.0,nan
2826,13.0825,77.4125,,,,,,,,,,,0.0,0.0,0,0.0,0.041288,23.22,56.040899653979245,0,0.0,0.0,0.0,0.0,0.0,nan
2827,13.0825,77.4215,,,,,,,,,,,0.0,0.0,0,0.0,0.042733,22.4009,56.040899653979245,0,0.0,0.0,0.0,0.0,0.0,nan
2828,13.0825,77.4305,,,,,,,,,,,0.0,0.0,0,0.0,0.044259,21.5945,56.040899653979245,0,0.0,0.0,0.0,0.0,0.0,nan
2829,13.0825,77.4395,,,,,,,,,,,0.0,0.0,0,0.0,0.045867,20.8024,56.040899653979245,0,0.0,0.0,0.0,0.0,0.0,nan
2830,13.0825,77.4485,,,,,,,,,,,0.0,0.0,0,0.0,0.047559,20.0263,56.040899653979245,0,0.0,0.0,0.0,0.0,0.0,nan
2831,13.0825,77.4575,,,,,,,,,,,0.0,0.0,0,0.0,0.049339,19.2681,56.040899653979245,0,0.0,0.0,0.0,0.0,0.0,nan
2832,13.0825,77.4665,,,,,,,,,,,0.0,0.0,0,0.0,0.051204,18.5299,56.040899653979245,0,0.0,0.0,0.0,0.0,0.0,nan
2833,13.0825,77.4755,,,,,,,,,,,0.0,0.0,0,0.0,0.053151,17.8143,56.040899653979245,0,0.0,0.0,0.0,0.0,0.0,nan
2834,13.0825,77.4845,,,,,,,,,,,0.0,0.0,0,0.0,0.055175,17.1242,56.040899653979245,0,0.0,0.0,0.0,0.0,0.0,nan
2835,13.0825,77.4935,,,,,,,,,,,0.0,0.0,0,0.0,0.057265,16.4626,56.040899653979245,0,0.0,0.0,0.0,0.0,0.0,nan
2836,13.0825,77.5025,,,,,,,,,,,0.0,0.0,0,0.0,0.059406,15.8332,56.040899653979245,0,0.0,0.0,0.0,0.0,0.0,nan
2837,13.0825,77.5115,,,,,,,,,,,0.0,0.0,0,0.0,0.061576,15.24,56.040899653979245,0,0.0,0.0,0.0,0.0,0.0,nan
2838,13.0825,77.5205,,,,,,,,,,,0.0,0.0,0,0.0,0.063745,14.6874,56.040899653979245,0,0.0,0.0,0.0,0.0,0.0,nan
2839,13.0825,77.5295,,,,,,,,,,,0.0,0.0,0,0.0,0.065876,14.1801,56.040899653979245,0,0.0,0.0,0.0,0.0,0.0,nan
2840,13.0825,77.5385,,,,,,,,,,,0.0,0.0,0,0.0,0.06792,13.7231,56.040899653979245,0,827.0,75.0,11.0267,0.0,0.0,nan
2841,13.0825,77.5475,,,,,,,,,,,0.0,0.0,0,0.0,0.069825,13.3216,56.040899653979245,0,0.0,0.0,0.0,0.0,0.0,nan
2842,13.0825,77.5565,,,,,,,,,,,0.0,0.0,0,0.0,0.071526,12.9809,56.040899653979245,0,0.0,0.0,0.0,0.0,0.0,nan
2843,13.0825,77.5655,,,,,,,,,,,0.0,0.0,0,0.0,0.072963,12.7056,56.040899653979245,0,0.0,0.0,0.0,0.0,0.0,nan
2844,13.0825,77.5745,,,,,,,,,,,0.0,0.0,0,0.0,0.074072,12.5003,56.040899653979245,0,0.0,0.0,0.0,0.0,0.0,nan
2845,13.0825,77.5835,,,,,,,,,,,0.0,0.0,0,0.0,0.074804,12.3683,56.040899653979245,0,0.0,0.0,0.0,0.0,0.0,nan
2846,13.0825,77.5925,,,,,,,,,,,0.0,0.0,0,0.0,0.07512,12.312,56.040899653979245,0,0.0,0.0,0.0,0.0,0.0,nan
2847,13.0825,77.6015,,,,,,,,,,,0.0,0.0,0,0.0,0.075005,12.3325,56.040899653979245,0,0.0,0.0,0.0,0.0,0.0,nan
2848,13.0825,77.6105,,,,,,,,,,,0.0,0.0,0,0.0,0.074463,12.4294,56.040899653979245,0,0.0,0.0,0.0,0.0,0.0,nan
2849,13.0825,77.6195,,,,,,,,,,,0.0,0.0,0,0.0,0.073525,12.6008,56.040899653979245,0,0.0,0.0,0.0,0.0,0.0,nan
2850,13.0825,77.6285,,,,,,,,,,,0.0,0.0,0,0.0,0.072233,12.844,56.040899653979245,0,3968.0,64.0,62.0,0.0,0.0,nan
2851,13.0825,77.6375,,,,,,,,,,,0.0,0.0,0,0.0,0.070647,13.1548,56.040899653979245,0,0.0,0.0,0.0,0.0,0.0,nan
2852,13.0825,77.6465,,,,,,,,,,,0.0,0.0,0,0.0,0.06883,13.5285,56.040899653979245,0,0.0,0.0,0.0,0.0,0.0,nan
2853,13.0825,77.6555,,,,,,,,,,,0.0,0.0,0,0.0,0.066844,13.9603,56.040899653979245,0,0.0,0.0,0.0,0.0,0.0,nan
2854,13.0825,77.6645,,,,,,,,,,,0.0,0.0,0,0.0,0.064747,14.4447,56.040899653979245,0,0.0,0.0,0.0,0.0,0.0,nan
2855,13.0825,77.6735,,,,,,,,,,,0.0,0.0,0,0.0,0.062591,14.9768,-21.57000000000005,0,0.0,0.0,0.0,0.0,0.0,nan
2856,13.0825,77.6825,,,,,,,,,,,0.0,0.0,0,0.0,0.060417,15.5516,56.040899653979245,0,0.0,0.0,0.0,0.0,0.0,nan
2857,13.0825,77.6915,,,,,,,,,,,0.0,0.0,0,0.0,0.058259,16.1646,56.040899653979245,0,0.0,0.0,0.0,0.0,0.0,nan
2858,13.0825,77.7005,,,,,,,,,,,0.0,0.0,0,0.0,0.056143,16.8117,56.040899653979245,0,0.0,0.0,0.0,0.0,0.0,nan
2859,13.0825,77.7095,,,,,,,,,,,0.0,0.0,0,0.0,0.054087,17.4889,56.040899653979245,0,0.0,0.0,0.0,0.0,0.0,nan
2860,13.0825,77.7185,,,,,,,,,,,0.0,0.0,0,0.0,0.052102,18.193,-21.57000000000005,0,0.0,0.0,0.0,0.0,0.0,nan
2861,13.0825,77.7275,,,,,,,,,,,0.0,0.0,0,0.0,0.050199,18.9209,56.040899653979245,0,0.0,0.0,0.0,0.0,0.0,nan
2862,13.0825,77.7365,,,,,,,,,,,0.0,0.0,0,0.0,0.048379,19.6701,56.040899653979245,0,0.0,0.0,0.0,0.0,0.0,nan
2863,13.0825,77.7455,,,,,,,,,,,0.0,0.0,0,0.0,0.046646,20.4382,56.040899653979245,0,0.0,0.0,0.0,0.0,0.0,nan
2864,13.0825,77.7545,,,,,,,,,,,0.0,0.0,0,0.0,0.044998,21.223,56.040899653979245,0,0.0,0.0,0.0,0.0,0.0,nan
2865,13.0825,77.7635,,,,,,,,,,,0.0,0.0,0,0.0,0.043435,22.0229,-12.230000000000018,0,0.0,0.0,0.0,0.0,0.0,nan
2866,13.0825,77.7725,,,,,,,,,,,0.0,0.0,0,0.0,0.041953,22.8363,56.040899653979245,0,0.0,0.0,0.0,0.0,0.0,nan
2867,13.0825,77.7815,,,,,,,,,,,0.0,0.0,0,0.0,0.040549,23.6617,56.040899653979245,0,0.0,0.0,0.0,0.0,0.0,nan
2868,13.0825,77.7905,,,,,,,,,,,0.0,0.0,0,0.0,0.039219,24.4979,56.040899653979245,0,0.0,0.0,0.0,0.0,0.0,nan
2869,13.0825,77.7995,,,,,,,,,,,0.0,0.0,0,0.0,0.037959,25.3439,56.040899653979245,0,0.0,0.0,0.0,0.0,0.0,nan
2870,13.0825,77.8085,,,,,,,,,,,0.0,0.0,0,0.0,0.036766,26.1988,-12.230000000000018,0,96.0,35.0,2.7429,0.0,0.0,nan
2871,13.0825,77.8175,,,,,,,,,,,0.0,0.0,0,0.0,0.035636,27.0616,56.040899653979245,0,0.0,0.0,0.0,0.0,0.0,nan
2872,13.0825,77.8265,,,,,,,,,,,0.0,0.0,0,0.0,0.034564,27.9317,56.040899653979245,0,0.0,0.0,0.0,0.0,0.0,nan
2873,13.0825,77.8355,,,,,,,,,,,0.0,0.0,0,0.0,0.033548,28.8083,56.040899653979245,0,0.0,0.0,0.0,0.0,0.0,nan
2874,13.0825,77.8445,,,,,,,,,,,0.0,0.0,0,0.0,0.032583,29.691,56.040899653979245,0,0.0,0.0,0.0,0.0,0.0,nan
2875,13.0825,77.8535,,,,,,,,,,,0.0,0.0,0,0.0,0.031666,30.5792,65.46000000000015,0,0.0,0.0,0.0,0.0,0.0,nan
2876,13.0825,77.8625,,,,,,,,,,,0.0,0.0,0,0.0,0.030795,31.4724,56.040899653979245,0,0.0,0.0,0.0,0.0,0.0,nan
2877,13.0825,77.8715,,,,,,,,,,,0.0,0.0,0,0.0,0.029967,32.3702,56.040899653979245,0,0.0,0.0,0.0,0.0,0.0,nan
2878,13.0825,77.8805,,,,,,,,,,,0.0,0.0,0,0.0,0.029178,33.2722,56.040899653979245,0,0.0,0.0,0.0,0.0,0.0,nan
2879,13.0825,77.8895,,,,,,,,,,,0.0,0.0,0,0.0,0.028427,34.1781,56.040899653979245,0,0.0,0.0,0.0,0.0,0.0,nan
2880,13.0825,77.8985,,,,,,,,,,,0.0,0.0,0,0.0,0.02771,35.0876,69.79000000000008,0,0.0,0.0,0.0,0.0,0.0,nan
2881,13.0915,77.3045,,,,,,,,,,,0.0,0.0,0,0.0,0.028514,34.0711,56.040899653979245,0,0.0,0.0,0.0,0.0,0.0,nan
2882,13.0915,77.3135,,,,,,,,,,,0.0,0.0,0,0.0,0.029259,33.1775,56.040899653979245,0,0.0,0.0,0.0,0.0,0.0,nan
2883,13.0915,77.3225,,,,,,,,,,,0.0,0.0,0,0.0,0.03004,32.2886,56.040899653979245,0,0.0,0.0,0.0,0.0,0.0,nan
2884,13.0915,77.3315,,,,,,,,,,,0.0,0.0,0,0.0,0.03086,31.4046,56.040899653979245,0,0.0,0.0,0.0,0.0,0.0,nan
2885,13.0915,77.3405,,,,,,,,,,,0.0,0.0,0,0.0,0.03172,30.526,67.62999999999988,0,0.0,0.0,0.0,0.0,0.0,nan
2886,13.0915,77.3495,,,,,,,,,,,0.0,0.0,0,0.0,0.032623,29.6534,56.040899653979245,0,0.0,0.0,0.0,0.0,0.0,nan
2887,13.0915,77.3585,,,,,,,,,,,0.0,0.0,0,0.0,0.033571,28.7872,56.040899653979245,0,0.0,0.0,0.0,0.0,0.0,nan
2888,13.0915,77.3675,,,,,,,,,,,0.0,0.0,0,0.0,0.034569,27.928,56.040899653979245,0,0.0,0.0,0.0,0.0,0.0,nan
2889,13.0915,77.3765,,,,,,,,,,,0.0,0.0,0,0.0,0.035617,27.0765,56.040899653979245,0,0.0,0.0,0.0,0.0,0.0,nan
2890,13.0915,77.3855,,,,,,,,,,,0.0,0.0,0,0.0,0.036719,26.2335,68.74000000000001,0,1.0,1.0,1.0,0.0,0.0,nan
2891,13.0915,77.3945,,,,,,,,,,,0.0,0.0,0,0.0,0.037879,25.3998,56.040899653979245,0,0.0,0.0,0.0,0.0,0.0,nan
2892,13.0915,77.4035,,,,,,,,,,,0.0,0.0,0,0.0,0.039099,24.5763,56.040899653979245,0,0.0,0.0,0.0,0.0,0.0,nan
2893,13.0915,77.4125,,,,,,,,,,,0.0,0.0,0,0.0,0.040381,23.7641,56.040899653979245,0,0.0,0.0,0.0,0.0,0.0,nan
2894,13.0915,77.4215,,,,,,,,,,,0.0,0.0,0,0.0,0.041728,22.9645,56.040899653979245,0,0.0,0.0,0.0,0.0,0.0,nan
2895,13.0915,77.4305,,,,,,,,,,,0.0,0.0,0,0.0,0.043143,22.1787,56.040899653979245,0,0.0,0.0,0.0,0.0,0.0,nan
2896,13.0915,77.4395,,,,,,,,,,,0.0,0.0,0,0.0,0.044626,21.4083,56.040899653979245,0,0.0,0.0,0.0,0.0,0.0,nan
2897,13.0915,77.4485,,,,,,,,,,,0.0,0.0,0,0.0,0.046179,20.655,56.040899653979245,0,0.0,0.0,0.0,0.0,0.0,nan
2898,13.0915,77.4575,,,,,,,,,,,0.0,0.0,0,0.0,0.0478,19.9207,56.040899653979245,0,0.0,0.0,0.0,0.0,0.0,nan
2899,13.0915,77.4665,,,,,,,,,,,0.0,0.0,0,0.0,0.049486,19.2077,56.040899653979245,0,0.0,0.0,0.0,0.0,0.0,nan
2900,13.0915,77.4755,,,,,,,,,,,0.0,0.0,0,0.0,0.051234,18.5184,56.040899653979245,0,3.0,3.0,1.0,0.0,0.0,nan
2901,13.0915,77.4845,,,,,,,,,,,0.0,0.0,0,0.0,0.053035,17.8555,56.040899653979245,0,0.0,0.0,0.0,0.0,0.0,nan
2902,13.0915,77.4935,,,,,,,,,,,0.0,0.0,0,0.0,0.054878,17.2221,56.040899653979245,0,0.0,0.0,0.0,0.0,0.0,nan
2903,13.0915,77.5025,,,,,,,,,,,0.0,0.0,0,0.0,0.056749,16.6216,56.040899653979245,0,0.0,0.0,0.0,0.0,0.0,nan
2904,13.0915,77.5115,,,,,,,,,,,0.0,0.0,0,0.0,0.058625,16.0576,56.040899653979245,0,0.0,0.0,0.0,0.0,0.0,nan
2905,13.0915,77.5205,,,,,,,,,,,0.0,0.0,0,0.0,0.060481,15.5341,56.040899653979245,0,0.0,0.0,0.0,0.0,0.0,nan
2906,13.0915,77.5295,,,,,,,,,,,0.0,0.0,0,0.0,0.062284,15.0554,56.040899653979245,0,0.0,0.0,0.0,0.0,0.0,nan
2907,13.0915,77.5385,,,,,,,,,,,0.0,0.0,0,0.0,0.063997,14.6258,56.040899653979245,0,0.0,0.0,0.0,0.0,0.0,nan
2908,13.0915,77.5475,,,,,,,,,,,0.0,0.0,0,0.0,0.065575,14.2498,56.040899653979245,0,0.0,0.0,0.0,0.0,0.0,nan
2909,13.0915,77.5565,,,,,,,,,,,0.0,0.0,0,0.0,0.066971,13.9318,56.040899653979245,0,0.0,0.0,0.0,0.0,0.0,nan
2910,13.0915,77.5655,,,,,,,,,,,0.0,0.0,0,0.0,0.06814,13.6757,56.040899653979245,0,1379.0,74.0,18.6351,0.0,0.0,nan
2911,13.0915,77.5745,,,,,,,,,,,0.0,0.0,0,0.0,0.069036,13.4851,56.040899653979245,0,0.0,0.0,0.0,0.0,0.0,nan
2912,13.0915,77.5835,,,,,,,,,,,0.0,0.0,0,0.0,0.069624,13.3629,56.040899653979245,0,0.0,0.0,0.0,0.0,0.0,nan
2913,13.0915,77.5925,,,,,,,,,,,0.0,0.0,0,0.0,0.069877,13.3108,56.040899653979245,0,0.0,0.0,0.0,0.0,0.0,nan
2914,13.0915,77.6015,,,,,,,,,,,0.0,0.0,0,0.0,0.069785,13.3298,56.040899653979245,0,0.0,0.0,0.0,0.0,0.0,nan
2915,13.0915,77.6105,,,,,,,,,,,0.0,0.0,0,0.0,0.069351,13.4195,56.040899653979245,0,0.0,0.0,0.0,0.0,0.0,nan
2916,13.0915,77.6195,,,,,,,,,,,0.0,0.0,0,0.0,0.068595,13.5784,56.040899653979245,0,0.0,0.0,0.0,0.0,0.0,nan
2917,13.0915,77.6285,,,,,,,,,,,0.0,0.0,0,0.0,0.067548,13.8043,56.040899653979245,0,0.0,0.0,0.0,0.0,0.0,nan
2918,13.0915,77.6375,,,,,,,,,,,0.0,0.0,0,0.0,0.066252,14.0939,56.040899653979245,0,0.0,0.0,0.0,0.0,0.0,nan
2919,13.0915,77.6465,,,,,,,,,,,0.0,0.0,0,0.0,0.064753,14.4434,56.040899653979245,0,0.0,0.0,0.0,0.0,0.0,nan
2920,13.0915,77.6555,,,,,,,,,,,0.0,0.0,0,0.0,0.063097,14.8485,56.040899653979245,0,2.0,2.0,1.0,0.0,0.0,nan
2921,13.0915,77.6645,,,,,,,,,,,0.0,0.0,0,0.0,0.061331,15.3049,56.040899653979245,0,0.0,0.0,0.0,0.0,0.0,nan
2922,13.0915,77.6735,,,,,,,,,,,0.0,0.0,0,0.0,0.059495,15.808,56.040899653979245,0,0.0,0.0,0.0,0.0,0.0,nan
2923,13.0915,77.6825,,,,,,,,,,,0.0,0.0,0,0.0,0.057625,16.3536,56.040899653979245,0,0.0,0.0,0.0,0.0,0.0,nan
2924,13.0915,77.6915,,,,,,,,,,,0.0,0.0,0,0.0,0.055749,16.9376,56.040899653979245,0,0.0,0.0,0.0,0.0,0.0,nan
2925,13.0915,77.7005,,,,,,,,,,,0.0,0.0,0,0.0,0.053891,17.5561,56.040899653979245,0,0.0,0.0,0.0,0.0,0.0,nan
2926,13.0915,77.7095,,,,,,,,,,,0.0,0.0,0,0.0,0.052068,18.2056,56.040899653979245,0,0.0,0.0,0.0,0.0,0.0,nan
2927,13.0915,77.7185,,,,,,,,,,,0.0,0.0,0,0.0,0.050294,18.8829,56.040899653979245,0,0.0,0.0,0.0,0.0,0.0,nan
2928,13.0915,77.7275,,,,,,,,,,,0.0,0.0,0,0.0,0.048579,19.5852,56.040899653979245,0,0.0,0.0,0.0,0.0,0.0,nan
2929,13.0915,77.7365,,,,,,,,,,,0.0,0.0,0,0.0,0.046927,20.3098,56.040899653979245,0,0.0,0.0,0.0,0.0,0.0,nan
2930,13.0915,77.7455,,,,,,,,,,,0.0,0.0,0,0.0,0.045342,21.0545,56.040899653979245,0,0.0,0.0,0.0,0.0,0.0,nan
2931,13.0915,77.7545,,,,,,,,,,,0.0,0.0,0,0.0,0.043827,21.8171,56.040899653979245,0,0.0,0.0,0.0,0.0,0.0,nan
2932,13.0915,77.7635,,,,,,,,,,,0.0,0.0,0,0.0,0.04238,22.596,56.040899653979245,0,0.0,0.0,0.0,0.0,0.0,nan
2933,13.0915,77.7725,,,,,,,,,,,0.0,0.0,0,0.0,0.041002,23.3893,56.040899653979245,0,0.0,0.0,0.0,0.0,0.0,nan
2934,13.0915,77.7815,,,,,,,,,,,0.0,0.0,0,0.0,0.039689,24.1958,56.040899653979245,0,0.0,0.0,0.0,0.0,0.0,nan
2935,13.0915,77.7905,,,,,,,,,,,0.0,0.0,0,0.0,0.038441,25.0142,56.040899653979245,0,0.0,0.0,0.0,0.0,0.0,nan
2936,13.0915,77.7995,,,,,,,,,,,0.0,0.0,0,0.0,0.037253,25.8432,56.040899653979245,0,0.0,0.0,0.0,0.0,0.0,nan
2937,13.0915,77.8085,,,,,,,,,,,0.0,0.0,0,0.0,0.036125,26.682,56.040899653979245,0,0.0,0.0,0.0,0.0,0.0,nan
2938,13.0915,77.8175,,,,,,,,,,,0.0,0.0,0,0.0,0.035051,27.5296,56.040899653979245,0,0.0,0.0,0.0,0.0,0.0,nan
2939,13.0915,77.8265,,,,,,,,,,,0.0,0.0,0,0.0,0.034031,28.3853,56.040899653979245,0,0.0,0.0,0.0,0.0,0.0,nan
2940,13.0915,77.8355,,,,,,,,,,,0.0,0.0,0,0.0,0.03306,29.2483,56.040899653979245,0,0.0,0.0,0.0,0.0,0.0,nan
2941,13.0915,77.8445,,,,,,,,,,,0.0,0.0,0,0.0,0.032136,30.118,56.040899653979245,0,0.0,0.0,0.0,0.0,0.0,nan
2942,13.0915,77.8535,,,,,,,,,,,0.0,0.0,0,0.0,0.031256,30.9939,56.040899653979245,0,0.0,0.0,0.0,0.0,0.0,nan
2943,13.0915,77.8625,,,,,,,,,,,0.0,0.0,0,0.0,0.030418,31.8754,56.040899653979245,0,0.0,0.0,0.0,0.0,0.0,nan
2944,13.0915,77.8715,,,,,,,,,,,0.0,0.0,0,0.0,0.029619,32.7621,56.040899653979245,0,0.0,0.0,0.0,0.0,0.0,nan
2945,13.0915,77.8805,,,,,,,,,,,0.0,0.0,0,0.0,0.028857,33.6535,56.040899653979245,0,0.0,0.0,0.0,0.0,0.0,nan
2946,13.0915,77.8895,,,,,,,,,,,0.0,0.0,0,0.0,0.02813,34.5494,56.040899653979245,0,0.0,0.0,0.0,0.0,0.0,nan
2947,13.0915,77.8985,,,,,,,,,,,0.0,0.0,0,0.0,0.027435,35.4493,56.040899653979245,0,0.0,0.0,0.0,0.0,0.0,nan
2948,13.1005,77.3045,,,,,,,,,,,0.0,0.0,0,0.0,0.028191,34.4725,56.040899653979245,0,0.0,0.0,0.0,0.0,0.0,nan
2949,13.1005,77.3135,,,,,,,,,,,0.0,0.0,0,0.0,0.02891,33.5897,56.040899653979245,0,0.0,0.0,0.0,0.0,0.0,nan
2950,13.1005,77.3225,,,,,,,,,,,0.0,0.0,0,0.0,0.029663,32.712,56.040899653979245,0,1.0,1.0,1.0,0.0,0.0,nan
2951,13.1005,77.3315,,,,,,,,,,,0.0,0.0,0,0.0,0.030451,31.8399,56.040899653979245,0,0.0,0.0,0.0,0.0,0.0,nan
2952,13.1005,77.3405,,,,,,,,,,,0.0,0.0,0,0.0,0.031276,30.9738,56.040899653979245,0,0.0,0.0,0.0,0.0,0.0,nan
2953,13.1005,77.3495,,,,,,,,,,,0.0,0.0,0,0.0,0.03214,30.1141,56.040899653979245,0,0.0,0.0,0.0,0.0,0.0,nan
2954,13.1005,77.3585,,,,,,,,,,,0.0,0.0,0,0.0,0.033045,29.2616,56.040899653979245,0,0.0,0.0,0.0,0.0,0.0,nan
2955,13.1005,77.3675,,,,,,,,,,,0.0,0.0,0,0.0,0.033994,28.4169,56.040899653979245,0,0.0,0.0,0.0,0.0,0.0,nan
2956,13.1005,77.3765,,,,,,,,,,,0.0,0.0,0,0.0,0.034989,27.5806,56.040899653979245,0,0.0,0.0,0.0,0.0,0.0,nan
2957,13.1005,77.3855,,,,,,,,,,,0.0,0.0,0,0.0,0.036031,26.7535,56.040899653979245,0,0.0,0.0,0.0,0.0,0.0,nan
2958,13.1005,77.3945,,,,,,,,,,,0.0,0.0,0,0.0,0.037124,25.9365,56.040899653979245,0,0.0,0.0,0.0,0.0,0.0,nan
2959,13.1005,77.4035,,,,,,,,,,,0.0,0.0,0,0.0,0.038269,25.1307,56.040899653979245,0,0.0,0.0,0.0,0.0,0.0,nan
2960,13.1005,77.4125,,,,,,,,,,,0.0,0.0,0,0.0,0.039468,24.3371,56.040899653979245,0,34.0,20.0,1.7,0.0,0.0,nan
2961,13.1005,77.4215,,,,,,,,,,,0.0,0.0,0,0.0,0.040722,23.557,56.040899653979245,0,0.0,0.0,0.0,0.0,0.0,nan
2962,13.1005,77.4305,,,,,,,,,,,0.0,0.0,0,0.0,0.042031,22.7917,56.040899653979245,0,0.0,0.0,0.0,0.0,0.0,nan
2963,13.1005,77.4395,,,,,,,,,,,0.0,0.0,0,0.0,0.043398,22.0428,56.040899653979245,0,0.0,0.0,0.0,0.0,0.0,nan
2964,13.1005,77.4485,,,,,,,,,,,0.0,0.0,0,0.0,0.044819,21.3119,56.040899653979245,0,0.0,0.0,0.0,0.0,0.0,nan
2965,13.1005,77.4575,,,,,,,,,,,0.0,0.0,0,0.0,0.046294,20.6012,56.040899653979245,0,0.0,0.0,0.0,0.0,0.0,nan
2966,13.1005,77.4665,,,,,,,,,,,0.0,0.0,0,0.0,0.047818,19.9126,56.040899653979245,0,0.0,0.0,0.0,0.0,0.0,nan
2967,13.1005,77.4755,,,,,,,,,,,0.0,0.0,0,0.0,0.049386,19.2486,56.040899653979245,0,0.0,0.0,0.0,0.0,0.0,nan
2968,13.1005,77.4845,,,,,,,,,,,0.0,0.0,0,0.0,0.05099,18.6118,56.040899653979245,0,0.0,0.0,0.0,0.0,0.0,nan
2969,13.1005,77.4935,,,,,,,,,,,0.0,0.0,0,0.0,0.052618,18.005,56.040899653979245,0,0.0,0.0,0.0,0.0,0.0,nan
2970,13.1005,77.5025,,,,,,,,,,,0.0,0.0,0,0.0,0.054255,17.4315,56.040899653979245,0,0.0,0.0,0.0,0.0,0.0,nan
2971,13.1005,77.5115,,,,,,,,,,,0.0,0.0,0,0.0,0.055883,16.8946,56.040899653979245,0,0.0,0.0,0.0,0.0,0.0,nan
2972,13.1005,77.5205,,,,,,,,,,,0.0,0.0,0,0.0,0.057478,16.3979,56.040899653979245,0,0.0,0.0,0.0,0.0,0.0,nan
2973,13.1005,77.5295,,,,,,,,,,,0.0,0.0,0,0.0,0.059014,15.9452,56.040899653979245,0,0.0,0.0,0.0,0.0,0.0,nan
2974,13.1005,77.5385,,,,,,,,,,,0.0,0.0,0,0.0,0.060458,15.5403,56.040899653979245,0,0.0,0.0,0.0,0.0,0.0,nan
2975,13.1005,77.5475,,,,,,,,,,,0.0,0.0,0,0.0,0.061778,15.187,56.040899653979245,0,0.0,0.0,0.0,0.0,0.0,nan
2976,13.1005,77.5565,,,,,,,,,,,0.0,0.0,0,0.0,0.062937,14.889,56.040899653979245,0,0.0,0.0,0.0,0.0,0.0,nan
2977,13.1005,77.5655,,,,,,,,,,,0.0,0.0,0,0.0,0.063899,14.6497,56.040899653979245,0,0.0,0.0,0.0,0.0,0.0,nan
2978,13.1005,77.5745,,,,,,,,,,,0.0,0.0,0,0.0,0.064633,14.472,56.040899653979245,0,0.0,0.0,0.0,0.0,0.0,nan
2979,13.1005,77.5835,,,,,,,,,,,0.0,0.0,0,0.0,0.065112,14.3581,56.040899653979245,0,0.0,0.0,0.0,0.0,0.0,nan
2980,13.1005,77.5925,,,,,,,,,,,0.0,0.0,0,0.0,0.065318,14.3097,56.040899653979245,0,225.0,58.0,3.8793,0.0,0.0,nan
2981,13.1005,77.6015,,,,,,,,,,,0.0,0.0,0,0.0,0.065243,14.3273,56.040899653979245,0,0.0,0.0,0.0,0.0,0.0,nan
2982,13.1005,77.6105,,,,,,,,,,,0.0,0.0,0,0.0,0.06489,14.4108,56.040899653979245,0,0.0,0.0,0.0,0.0,0.0,nan
2983,13.1005,77.6195,,,,,,,,,,,0.0,0.0,0,0.0,0.064272,14.5589,56.040899653979245,0,0.0,0.0,0.0,0.0,0.0,nan
2984,13.1005,77.6285,,,,,,,,,,,0.0,0.0,0,0.0,0.063412,14.7698,56.040899653979245,0,0.0,0.0,0.0,0.0,0.0,nan
2985,13.1005,77.6375,,,,,,,,,,,0.0,0.0,0,0.0,0.062341,15.0408,56.040899653979245,0,0.0,0.0,0.0,0.0,0.0,nan
2986,13.1005,77.6465,,,,,,,,,,,0.0,0.0,0,0.0,0.061092,15.3688,56.040899653979245,0,0.0,0.0,0.0,0.0,0.0,nan
2987,13.1005,77.6555,,,,,,,,,,,0.0,0.0,0,0.0,0.059701,15.7501,56.040899653979245,0,0.0,0.0,0.0,0.0,0.0,nan
2988,13.1005,77.6645,,,,,,,,,,,0.0,0.0,0,0.0,0.058204,16.181,56.040899653979245,0,0.0,0.0,0.0,0.0,0.0,nan
2989,13.1005,77.6735,,,,,,,,,,,0.0,0.0,0,0.0,0.056633,16.6576,56.040899653979245,0,0.0,0.0,0.0,0.0,0.0,nan
2990,13.1005,77.6825,,,,,,,,,,,0.0,0.0,0,0.0,0.055017,17.1762,56.040899653979245,0,0.0,0.0,0.0,0.0,0.0,nan
2991,13.1005,77.6915,,,,,,,,,,,0.0,0.0,0,0.0,0.053381,17.7331,56.040899653979245,0,0.0,0.0,0.0,0.0,0.0,nan
2992,13.1005,77.7005,,,,,,,,,,,0.0,0.0,0,0.0,0.051747,18.3247,56.040899653979245,0,0.0,0.0,0.0,0.0,0.0,nan
2993,13.1005,77.7095,,,,,,,,,,,0.0,0.0,0,0.0,0.050131,18.9479,56.040899653979245,0,0.0,0.0,0.0,0.0,0.0,nan
2994,13.1005,77.7185,,,,,,,,,,,0.0,0.0,0,0.0,0.048545,19.5995,56.040899653979245,0,0.0,0.0,0.0,0.0,0.0,nan
2995,13.1005,77.7275,,,,,,,,,,,0.0,0.0,0,0.0,0.046999,20.2769,56.040899653979245,0,0.0,0.0,0.0,0.0,0.0,nan
2996,13.1005,77.7365,,,,,,,,,,,0.0,0.0,0,0.0,0.045501,20.9776,56.040899653979245,0,0.0,0.0,0.0,0.0,0.0,nan
2997,13.1005,77.7455,,,,,,,,,,,0.0,0.0,0,0.0,0.044054,21.6993,56.040899653979245,0,0.0,0.0,0.0,0.0,0.0,nan
2998,13.1005,77.7545,,,,,,,,,,,0.0,0.0,0,0.0,0.042662,22.44,56.040899653979245,0,0.0,0.0,0.0,0.0,0.0,nan
2999,13.1005,77.7635,,,,,,,,,,,0.0,0.0,0,0.0,0.041326,23.1979,56.040899653979245,0,0.0,0.0,0.0,0.0,0.0,nan
3000,13.1005,77.7725,,,,,,,,,,,0.0,0.0,0,0.0,0.040046,23.9713,56.040899653979245,0,493.0,66.0,7.4697,0.0,0.0,nan
3001,13.1005,77.7815,,,,,,,,,,,0.0,0.0,0,0.0,0.038822,24.7588,56.040899653979245,0,0.0,0.0,0.0,0.0,0.0,nan
3002,13.1005,77.7905,,,,,,,,,,,0.0,0.0,0,0.0,0.037652,25.559,56.040899653979245,0,0.0,0.0,0.0,0.0,0.0,nan
3003,13.1005,77.7995,,,,,,,,,,,0.0,0.0,0,0.0,0.036535,26.3709,56.040899653979245,0,0.0,0.0,0.0,0.0,0.0,nan
3004,13.1005,77.8085,,,,,,,,,,,0.0,0.0,0,0.0,0.035469,27.1934,56.040899653979245,0,0.0,0.0,0.0,0.0,0.0,nan
3005,13.1005,77.8175,,,,,,,,,,,0.0,0.0,0,0.0,0.034452,28.0255,56.040899653979245,0,0.0,0.0,0.0,0.0,0.0,nan
3006,13.1005,77.8265,,,,,,,,,,,0.0,0.0,0,0.0,0.033482,28.8664,56.040899653979245,0,0.0,0.0,0.0,0.0,0.0,nan
3007,13.1005,77.8355,,,,,,,,,,,0.0,0.0,0,0.0,0.032557,29.7154,56.040899653979245,0,0.0,0.0,0.0,0.0,0.0,nan
3008,13.1005,77.8445,,,,,,,,,,,0.0,0.0,0,0.0,0.031674,30.5718,56.040899653979245,0,0.0,0.0,0.0,0.0,0.0,nan
3009,13.1005,77.8535,,,,,,,,,,,0.0,0.0,0,0.0,0.030831,31.4349,56.040899653979245,0,0.0,0.0,0.0,0.0,0.0,nan
3010,13.1005,77.8625,,,,,,,,,,,0.0,0.0,0,0.0,0.030026,32.3043,56.040899653979245,0,18.0,17.0,1.0588,0.0,0.0,nan
3011,13.1005,77.8715,,,,,,,,,,,0.0,0.0,0,0.0,0.029257,33.1795,56.040899653979245,0,0.0,0.0,0.0,0.0,0.0,nan
3012,13.1005,77.8805,,,,,,,,,,,0.0,0.0,0,0.0,0.028523,34.06,56.040899653979245,0,0.0,0.0,0.0,0.0,0.0,nan
3013,13.1005,77.8895,,,,,,,,,,,0.0,0.0,0,0.0,0.02782,34.9453,56.040899653979245,0,0.0,0.0,0.0,0.0,0.0,nan
3014,13.1005,77.8985,,,,,,,,,,,0.0,0.0,0,0.0,0.027148,35.8352,56.040899653979245,0,0.0,0.0,0.0,0.0,0.0,nan
3015,13.1095,77.3045,,,,,,,,,,,0.0,0.0,0,0.0,0.027857,34.898,56.040899653979245,0,0.0,0.0,0.0,0.0,0.0,nan
3016,13.1095,77.3135,,,,,,,,,,,0.0,0.0,0,0.0,0.02855,34.0263,56.040899653979245,0,0.0,0.0,0.0,0.0,0.0,nan
3017,13.1095,77.3225,,,,,,,,,,,0.0,0.0,0,0.0,0.029274,33.1602,56.040899653979245,0,0.0,0.0,0.0,0.0,0.0,nan
3018,13.1095,77.3315,,,,,,,,,,,0.0,0.0,0,0.0,0.03003,32.3002,56.040899653979245,0,0.0,0.0,0.0,0.0,0.0,nan
3019,13.1095,77.3405,,,,,,,,,,,0.0,0.0,0,0.0,0.03082,31.4468,56.040899653979245,0,0.0,0.0,0.0,0.0,0.0,nan
3020,13.1095,77.3495,,,,,,,,,,,0.0,0.0,0,0.0,0.031645,30.6006,56.040899653979245,0,0.0,0.0,0.0,0.0,0.0,nan
3021,13.1095,77.3585,,,,,,,,,,,0.0,0.0,0,0.0,0.032508,29.7621,56.040899653979245,0,0.0,0.0,0.0,0.0,0.0,nan
3022,13.1095,77.3675,,,,,,,,,,,0.0,0.0,0,0.0,0.033409,28.932,56.040899653979245,0,0.0,0.0,0.0,0.0,0.0,nan
3023,13.1095,77.3765,,,,,,,,,,,0.0,0.0,0,0.0,0.034351,28.1111,56.040899653979245,0,0.0,0.0,0.0,0.0,0.0,nan
3024,13.1095,77.3855,,,,,,,,,,,0.0,0.0,0,0.0,0.035336,27.3001,56.040899653979245,0,0.0,0.0,0.0,0.0,0.0,nan
3025,13.1095,77.3945,,,,,,,,,,,0.0,0.0,0,0.0,0.036364,26.5001,56.040899653979245,0,0.0,0.0,0.0,0.0,0.0,nan
3026,13.1095,77.4035,,,,,,,,,,,0.0,0.0,0,0.0,0.037436,25.712,56.040899653979245,0,0.0,0.0,0.0,0.0,0.0,nan
3027,13.1095,77.4125,,,,,,,,,,,0.0,0.0,0,0.0,0.038555,24.937,56.040899653979245,0,0.0,0.0,0.0,0.0,0.0,nan
3028,13.1095,77.4215,,,,,,,,,,,0.0,0.0,0,0.0,0.03972,24.1762,56.040899653979245,0,0.0,0.0,0.0,0.0,0.0,nan
3029,13.1095,77.4305,,,,,,,,,,,0.0,0.0,0,0.0,0.040931,23.4312,56.040899653979245,0,0.0,0.0,0.0,0.0,0.0,nan
3030,13.1095,77.4395,,,,,,,,,,,0.0,0.0,0,0.0,0.042188,22.7035,56.040899653979245,0,7.0,7.0,1.0,0.0,0.0,nan
3031,13.1095,77.4485,,,,,,,,,,,0.0,0.0,0,0.0,0.043488,21.9947,56.040899653979245,0,0.0,0.0,0.0,0.0,0.0,nan
3032,13.1095,77.4575,,,,,,,,,,,0.0,0.0,0,0.0,0.044829,21.3068,56.040899653979245,0,0.0,0.0,0.0,0.0,0.0,nan
3033,13.1095,77.4665,,,,,,,,,,,0.0,0.0,0,0.0,0.046207,20.6418,56.040899653979245,0,0.0,0.0,0.0,0.0,0.0,nan
3034,13.1095,77.4755,,,,,,,,,,,0.0,0.0,0,0.0,0.047615,20.002,56.040899653979245,0,0.0,0.0,0.0,0.0,0.0,nan
3035,13.1095,77.4845,,,,,,,,,,,0.0,0.0,0,0.0,0.049044,19.39,56.040899653979245,0,0.0,0.0,0.0,0.0,0.0,nan
3036,13.1095,77.4935,,,,,,,,,,,0.0,0.0,0,0.0,0.050483,18.8085,56.040899653979245,0,0.0,0.0,0.0,0.0,0.0,nan
3037,13.1095,77.5025,,,,,,,,,,,0.0,0.0,0,0.0,0.051921,18.2602,56.040899653979245,0,0.0,0.0,0.0,0.0,0.0,nan
3038,13.1095,77.5115,,,,,,,,,,,0.0,0.0,0,0.0,0.053338,17.7485,56.040899653979245,0,0.0,0.0,0.0,0.0,0.0,nan
3039,13.1095,77.5205,,,,,,,,,,,0.0,0.0,0,0.0,0.054715,17.2764,56.040899653979245,0,0.0,0.0,0.0,0.0,0.0,nan
3040,13.1095,77.5295,,,,,,,,,,,0.0,0.0,0,0.0,0.056031,16.8473,56.040899653979245,0,202.0,72.0,2.8056,0.0,0.0,nan
3041,13.1095,77.5385,,,,,,,,,,,0.0,0.0,0,0.0,0.057259,16.4646,56.040899653979245,0,0.0,0.0,0.0,0.0,0.0,nan
3042,13.1095,77.5475,,,,,,,,,,,0.0,0.0,0,0.0,0.058372,16.1316,56.040899653979245,0,0.0,0.0,0.0,0.0,0.0,nan
3043,13.1095,77.5565,,,,,,,,,,,0.0,0.0,0,0.0,0.059342,15.8514,56.040899653979245,0,0.0,0.0,0.0,0.0,0.0,nan
3044,13.1095,77.5655,,,,,,,,,,,0.0,0.0,0,0.0,0.060144,15.6268,56.040899653979245,0,0.0,0.0,0.0,0.0,0.0,nan
3045,13.1095,77.5745,,,,,,,,,,,0.0,0.0,0,0.0,0.060752,15.4604,56.040899653979245,0,0.0,0.0,0.0,0.0,0.0,nan
3046,13.1095,77.5835,,,,,,,,,,,0.0,0.0,0,0.0,0.061147,15.3539,56.040899653979245,0,0.0,0.0,0.0,0.0,0.0,nan
3047,13.1095,77.5925,,,,,,,,,,,0.0,0.0,0,0.0,0.061317,15.3086,56.040899653979245,0,0.0,0.0,0.0,0.0,0.0,nan
3048,13.1095,77.6015,,,,,,,,,,,0.0,0.0,0,0.0,0.061255,15.3251,56.040899653979245,0,0.0,0.0,0.0,0.0,0.0,nan
3049,13.1095,77.6105,,,,,,,,,,,0.0,0.0,0,0.0,0.060964,15.4031,56.040899653979245,0,0.0,0.0,0.0,0.0,0.0,nan
3050,13.1095,77.6195,,,,,,,,,,,0.0,0.0,0,0.0,0.060453,15.5418,56.040899653979245,0,13838.0,71.0,194.9014,0.0,0.0,nan
3051,13.1095,77.6285,,,,,,,,,,,0.0,0.0,0,0.0,0.059739,15.7395,56.040899653979245,0,0.0,0.0,0.0,0.0,0.0,nan
3052,13.1095,77.6375,,,,,,,,,,,0.0,0.0,0,0.0,0.058844,15.9941,56.040899653979245,0,0.0,0.0,0.0,0.0,0.0,nan
3053,13.1095,77.6465,,,,,,,,,,,0.0,0.0,0,0.0,0.057794,16.3028,56.040899653979245,0,0.0,0.0,0.0,0.0,0.0,nan
3054,13.1095,77.6555,,,,,,,,,,,0.0,0.0,0,0.0,0.056616,16.6627,56.040899653979245,0,0.0,0.0,0.0,0.0,0.0,nan
3055,13.1095,77.6645,,,,,,,,,,,0.0,0.0,0,0.0,0.055339,17.0706,56.040899653979245,0,0.0,0.0,0.0,0.0,0.0,nan
3056,13.1095,77.6735,,,,,,,,,,,0.0,0.0,0,0.0,0.053987,17.523,56.040899653979245,0,0.0,0.0,0.0,0.0,0.0,nan
3057,13.1095,77.6825,,,,,,,,,,,0.0,0.0,0,0.0,0.052585,18.0167,56.040899653979245,0,0.0,0.0,0.0,0.0,0.0,nan
3058,13.1095,77.6915,,,,,,,,,,,0.0,0.0,0,0.0,0.051155,18.5483,56.040899653979245,0,0.0,0.0,0.0,0.0,0.0,nan
3059,13.1095,77.7005,,,,,,,,,,,0.0,0.0,0,0.0,0.049715,19.1147,56.040899653979245,0,0.0,0.0,0.0,0.0,0.0,nan
3060,13.1095,77.7095,,,,,,,,,,,0.0,0.0,0,0.0,0.048279,19.7128,56.040899653979245,0,0.0,0.0,0.0,0.0,0.0,nan
3061,13.1095,77.7185,,,,,,,,,,,0.0,0.0,0,0.0,0.046861,20.3399,56.040899653979245,0,0.0,0.0,0.0,0.0,0.0,nan
3062,13.1095,77.7275,,,,,,,,,,,0.0,0.0,0,0.0,0.045468,20.9934,56.040899653979245,0,0.0,0.0,0.0,0.0,0.0,nan
3063,13.1095,77.7365,,,,,,,,,,,0.0,0.0,0,0.0,0.044109,21.6709,56.040899653979245,0,0.0,0.0,0.0,0.0,0.0,nan
3064,13.1095,77.7455,,,,,,,,,,,0.0,0.0,0,0.0,0.04279,22.3702,56.040899653979245,0,0.0,0.0,0.0,0.0,0.0,nan
3065,13.1095,77.7545,,,,,,,,,,,0.0,0.0,0,0.0,0.041512,23.0894,56.040899653979245,0,0.0,0.0,0.0,0.0,0.0,nan
3066,13.1095,77.7635,,,,,,,,,,,0.0,0.0,0,0.0,0.04028,23.8265,56.040899653979245,0,0.0,0.0,0.0,0.0,0.0,nan
3067,13.1095,77.7725,,,,,,,,,,,0.0,0.0,0,0.0,0.039093,24.5801,56.040899653979245,0,0.0,0.0,0.0,0.0,0.0,nan
3068,13.1095,77.7815,,,,,,,,,,,0.0,0.0,0,0.0,0.037953,25.3486,56.040899653979245,0,0.0,0.0,0.0,0.0,0.0,nan
3069,13.1095,77.7905,,,,,,,,,,,0.0,0.0,0,0.0,0.036858,26.1308,56.040899653979245,0,0.0,0.0,0.0,0.0,0.0,nan
3070,13.1095,77.7995,,,,,,,,,,,0.0,0.0,0,0.0,0.03581,26.9254,56.040899653979245,0,0.0,0.0,0.0,0.0,0.0,nan
3071,13.1095,77.8085,,,,,,,,,,,0.0,0.0,0,0.0,0.034805,27.7313,56.040899653979245,0,0.0,0.0,0.0,0.0,0.0,nan
3072,13.1095,77.8175,,,,,,,,,,,0.0,0.0,0,0.0,0.033844,28.5477,56.040899653979245,0,0.0,0.0,0.0,0.0,0.0,nan
3073,13.1095,77.8265,,,,,,,,,,,0.0,0.0,0,0.0,0.032923,29.3736,56.040899653979245,0,0.0,0.0,0.0,0.0,0.0,nan
3074,13.1095,77.8355,,,,,,,,,,,0.0,0.0,0,0.0,0.032043,30.2083,56.040899653979245,0,0.0,0.0,0.0,0.0,0.0,nan
3075,13.1095,77.8445,,,,,,,,,,,0.0,0.0,0,0.0,0.0312,31.051,56.040899653979245,0,0.0,0.0,0.0,0.0,0.0,nan
3076,13.1095,77.8535,,,,,,,,,,,0.0,0.0,0,0.0,0.030394,31.9011,56.040899653979245,0,0.0,0.0,0.0,0.0,0.0,nan
3077,13.1095,77.8625,,,,,,,,,,,0.0,0.0,0,0.0,0.029623,32.7581,56.040899653979245,0,0.0,0.0,0.0,0.0,0.0,nan
3078,13.1095,77.8715,,,,,,,,,,,0.0,0.0,0,0.0,0.028884,33.6214,56.040899653979245,0,0.0,0.0,0.0,0.0,0.0,nan
3079,13.1095,77.8805,,,,,,,,,,,0.0,0.0,0,0.0,0.028177,34.4905,56.040899653979245,0,0.0,0.0,0.0,0.0,0.0,nan
3080,13.1095,77.8895,,,,,,,,,,,0.0,0.0,0,0.0,0.027499,35.365,56.040899653979245,0,0.0,0.0,0.0,0.0,0.0,nan
3081,13.1095,77.8985,,,,,,,,,,,0.0,0.0,0,0.0,0.02685,36.2446,56.040899653979245,0,0.0,0.0,0.0,0.0,0.0,nan
3082,13.1185,77.3045,,,,,,,,,,,0.0,0.0,0,0.0,0.027513,35.3465,56.040899653979245,0,0.0,0.0,0.0,0.0,0.0,nan
3083,13.1185,77.3135,,,,,,,,,,,0.0,0.0,0,0.0,0.02818,34.4862,56.040899653979245,0,0.0,0.0,0.0,0.0,0.0,nan
3084,13.1185,77.3225,,,,,,,,,,,0.0,0.0,0,0.0,0.028875,33.6321,56.040899653979245,0,0.0,0.0,0.0,0.0,0.0,nan
3085,13.1185,77.3315,,,,,,,,,,,0.0,0.0,0,0.0,0.029599,32.7846,56.040899653979245,0,0.0,0.0,0.0,0.0,0.0,nan
3086,13.1185,77.3405,,,,,,,,,,,0.0,0.0,0,0.0,0.030354,31.9442,56.040899653979245,0,0.0,0.0,0.0,0.0,0.0,nan
3087,13.1185,77.3495,,,,,,,,,,,0.0,0.0,0,0.0,0.031141,31.1115,56.040899653979245,0,0.0,0.0,0.0,0.0,0.0,nan
3088,13.1185,77.3585,,,,,,,,,,,0.0,0.0,0,0.0,0.031962,30.2872,56.040899653979245,0,0.0,0.0,0.0,0.0,0.0,nan
3089,13.1185,77.3675,,,,,,,,,,,0.0,0.0,0,0.0,0.032817,29.472,56.040899653979245,0,0.0,0.0,0.0,0.0,0.0,nan
3090,13.1185,77.3765,,,,,,,,,,,0.0,0.0,0,0.0,0.033708,28.6666,56.040899653979245,0,10.0,7.0,1.4286,0.0,0.0,nan
3091,13.1185,77.3855,,,,,,,,,,,0.0,0.0,0,0.0,0.034636,27.8719,56.040899653979245,0,0.0,0.0,0.0,0.0,0.0,nan
3092,13.1185,77.3945,,,,,,,,,,,0.0,0.0,0,0.0,0.035601,27.0888,56.040899653979245,0,0.0,0.0,0.0,0.0,0.0,nan
3093,13.1185,77.4035,,,,,,,,,,,0.0,0.0,0,0.0,0.036605,26.3184,56.040899653979245,0,0.0,0.0,0.0,0.0,0.0,nan
3094,13.1185,77.4125,,,,,,,,,,,0.0,0.0,0,0.0,0.037648,25.5618,56.040899653979245,0,0.0,0.0,0.0,0.0,0.0,nan
3095,13.1185,77.4215,,,,,,,,,,,0.0,0.0,0,0.0,0.038729,24.8203,56.040899653979245,0,0.0,0.0,0.0,0.0,0.0,nan
3096,13.1185,77.4305,,,,,,,,,,,0.0,0.0,0,0.0,0.039848,24.0952,56.040899653979245,0,0.0,0.0,0.0,0.0,0.0,nan
3097,13.1185,77.4395,,,,,,,,,,,0.0,0.0,0,0.0,0.041003,23.3882,56.040899653979245,0,0.0,0.0,0.0,0.0,0.0,nan
3098,13.1185,77.4485,,,,,,,,,,,0.0,0.0,0,0.0,0.042192,22.7009,56.040899653979245,0,0.0,0.0,0.0,0.0,0.0,nan
3099,13.1185,77.4575,,,,,,,,,,,0.0,0.0,0,0.0,0.043412,22.035,56.040899653979245,0,0.0,0.0,0.0,0.0,0.0,nan
3100,13.1185,77.4665,,,,,,,,,,,0.0,0.0,0,0.0,0.044657,21.3928,56.040899653979245,0,14.0,12.0,1.1667,0.0,0.0,nan
3101,13.1185,77.4755,,,,,,,,,,,0.0,0.0,0,0.0,0.045922,20.7762,56.040899653979245,0,0.0,0.0,0.0,0.0,0.0,nan
3102,13.1185,77.4845,,,,,,,,,,,0.0,0.0,0,0.0,0.047197,20.1877,56.040899653979245,0,0.0,0.0,0.0,0.0,0.0,nan
3103,13.1185,77.4935,,,,,,,,,,,0.0,0.0,0,0.0,0.048474,19.6298,56.040899653979245,0,0.0,0.0,0.0,0.0,0.0,nan
3104,13.1185,77.5025,,,,,,,,,,,0.0,0.0,0,0.0,0.049738,19.1052,56.040899653979245,0,0.0,0.0,0.0,0.0,0.0,nan
3105,13.1185,77.5115,,,,,,,,,,,0.0,0.0,0,0.0,0.050977,18.6168,56.040899653979245,0,0.0,0.0,0.0,0.0,0.0,nan
3106,13.1185,77.5205,,,,,,,,,,,0.0,0.0,0,0.0,0.052172,18.1673,56.040899653979245,0,0.0,0.0,0.0,0.0,0.0,nan
3107,13.1185,77.5295,,,,,,,,,,,0.0,0.0,0,0.0,0.053305,17.7598,56.040899653979245,0,0.0,0.0,0.0,0.0,0.0,nan
3108,13.1185,77.5385,,,,,,,,,,,0.0,0.0,0,0.0,0.054356,17.3972,56.040899653979245,0,0.0,0.0,0.0,0.0,0.0,nan
3109,13.1185,77.5475,,,,,,,,,,,0.0,0.0,0,0.0,0.055302,17.0824,56.040899653979245,0,0.0,0.0,0.0,0.0,0.0,nan
3110,13.1185,77.5565,,,,,,,,,,,0.0,0.0,0,0.0,0.056123,16.818,56.040899653979245,0,2840.0,80.0,35.5,0.0,0.0,nan
3111,13.1185,77.5655,,,,,,,,,,,0.0,0.0,0,0.0,0.056797,16.6066,56.040899653979245,0,0.0,0.0,0.0,0.0,0.0,nan
3112,13.1185,77.5745,,,,,,,,,,,0.0,0.0,0,0.0,0.057307,16.45,56.040899653979245,0,0.0,0.0,0.0,0.0,0.0,nan
3113,13.1185,77.5835,,,,,,,,,,,0.0,0.0,0,0.0,0.057637,16.35,56.040899653979245,0,0.0,0.0,0.0,0.0,0.0,nan
3114,13.1185,77.5925,,,,,,,,,,,0.0,0.0,0,0.0,0.057778,16.3075,56.040899653979245,0,0.0,0.0,0.0,0.0,0.0,nan
3115,13.1185,77.6015,,,,,,,,,,,0.0,0.0,0,0.0,0.057727,16.323,56.040899653979245,0,0.0,0.0,0.0,0.0,0.0,nan
3116,13.1185,77.6105,,,,,,,,,,,0.0,0.0,0,0.0,0.057484,16.3962,56.040899653979245,0,0.0,0.0,0.0,0.0,0.0,nan
3117,13.1185,77.6195,,,,,,,,,,,0.0,0.0,0,0.0,0.057056,16.5266,56.040899653979245,0,0.0,0.0,0.0,0.0,0.0,nan
3118,13.1185,77.6285,,,,,,,,,,,0.0,0.0,0,0.0,0.056457,16.7126,56.040899653979245,0,0.0,0.0,0.0,0.0,0.0,nan
3119,13.1185,77.6375,,,,,,,,,,,0.0,0.0,0,0.0,0.055702,16.9526,56.040899653979245,0,0.0,0.0,0.0,0.0,0.0,nan
3120,13.1185,77.6465,,,,,,,,,,,0.0,0.0,0,0.0,0.054812,17.2442,56.040899653979245,0,0.0,0.0,0.0,0.0,0.0,nan
3121,13.1185,77.6555,,,,,,,,,,,0.0,0.0,0,0.0,0.053807,17.5848,56.040899653979245,0,0.0,0.0,0.0,0.0,0.0,nan
3122,13.1185,77.6645,,,,,,,,,,,0.0,0.0,0,0.0,0.05271,17.9717,56.040899653979245,0,0.0,0.0,0.0,0.0,0.0,nan
3123,13.1185,77.6735,,,,,,,,,,,0.0,0.0,0,0.0,0.051541,18.402,56.040899653979245,0,0.0,0.0,0.0,0.0,0.0,nan
3124,13.1185,77.6825,,,,,,,,,,,0.0,0.0,0,0.0,0.050321,18.8726,56.040899653979245,0,0.0,0.0,0.0,0.0,0.0,nan
3125,13.1185,77.6915,,,,,,,,,,,0.0,0.0,0,0.0,0.049066,19.3807,56.040899653979245,0,0.0,0.0,0.0,0.0,0.0,nan
3126,13.1185,77.7005,,,,,,,,,,,0.0,0.0,0,0.0,0.047793,19.9234,56.040899653979245,0,0.0,0.0,0.0,0.0,0.0,nan
3127,13.1185,77.7095,,,,,,,,,,,0.0,0.0,0,0.0,0.046516,20.4979,56.040899653979245,0,0.0,0.0,0.0,0.0,0.0,nan
3128,13.1185,77.7185,,,,,,,,,,,0.0,0.0,0,0.0,0.045245,21.1017,56.040899653979245,0,0.0,0.0,0.0,0.0,0.0,nan
3129,13.1185,77.7275,,,,,,,,,,,0.0,0.0,0,0.0,0.04399,21.7322,56.040899653979245,0,0.0,0.0,0.0,0.0,0.0,nan
3130,13.1185,77.7365,,,,,,,,,,,0.0,0.0,0,0.0,0.042758,22.3873,56.040899653979245,0,0.0,0.0,0.0,0.0,0.0,nan
3131,13.1185,77.7455,,,,,,,,,,,0.0,0.0,0,0.0,0.041554,23.0649,56.040899653979245,0,0.0,0.0,0.0,0.0,0.0,nan
3132,13.1185,77.7545,,,,,,,,,,,0.0,0.0,0,0.0,0.040383,23.763,56.040899653979245,0,0.0,0.0,0.0,0.0,0.0,nan
3133,13.1185,77.7635,,,,,,,,,,,0.0,0.0,0,0.0,0.039247,24.4798,56.040899653979245,0,0.0,0.0,0.0,0.0,0.0,nan
3134,13.1185,77.7725,,,,,,,,,,,0.0,0.0,0,0.0,0.038148,25.2138,56.040899653979245,0,0.0,0.0,0.0,0.0,0.0,nan
3135,13.1185,77.7815,,,,,,,,,,,0.0,0.0,0,0.0,0.037087,25.9635,56.040899653979245,0,0.0,0.0,0.0,0.0,0.0,nan
3136,13.1185,77.7905,,,,,,,,,,,0.0,0.0,0,0.0,0.036065,26.7276,56.040899653979245,0,0.0,0.0,0.0,0.0,0.0,nan
3137,13.1185,77.7995,,,,,,,,,,,0.0,0.0,0,0.0,0.035082,27.5049,56.040899653979245,0,0.0,0.0,0.0,0.0,0.0,nan
3138,13.1185,77.8085,,,,,,,,,,,0.0,0.0,0,0.0,0.034136,28.2943,56.040899653979245,0,0.0,0.0,0.0,0.0,0.0,nan
3139,13.1185,77.8175,,,,,,,,,,,0.0,0.0,0,0.0,0.033228,29.0948,56.040899653979245,0,0.0,0.0,0.0,0.0,0.0,nan
3140,13.1185,77.8265,,,,,,,,,,,0.0,0.0,0,0.0,0.032357,29.9056,56.040899653979245,0,0.0,0.0,0.0,0.0,0.0,nan
3141,13.1185,77.8355,,,,,,,,,,,0.0,0.0,0,0.0,0.03152,30.7257,56.040899653979245,0,0.0,0.0,0.0,0.0,0.0,nan
3142,13.1185,77.8445,,,,,,,,,,,0.0,0.0,0,0.0,0.030718,31.5546,56.040899653979245,0,0.0,0.0,0.0,0.0,0.0,nan
3143,13.1185,77.8535,,,,,,,,,,,0.0,0.0,0,0.0,0.029948,32.3914,56.040899653979245,0,0.0,0.0,0.0,0.0,0.0,nan
3144,13.1185,77.8625,,,,,,,,,,,0.0,0.0,0,0.0,0.029209,33.2357,56.040899653979245,0,0.0,0.0,0.0,0.0,0.0,nan
3145,13.1185,77.8715,,,,,,,,,,,0.0,0.0,0,0.0,0.028501,34.0869,56.040899653979245,0,0.0,0.0,0.0,0.0,0.0,nan
3146,13.1185,77.8805,,,,,,,,,,,0.0,0.0,0,0.0,0.027821,34.9443,56.040899653979245,0,0.0,0.0,0.0,0.0,0.0,nan
3147,13.1185,77.8895,,,,,,,,,,,0.0,0.0,0,0.0,0.027168,35.8077,56.040899653979245,0,0.0,0.0,0.0,0.0,0.0,nan
3148,13.1185,77.8985,,,,,,,,,,,0.0,0.0,0,0.0,0.026542,36.6766,56.040899653979245,0,0.0,0.0,0.0,0.0,0.0,nan
3149,13.1275,77.3045,,,,,,,,,,,0.0,0.0,0,0.0,0.027161,35.8174,56.040899653979245,0,0.0,0.0,0.0,0.0,0.0,nan
3150,13.1275,77.3135,,,,,,,,,,,0.0,0.0,0,0.0,0.027802,34.9687,56.040899653979245,0,95.0,37.0,2.5676,0.0,0.0,nan
3151,13.1275,77.3225,,,,,,,,,,,0.0,0.0,0,0.0,0.028468,34.1267,56.040899653979245,0,0.0,0.0,0.0,0.0,0.0,nan
3152,13.1275,77.3315,,,,,,,,,,,0.0,0.0,0,0.0,0.029161,33.2918,56.040899653979245,0,0.0,0.0,0.0,0.0,0.0,nan
3153,13.1275,77.3405,,,,,,,,,,,0.0,0.0,0,0.0,0.029882,32.4646,56.040899653979245,0,0.0,0.0,0.0,0.0,0.0,nan
3154,13.1275,77.3495,,,,,,,,,,,0.0,0.0,0,0.0,0.030632,31.6457,56.040899653979245,0,0.0,0.0,0.0,0.0,0.0,nan
3155,13.1275,77.3585,,,,,,,,,,,0.0,0.0,0,0.0,0.031411,30.8358,56.040899653979245,0,0.0,0.0,0.0,0.0,0.0,nan
3156,13.1275,77.3675,,,,,,,,,,,0.0,0.0,0,0.0,0.032221,30.0355,56.040899653979245,0,0.0,0.0,0.0,0.0,0.0,nan
3157,13.1275,77.3765,,,,,,,,,,,0.0,0.0,0,0.0,0.033063,29.2457,56.040899653979245,0,0.0,0.0,0.0,0.0,0.0,nan
3158,13.1275,77.3855,,,,,,,,,,,0.0,0.0,0,0.0,0.033936,28.4672,56.040899653979245,0,0.0,0.0,0.0,0.0,0.0,nan
3159,13.1275,77.3945,,,,,,,,,,,0.0,0.0,0,0.0,0.034842,27.701,56.040899653979245,0,0.0,0.0,0.0,0.0,0.0,nan
3160,13.1275,77.4035,,,,,,,,,,,0.0,0.0,0,0.0,0.03578,26.9482,56.040899653979245,0,0.0,0.0,0.0,0.0,0.0,nan
3161,13.1275,77.4125,,,,,,,,,,,0.0,0.0,0,0.0,0.036751,26.2098,56.040899653979245,0,0.0,0.0,0.0,0.0,0.0,nan
3162,13.1275,77.4215,,,,,,,,,,,0.0,0.0,0,0.0,0.037754,25.4872,56.040899653979245,0,0.0,0.0,0.0,0.0,0.0,nan
3163,13.1275,77.4305,,,,,,,,,,,0.0,0.0,0,0.0,0.038787,24.7817,56.040899653979245,0,0.0,0.0,0.0,0.0,0.0,nan
3164,13.1275,77.4395,,,,,,,,,,,0.0,0.0,0,0.0,0.039849,24.0949,56.040899653979245,0,0.0,0.0,0.0,0.0,0.0,nan
3165,13.1275,77.4485,,,,,,,,,,,0.0,0.0,0,0.0,0.040936,23.4284,56.040899653979245,0,0.0,0.0,0.0,0.0,0.0,nan
3166,13.1275,77.4575,,,,,,,,,,,0.0,0.0,0,0.0,0.042045,22.7839,56.040899653979245,0,0.0,0.0,0.0,0.0,0.0,nan
3167,13.1275,77.4665,,,,,,,,,,,0.0,0.0,0,0.0,0.043172,22.1633,56.040899653979245,0,0.0,0.0,0.0,0.0,0.0,nan
3168,13.1275,77.4755,,,,,,,,,,,0.0,0.0,0,0.0,0.044309,21.5689,56.040899653979245,0,0.0,0.0,0.0,0.0,0.0,nan
3169,13.1275,77.4845,,,,,,,,,,,0.0,0.0,0,0.0,0.045449,21.0026,56.040899653979245,0,0.0,0.0,0.0,0.0,0.0,nan
3170,13.1275,77.4935,,,,,,,,,,,0.0,0.0,0,0.0,0.046583,20.467,56.040899653979245,0,1394.0,89.0,15.6629,0.0,0.0,nan
3171,13.1275,77.5025,,,,,,,,,,,0.0,0.0,0,0.0,0.0477,19.9645,56.040899653979245,0,0.0,0.0,0.0,0.0,0.0,nan
3172,13.1275,77.5115,,,,,,,,,,,0.0,0.0,0,0.0,0.048786,19.4976,56.040899653979245,0,0.0,0.0,0.0,0.0,0.0,nan
3173,13.1275,77.5205,,,,,,,,,,,0.0,0.0,0,0.0,0.049828,19.0689,56.040899653979245,0,0.0,0.0,0.0,0.0,0.0,nan
3174,13.1275,77.5295,,,,,,,,,,,0.0,0.0,0,0.0,0.05081,18.6811,56.040899653979245,0,0.0,0.0,0.0,0.0,0.0,nan
3175,13.1275,77.5385,,,,,,,,,,,0.0,0.0,0,0.0,0.051715,18.3367,56.040899653979245,0,0.0,0.0,0.0,0.0,0.0,nan
3176,13.1275,77.5475,,,,,,,,,,,0.0,0.0,0,0.0,0.052525,18.0384,56.040899653979245,0,0.0,0.0,0.0,0.0,0.0,nan
3177,13.1275,77.5565,,,,,,,,,,,0.0,0.0,0,0.0,0.053225,17.7883,56.040899653979245,0,0.0,0.0,0.0,0.0,0.0,nan
3178,13.1275,77.5655,,,,,,,,,,,0.0,0.0,0,0.0,0.053797,17.5885,56.040899653979245,0,0.0,0.0,0.0,0.0,0.0,nan
3179,13.1275,77.5745,,,,,,,,,,,0.0,0.0,0,0.0,0.054228,17.4408,56.040899653979245,0,0.0,0.0,0.0,0.0,0.0,nan
3180,13.1275,77.5835,,,,,,,,,,,0.0,0.0,0,0.0,0.054506,17.3465,56.040899653979245,0,8.0,6.0,1.3333,0.0,0.0,nan
3181,13.1275,77.5925,,,,,,,,,,,0.0,0.0,0,0.0,0.054626,17.3064,56.040899653979245,0,0.0,0.0,0.0,0.0,0.0,nan
3182,13.1275,77.6015,,,,,,,,,,,0.0,0.0,0,0.0,0.054582,17.321,56.040899653979245,0,0.0,0.0,0.0,0.0,0.0,nan
3183,13.1275,77.6105,,,,,,,,,,,0.0,0.0,0,0.0,0.054377,17.39,56.040899653979245,0,0.0,0.0,0.0,0.0,0.0,nan
3184,13.1275,77.6195,,,,,,,,,,,0.0,0.0,0,0.0,0.054016,17.513,56.040899653979245,0,0.0,0.0,0.0,0.0,0.0,nan
3185,13.1275,77.6285,,,,,,,,,,,0.0,0.0,0,0.0,0.053508,17.6887,56.040899653979245,0,0.0,0.0,0.0,0.0,0.0,nan
3186,13.1275,77.6375,,,,,,,,,,,0.0,0.0,0,0.0,0.052867,17.9155,56.040899653979245,0,0.0,0.0,0.0,0.0,0.0,nan
3187,13.1275,77.6465,,,,,,,,,,,0.0,0.0,0,0.0,0.052106,18.1916,56.040899653979245,0,0.0,0.0,0.0,0.0,0.0,nan
3188,13.1275,77.6555,,,,,,,,,,,0.0,0.0,0,0.0,0.051243,18.5148,56.040899653979245,0,0.0,0.0,0.0,0.0,0.0,nan
3189,13.1275,77.6645,,,,,,,,,,,0.0,0.0,0,0.0,0.050295,18.8827,56.040899653979245,0,0.0,0.0,0.0,0.0,0.0,nan
3190,13.1275,77.6735,,,,,,,,,,,0.0,0.0,0,0.0,0.049279,19.2926,56.040899653979245,0,0.0,0.0,0.0,0.0,0.0,nan
3191,13.1275,77.6825,,,,,,,,,,,0.0,0.0,0,0.0,0.048211,19.742,56.040899653979245,0,0.0,0.0,0.0,0.0,0.0,nan
3192,13.1275,77.6915,,,,,,,,,,,0.0,0.0,0,0.0,0.047107,20.2282,56.040899653979245,0,0.0,0.0,0.0,0.0,0.0,nan
3193,13.1275,77.7005,,,,,,,,,,,0.0,0.0,0,0.0,0.04598,20.7487,56.040899653979245,0,0.0,0.0,0.0,0.0,0.0,nan
3194,13.1275,77.7095,,,,,,,,,,,0.0,0.0,0,0.0,0.044841,21.301,56.040899653979245,0,0.0,0.0,0.0,0.0,0.0,nan
3195,13.1275,77.7185,,,,,,,,,,,0.0,0.0,0,0.0,0.043702,21.8825,56.040899653979245,0,0.0,0.0,0.0,0.0,0.0,nan
3196,13.1275,77.7275,,,,,,,,,,,0.0,0.0,0,0.0,0.042569,22.4912,56.040899653979245,0,0.0,0.0,0.0,0.0,0.0,nan
3197,13.1275,77.7365,,,,,,,,,,,0.0,0.0,0,0.0,0.041451,23.1247,56.040899653979245,0,0.0,0.0,0.0,0.0,0.0,nan
3198,13.1275,77.7455,,,,,,,,,,,0.0,0.0,0,0.0,0.040353,23.7812,56.040899653979245,0,0.0,0.0,0.0,0.0,0.0,nan
3199,13.1275,77.7545,,,,,,,,,,,0.0,0.0,0,0.0,0.039279,24.4588,56.040899653979245,0,0.0,0.0,0.0,0.0,0.0,nan
3200,13.1275,77.7635,,,,,,,,,,,0.0,0.0,0,0.0,0.038232,25.1558,56.040899653979245,0,159.0,73.0,2.1781,0.0,0.0,nan
3201,13.1275,77.7725,,,,,,,,,,,0.0,0.0,0,0.0,0.037215,25.8706,56.040899653979245,0,0.0,0.0,0.0,0.0,0.0,nan
3202,13.1275,77.7815,,,,,,,,,,,0.0,0.0,0,0.0,0.03623,26.6017,56.040899653979245,0,0.0,0.0,0.0,0.0,0.0,nan
3203,13.1275,77.7905,,,,,,,,,,,0.0,0.0,0,0.0,0.035276,27.3479,56.040899653979245,0,0.0,0.0,0.0,0.0,0.0,nan
3204,13.1275,77.7995,,,,,,,,,,,0.0,0.0,0,0.0,0.034355,28.108,56.040899653979245,0,0.0,0.0,0.0,0.0,0.0,nan
3205,13.1275,77.8085,,,,,,,,,,,0.0,0.0,0,0.0,0.033466,28.8809,56.040899653979245,0,0.0,0.0,0.0,0.0,0.0,nan
3206,13.1275,77.8175,,,,,,,,,,,0.0,0.0,0,0.0,0.03261,29.6655,56.040899653979245,0,0.0,0.0,0.0,0.0,0.0,nan
3207,13.1275,77.8265,,,,,,,,,,,0.0,0.0,0,0.0,0.031785,30.461,56.040899653979245,0,0.0,0.0,0.0,0.0,0.0,nan
3208,13.1275,77.8355,,,,,,,,,,,0.0,0.0,0,0.0,0.030992,31.2666,56.040899653979245,0,0.0,0.0,0.0,0.0,0.0,nan
3209,13.1275,77.8445,,,,,,,,,,,0.0,0.0,0,0.0,0.030228,32.0814,56.040899653979245,0,0.0,0.0,0.0,0.0,0.0,nan
3210,13.1275,77.8535,,,,,,,,,,,0.0,0.0,0,0.0,0.029494,32.9048,56.040899653979245,0,0.0,0.0,0.0,0.0,0.0,nan
3211,13.1275,77.8625,,,,,,,,,,,0.0,0.0,0,0.0,0.028788,33.7362,56.040899653979245,0,0.0,0.0,0.0,0.0,0.0,nan
3212,13.1275,77.8715,,,,,,,,,,,0.0,0.0,0,0.0,0.02811,34.5749,56.040899653979245,0,0.0,0.0,0.0,0.0,0.0,nan
3213,13.1275,77.8805,,,,,,,,,,,0.0,0.0,0,0.0,0.027457,35.4205,56.040899653979245,0,0.0,0.0,0.0,0.0,0.0,nan
3214,13.1275,77.8895,,,,,,,,,,,0.0,0.0,0,0.0,0.026829,36.2725,56.040899653979245,0,0.0,0.0,0.0,0.0,0.0,nan
3215,13.1275,77.8985,,,,,,,,,,,0.0,0.0,0,0.0,0.026226,37.1305,56.040899653979245,0,0.0,0.0,0.0,0.0,0.0,nan
3216,13.1365,77.3045,,,,,,,,,,,0.0,0.0,0,0.0,0.026803,36.3096,56.040899653979245,0,0.0,0.0,0.0,0.0,0.0,nan
3217,13.1365,77.3135,,,,,,,,,,,0.0,0.0,0,0.0,0.027418,35.4728,56.040899653979245,0,0.0,0.0,0.0,0.0,0.0,nan
3218,13.1365,77.3225,,,,,,,,,,,0.0,0.0,0,0.0,0.028056,34.6431,56.040899653979245,0,0.0,0.0,0.0,0.0,0.0,nan
3219,13.1365,77.3315,,,,,,,,,,,0.0,0.0,0,0.0,0.028718,33.821,56.040899653979245,0,0.0,0.0,0.0,0.0,0.0,nan
3220,13.1365,77.3405,,,,,,,,,,,0.0,0.0,0,0.0,0.029406,33.0071,56.040899653979245,0,0.0,0.0,0.0,0.0,0.0,nan
3221,13.1365,77.3495,,,,,,,,,,,0.0,0.0,0,0.0,0.030119,32.2021,56.040899653979245,0,0.0,0.0,0.0,0.0,0.0,nan
3222,13.1365,77.3585,,,,,,,,,,,0.0,0.0,0,0.0,0.030858,31.4065,56.040899653979245,0,0.0,0.0,0.0,0.0,0.0,nan
3223,13.1365,77.3675,,,,,,,,,,,0.0,0.0,0,0.0,0.031624,30.6212,56.040899653979245,0,0.0,0.0,0.0,0.0,0.0,nan
3224,13.1365,77.3765,,,,,,,,,,,0.0,0.0,0,0.0,0.032418,29.847,56.040899653979245,0,0.0,0.0,0.0,0.0,0.0,nan
3225,13.1365,77.3855,,,,,,,,,,,0.0,0.0,0,0.0,0.03324,29.0846,56.040899653979245,0,0.0,0.0,0.0,0.0,0.0,nan
3226,13.1365,77.3945,,,,,,,,,,,0.0,0.0,0,0.0,0.034089,28.3352,56.040899653979245,0,0.0,0.0,0.0,0.0,0.0,nan
3227,13.1365,77.4035,,,,,,,,,,,0.0,0.0,0,0.0,0.034965,27.5997,56.040899653979245,0,0.0,0.0,0.0,0.0,0.0,nan
3228,13.1365,77.4125,,,,,,,,,,,0.0,0.0,0,0.0,0.035869,26.8793,56.040899653979245,0,0.0,0.0,0.0,0.0,0.0,nan
3229,13.1365,77.4215,,,,,,,,,,,0.0,0.0,0,0.0,0.036798,26.1753,56.040899653979245,0,0.0,0.0,0.0,0.0,0.0,nan
3230,13.1365,77.4305,,,,,,,,,,,0.0,0.0,0,0.0,0.037752,25.4889,56.040899653979245,0,0.0,0.0,0.0,0.0,0.0,nan
3231,13.1365,77.4395,,,,,,,,,,,0.0,0.0,0,0.0,0.038727,24.8217,56.040899653979245,0,0.0,0.0,0.0,0.0,0.0,nan
3232,13.1365,77.4485,,,,,,,,,,,0.0,0.0,0,0.0,0.039721,24.1753,56.040899653979245,0,0.0,0.0,0.0,0.0,0.0,nan
3233,13.1365,77.4575,,,,,,,,,,,0.0,0.0,0,0.0,0.040731,23.5512,56.040899653979245,0,0.0,0.0,0.0,0.0,0.0,nan
3234,13.1365,77.4665,,,,,,,,,,,0.0,0.0,0,0.0,0.041751,22.9515,56.040899653979245,0,0.0,0.0,0.0,0.0,0.0,nan
3235,13.1365,77.4755,,,,,,,,,,,0.0,0.0,0,0.0,0.042775,22.378,56.040899653979245,0,0.0,0.0,0.0,0.0,0.0,nan
3236,13.1365,77.4845,,,,,,,,,,,0.0,0.0,0,0.0,0.043796,21.8329,56.040899653979245,0,0.0,0.0,0.0,0.0,0.0,nan
3237,13.1365,77.4935,,,,,,,,,,,0.0,0.0,0,0.0,0.044807,21.3181,56.040899653979245,0,0.0,0.0,0.0,0.0,0.0,nan
3238,13.1365,77.5025,,,,,,,,,,,0.0,0.0,0,0.0,0.045796,20.8362,56.040899653979245,0,0.0,0.0,0.0,0.0,0.0,nan
3239,13.1365,77.5115,,,,,,,,,,,0.0,0.0,0,0.0,0.046752,20.3893,56.040899653979245,0,0.0,0.0,0.0,0.0,0.0,nan
3240,13.1365,77.5205,,,,,,,,,,,0.0,0.0,0,0.0,0.047665,19.9798,56.040899653979245,0,15.0,8.0,1.875,0.0,0.0,nan
3241,13.1365,77.5295,,,,,,,,,,,0.0,0.0,0,0.0,0.04852,19.61,56.040899653979245,0,0.0,0.0,0.0,0.0,0.0,nan
3242,13.1365,77.5385,,,,,,,,,,,0.0,0.0,0,0.0,0.049304,19.2823,56.040899653979245,0,0.0,0.0,0.0,0.0,0.0,nan
3243,13.1365,77.5475,,,,,,,,,,,0.0,0.0,0,0.0,0.050003,18.9988,56.040899653979245,0,0.0,0.0,0.0,0.0,0.0,nan
3244,13.1365,77.5565,,,,,,,,,,,0.0,0.0,0,0.0,0.050603,18.7615,56.040899653979245,0,0.0,0.0,0.0,0.0,0.0,nan
3245,13.1365,77.5655,,,,,,,,,,,0.0,0.0,0,0.0,0.051093,18.5722,56.040899653979245,0,0.0,0.0,0.0,0.0,0.0,nan
3246,13.1365,77.5745,,,,,,,,,,,0.0,0.0,0,0.0,0.05146,18.4324,56.040899653979245,0,0.0,0.0,0.0,0.0,0.0,nan
3247,13.1365,77.5835,,,,,,,,,,,0.0,0.0,0,0.0,0.051698,18.3432,56.040899653979245,0,0.0,0.0,0.0,0.0,0.0,nan
3248,13.1365,77.5925,,,,,,,,,,,0.0,0.0,0,0.0,0.051799,18.3053,56.040899653979245,0,0.0,0.0,0.0,0.0,0.0,nan
3249,13.1365,77.6015,,,,,,,,,,,0.0,0.0,0,0.0,0.051762,18.3191,56.040899653979245,0,0.0,0.0,0.0,0.0,0.0,nan
3250,13.1365,77.6105,,,,,,,,,,,0.0,0.0,0,0.0,0.051588,18.3844,56.040899653979245,0,34.0,31.0,1.0968,0.0,0.0,nan
3251,13.1365,77.6195,,,,,,,,,,,0.0,0.0,0,0.0,0.05128,18.5007,56.040899653979245,0,0.0,0.0,0.0,0.0,0.0,nan
3252,13.1365,77.6285,,,,,,,,,,,0.0,0.0,0,0.0,0.050846,18.6671,56.040899653979245,0,0.0,0.0,0.0,0.0,0.0,nan
3253,13.1365,77.6375,,,,,,,,,,,0.0,0.0,0,0.0,0.050296,18.8822,56.040899653979245,0,0.0,0.0,0.0,0.0,0.0,nan
3254,13.1365,77.6465,,,,,,,,,,,0.0,0.0,0,0.0,0.049642,19.1444,56.040899653979245,0,0.0,0.0,0.0,0.0,0.0,nan
3255,13.1365,77.6555,,,,,,,,,,,0.0,0.0,0,0.0,0.048896,19.4517,56.040899653979245,0,0.0,0.0,0.0,0.0,0.0,nan
3256,13.1365,77.6645,,,,,,,,,,,0.0,0.0,0,0.0,0.048072,19.8021,56.040899653979245,0,0.0,0.0,0.0,0.0,0.0,nan
3257,13.1365,77.6735,,,,,,,,,,,0.0,0.0,0,0.0,0.047185,20.1934,56.040899653979245,0,0.0,0.0,0.0,0.0,0.0,nan
3258,13.1365,77.6825,,,,,,,,,,,0.0,0.0,0,0.0,0.046247,20.6231,56.040899653979245,0,0.0,0.0,0.0,0.0,0.0,nan
3259,13.1365,77.6915,,,,,,,,,,,0.0,0.0,0,0.0,0.045271,21.089,56.040899653979245,0,0.0,0.0,0.0,0.0,0.0,nan
3260,13.1365,77.7005,,,,,,,,,,,0.0,0.0,0,0.0,0.04427,21.5887,56.040899653979245,0,0.0,0.0,0.0,0.0,0.0,nan
3261,13.1365,77.7095,,,,,,,,,,,0.0,0.0,0,0.0,0.043253,22.12,56.040899653979245,0,0.0,0.0,0.0,0.0,0.0,nan
3262,13.1365,77.7185,,,,,,,,,,,0.0,0.0,0,0.0,0.042229,22.6805,56.040899653979245,0,0.0,0.0,0.0,0.0,0.0,nan
3263,13.1365,77.7275,,,,,,,,,,,0.0,0.0,0,0.0,0.041206,23.2682,56.040899653979245,0,0.0,0.0,0.0,0.0,0.0,nan
3264,13.1365,77.7365,,,,,,,,,,,0.0,0.0,0,0.0,0.040191,23.8811,56.040899653979245,0,0.0,0.0,0.0,0.0,0.0,nan
3265,13.1365,77.7455,,,,,,,,,,,0.0,0.0,0,0.0,0.039189,24.5173,56.040899653979245,0,0.0,0.0,0.0,0.0,0.0,nan
3266,13.1365,77.7545,,,,,,,,,,,0.0,0.0,0,0.0,0.038204,25.1751,56.040899653979245,0,0.0,0.0,0.0,0.0,0.0,nan
3267,13.1365,77.7635,,,,,,,,,,,0.0,0.0,0,0.0,0.03724,25.8527,56.040899653979245,0,0.0,0.0,0.0,0.0,0.0,nan
3268,13.1365,77.7725,,,,,,,,,,,0.0,0.0,0,0.0,0.036299,26.5487,56.040899653979245,0,0.0,0.0,0.0,0.0,0.0,nan
3269,13.1365,77.7815,,,,,,,,,,,0.0,0.0,0,0.0,0.035384,27.2616,56.040899653979245,0,0.0,0.0,0.0,0.0,0.0,nan
3270,13.1365,77.7905,,,,,,,,,,,0.0,0.0,0,0.0,0.034494,27.9902,56.040899653979245,0,2.0,2.0,1.0,0.0,0.0,nan
3271,13.1365,77.7995,,,,,,,,,,,0.0,0.0,0,0.0,0.033632,28.7332,56.040899653979245,0,0.0,0.0,0.0,0.0,0.0,nan
3272,13.1365,77.8085,,,,,,,,,,,0.0,0.0,0,0.0,0.032798,29.4897,56.040899653979245,0,0.0,0.0,0.0,0.0,0.0,nan
3273,13.1365,77.8175,,,,,,,,,,,0.0,0.0,0,0.0,0.031991,30.2585,56.040899653979245,0,0.0,0.0,0.0,0.0,0.0,nan
3274,13.1365,77.8265,,,,,,,,,,,0.0,0.0,0,0.0,0.031212,31.0387,56.040899653979245,0,0.0,0.0,0.0,0.0,0.0,nan
3275,13.1365,77.8355,,,,,,,,,,,0.0,0.0,0,0.0,0.03046,31.8296,56.040899653979245,0,0.0,0.0,0.0,0.0,0.0,nan
3276,13.1365,77.8445,,,,,,,,,,,0.0,0.0,0,0.0,0.029735,32.6303,56.040899653979245,0,0.0,0.0,0.0,0.0,0.0,nan
3277,13.1365,77.8535,,,,,,,,,,,0.0,0.0,0,0.0,0.029036,33.4401,56.040899653979245,0,0.0,0.0,0.0,0.0,0.0,nan
3278,13.1365,77.8625,,,,,,,,,,,0.0,0.0,0,0.0,0.028362,34.2584,56.040899653979245,0,0.0,0.0,0.0,0.0,0.0,nan
3279,13.1365,77.8715,,,,,,,,,,,0.0,0.0,0,0.0,0.027713,35.0846,56.040899653979245,0,0.0,0.0,0.0,0.0,0.0,nan
3280,13.1365,77.8805,,,,,,,,,,,0.0,0.0,0,0.0,0.027087,35.9182,56.040899653979245,0,0.0,0.0,0.0,0.0,0.0,nan
3281,13.1365,77.8895,,,,,,,,,,,0.0,0.0,0,0.0,0.026484,36.7586,56.040899653979245,0,0.0,0.0,0.0,0.0,0.0,nan
3282,13.1365,77.8985,,,,,,,,,,,0.0,0.0,0,0.0,0.025903,37.6054,56.040899653979245,0,0.0,0.0,0.0,0.0,0.0,nan
3283,13.1455,77.3045,,,,,,,,,,,0.0,0.0,0,0.0,0.026439,36.8223,56.040899653979245,0,0.0,0.0,0.0,0.0,0.0,nan
3284,13.1455,77.3135,,,,,,,,,,,0.0,0.0,0,0.0,0.027029,35.9975,56.040899653979245,0,0.0,0.0,0.0,0.0,0.0,nan
3285,13.1455,77.3225,,,,,,,,,,,0.0,0.0,0,0.0,0.027639,35.1802,56.040899653979245,0,0.0,0.0,0.0,0.0,0.0,nan
3286,13.1455,77.3315,,,,,,,,,,,0.0,0.0,0,0.0,0.028272,34.371,56.040899653979245,0,0.0,0.0,0.0,0.0,0.0,nan
3287,13.1455,77.3405,,,,,,,,,,,0.0,0.0,0,0.0,0.028926,33.5706,56.040899653979245,0,0.0,0.0,0.0,0.0,0.0,nan
3288,13.1455,77.3495,,,,,,,,,,,0.0,0.0,0,0.0,0.029604,32.7794,56.040899653979245,0,0.0,0.0,0.0,0.0,0.0,nan
3289,13.1455,77.3585,,,,,,,,,,,0.0,0.0,0,0.0,0.030305,31.9983,56.040899653979245,0,0.0,0.0,0.0,0.0,0.0,nan
3290,13.1455,77.3675,,,,,,,,,,,0.0,0.0,0,0.0,0.031029,31.2279,56.040899653979245,0,0.0,0.0,0.0,0.0,0.0,nan
3291,13.1455,77.3765,,,,,,,,,,,0.0,0.0,0,0.0,0.031777,30.4692,56.040899653979245,0,0.0,0.0,0.0,0.0,0.0,nan
3292,13.1455,77.3855,,,,,,,,,,,0.0,0.0,0,0.0,0.032549,29.7228,56.040899653979245,0,0.0,0.0,0.0,0.0,0.0,nan
3293,13.1455,77.3945,,,,,,,,,,,0.0,0.0,0,0.0,0.033344,28.99,56.040899653979245,0,0.0,0.0,0.0,0.0,0.0,nan
3294,13.1455,77.4035,,,,,,,,,,,0.0,0.0,0,0.0,0.034163,28.2716,56.040899653979245,0,0.0,0.0,0.0,0.0,0.0,nan
3295,13.1455,77.4125,,,,,,,,,,,0.0,0.0,0,0.0,0.035003,27.5688,56.040899653979245,0,0.0,0.0,0.0,0.0,0.0,nan
3296,13.1455,77.4215,,,,,,,,,,,0.0,0.0,0,0.0,0.035864,26.8829,56.040899653979245,0,0.0,0.0,0.0,0.0,0.0,nan
3297,13.1455,77.4305,,,,,,,,,,,0.0,0.0,0,0.0,0.036744,26.2151,56.040899653979245,0,0.0,0.0,0.0,0.0,0.0,nan
3298,13.1455,77.4395,,,,,,,,,,,0.0,0.0,0,0.0,0.037641,25.5669,56.040899653979245,0,0.0,0.0,0.0,0.0,0.0,nan
3299,13.1455,77.4485,,,,,,,,,,,0.0,0.0,0,0.0,0.038551,24.9398,56.040899653979245,0,0.0,0.0,0.0,0.0,0.0,nan
3300,13.1455,77.4575,,,,,,,,,,,0.0,0.0,0,0.0,0.03947,24.3355,56.040899653979245,0,2.0,2.0,1.0,0.0,0.0,nan
3301,13.1455,77.4665,,,,,,,,,,,0.0,0.0,0,0.0,0.040395,23.7556,56.040899653979245,0,0.0,0.0,0.0,0.0,0.0,nan
3302,13.1455,77.4755,,,,,,,,,,,0.0,0.0,0,0.0,0.041319,23.202,56.040899653979245,0,0.0,0.0,0.0,0.0,0.0,nan
3303,13.1455,77.4845,,,,,,,,,,,0.0,0.0,0,0.0,0.042236,22.6767,56.040899653979245,0,0.0,0.0,0.0,0.0,0.0,nan
3304,13.1455,77.4935,,,,,,,,,,,0.0,0.0,0,0.0,0.043138,22.1816,56.040899653979245,0,0.0,0.0,0.0,0.0,0.0,nan
3305,13.1455,77.5025,,,,,,,,,,,0.0,0.0,0,0.0,0.044016,21.7188,56.040899653979245,0,0.0,0.0,0.0,0.0,0.0,nan
3306,13.1455,77.5115,,,,,,,,,,,0.0,0.0,0,0.0,0.044862,21.2905,56.040899653979245,0,0.0,0.0,0.0,0.0,0.0,nan
3307,13.1455,77.5205,,,,,,,,,,,0.0,0.0,0,0.0,0.045665,20.8987,56.040899653979245,0,0.0,0.0,0.0,0.0,0.0,nan
3308,13.1455,77.5295,,,,,,,,,,,0.0,0.0,0,0.0,0.046413,20.5455,56.040899653979245,0,0.0,0.0,0.0,0.0,0.0,nan
3309,13.1455,77.5385,,,,,,,,,,,0.0,0.0,0,0.0,0.047097,20.233,56.040899653979245,0,0.0,0.0,0.0,0.0,0.0,nan
3310,13.1455,77.5475,,,,,,,,,,,0.0,0.0,0,0.0,0.047703,19.963,56.040899653979245,0,67.0,34.0,1.9706,0.0,0.0,nan
3311,13.1455,77.5565,,,,,,,,,,,0.0,0.0,0,0.0,0.048222,19.7373,56.040899653979245,0,0.0,0.0,0.0,0.0,0.0,nan
3312,13.1455,77.5655,,,,,,,,,,,0.0,0.0,0,0.0,0.048644,19.5575,56.040899653979245,0,0.0,0.0,0.0,0.0,0.0,nan
3313,13.1455,77.5745,,,,,,,,,,,0.0,0.0,0,0.0,0.04896,19.4248,56.040899653979245,0,0.0,0.0,0.0,0.0,0.0,nan
3314,13.1455,77.5835,,,,,,,,,,,0.0,0.0,0,0.0,0.049164,19.3402,56.040899653979245,0,0.0,0.0,0.0,0.0,0.0,nan
3315,13.1455,77.5925,,,,,,,,,,,0.0,0.0,0,0.0,0.049251,19.3042,56.040899653979245,0,0.0,0.0,0.0,0.0,0.0,nan
3316,13.1455,77.6015,,,,,,,,,,,0.0,0.0,0,0.0,0.049219,19.3173,56.040899653979245,0,0.0,0.0,0.0,0.0,0.0,nan
3317,13.1455,77.6105,,,,,,,,,,,0.0,0.0,0,0.0,0.049069,19.3793,56.040899653979245,0,0.0,0.0,0.0,0.0,0.0,nan
3318,13.1455,77.6195,,,,,,,,,,,0.0,0.0,0,0.0,0.048805,19.4896,56.040899653979245,0,0.0,0.0,0.0,0.0,0.0,nan
3319,13.1455,77.6285,,,,,,,,,,,0.0,0.0,0,0.0,0.048432,19.6476,56.040899653979245,0,0.0,0.0,0.0,0.0,0.0,nan
3320,13.1455,77.6375,,,,,,,,,,,0.0,0.0,0,0.0,0.047957,19.8521,56.040899653979245,0,209.0,55.0,3.8,0.0,0.0,nan
3321,13.1455,77.6465,,,,,,,,,,,0.0,0.0,0,0.0,0.04739,20.1016,56.040899653979245,0,0.0,0.0,0.0,0.0,0.0,nan
3322,13.1455,77.6555,,,,,,,,,,,0.0,0.0,0,0.0,0.046741,20.3945,56.040899653979245,0,0.0,0.0,0.0,0.0,0.0,nan
3323,13.1455,77.6645,,,,,,,,,,,0.0,0.0,0,0.0,0.046022,20.7289,56.040899653979245,0,0.0,0.0,0.0,0.0,0.0,nan
3324,13.1455,77.6735,,,,,,,,,,,0.0,0.0,0,0.0,0.045243,21.103,56.040899653979245,0,0.0,0.0,0.0,0.0,0.0,nan
3325,13.1455,77.6825,,,,,,,,,,,0.0,0.0,0,0.0,0.044416,21.5145,56.040899653979245,0,0.0,0.0,0.0,0.0,0.0,nan
3326,13.1455,77.6915,,,,,,,,,,,0.0,0.0,0,0.0,0.043551,21.9615,56.040899653979245,0,0.0,0.0,0.0,0.0,0.0,nan
3327,13.1455,77.7005,,,,,,,,,,,0.0,0.0,0,0.0,0.042659,22.4418,56.040899653979245,0,0.0,0.0,0.0,0.0,0.0,nan
3328,13.1455,77.7095,,,,,,,,,,,0.0,0.0,0,0.0,0.041748,22.9532,56.040899653979245,0,0.0,0.0,0.0,0.0,0.0,nan
3329,13.1455,77.7185,,,,,,,,,,,0.0,0.0,0,0.0,0.040826,23.4939,56.040899653979245,0,0.0,0.0,0.0,0.0,0.0,nan
3330,13.1455,77.7275,,,,,,,,,,,0.0,0.0,0,0.0,0.039902,24.0617,56.040899653979245,0,16.0,15.0,1.0667,0.0,0.0,nan
3331,13.1455,77.7365,,,,,,,,,,,0.0,0.0,0,0.0,0.038979,24.6548,56.040899653979245,0,0.0,0.0,0.0,0.0,0.0,nan
3332,13.1455,77.7455,,,,,,,,,,,0.0,0.0,0,0.0,0.038064,25.2715,56.040899653979245,0,0.0,0.0,0.0,0.0,0.0,nan
3333,13.1455,77.7545,,,,,,,,,,,0.0,0.0,0,0.0,0.037161,25.9101,56.040899653979245,0,0.0,0.0,0.0,0.0,0.0,nan
3334,13.1455,77.7635,,,,,,,,,,,0.0,0.0,0,0.0,0.036273,26.5689,56.040899653979245,0,0.0,0.0,0.0,0.0,0.0,nan
3335,13.1455,77.7725,,,,,,,,,,,0.0,0.0,0,0.0,0.035403,27.2465,56.040899653979245,0,0.0,0.0,0.0,0.0,0.0,nan
3336,13.1455,77.7815,,,,,,,,,,,0.0,0.0,0,0.0,0.034552,27.9416,56.040899653979245,0,0.0,0.0,0.0,0.0,0.0,nan
3337,13.1455,77.7905,,,,,,,,,,,0.0,0.0,0,0.0,0.033724,28.6529,56.040899653979245,0,0.0,0.0,0.0,0.0,0.0,nan
3338,13.1455,77.7995,,,,,,,,,,,0.0,0.0,0,0.0,0.032917,29.3791,56.040899653979245,0,0.0,0.0,0.0,0.0,0.0,nan
3339,13.1455,77.8085,,,,,,,,,,,0.0,0.0,0,0.0,0.032134,30.1193,56.040899653979245,0,0.0,0.0,0.0,0.0,0.0,nan
3340,13.1455,77.8175,,,,,,,,,,,0.0,0.0,0,0.0,0.031375,30.8723,56.040899653979245,0,0.0,0.0,0.0,0.0,0.0,nan
3341,13.1455,77.8265,,,,,,,,,,,0.0,0.0,0,0.0,0.03064,31.6374,56.040899653979245,0,0.0,0.0,0.0,0.0,0.0,nan
3342,13.1455,77.8355,,,,,,,,,,,0.0,0.0,0,0.0,0.029928,32.4136,56.040899653979245,0,0.0,0.0,0.0,0.0,0.0,nan
3343,13.1455,77.8445,,,,,,,,,,,0.0,0.0,0,0.0,0.02924,33.2002,56.040899653979245,0,0.0,0.0,0.0,0.0,0.0,nan
3344,13.1455,77.8535,,,,,,,,,,,0.0,0.0,0,0.0,0.028574,33.9964,56.040899653979245,0,0.0,0.0,0.0,0.0,0.0,nan
3345,13.1455,77.8625,,,,,,,,,,,0.0,0.0,0,0.0,0.027932,34.8016,56.040899653979245,0,0.0,0.0,0.0,0.0,0.0,nan
3346,13.1455,77.8715,,,,,,,,,,,0.0,0.0,0,0.0,0.027311,35.6151,56.040899653979245,0,0.0,0.0,0.0,0.0,0.0,nan
3347,13.1455,77.8805,,,,,,,,,,,0.0,0.0,0,0.0,0.026712,36.4365,56.040899653979245,0,0.0,0.0,0.0,0.0,0.0,nan
3348,13.1455,77.8895,,,,,,,,,,,0.0,0.0,0,0.0,0.026133,37.2651,56.040899653979245,0,0.0,0.0,0.0,0.0,0.0,nan
3349,13.1455,77.8985,,,,,,,,,,,0.0,0.0,0,0.0,0.025575,38.1006,56.040899653979245,0,0.0,0.0,0.0,0.0,0.0,nan
3350,13.1545,77.3045,,,,,,,,,,,0.0,0.0,0,0.0,0.026072,37.3547,56.040899653979245,0,0.0,0.0,0.0,0.0,0.0,nan
3351,13.1545,77.3135,,,,,,,,,,,0.0,0.0,0,0.0,0.026637,36.542,56.040899653979245,0,0.0,0.0,0.0,0.0,0.0,nan
3352,13.1545,77.3225,,,,,,,,,,,0.0,0.0,0,0.0,0.02722,35.7372,56.040899653979245,0,0.0,0.0,0.0,0.0,0.0,nan
3353,13.1545,77.3315,,,,,,,,,,,0.0,0.0,0,0.0,0.027823,34.941,56.040899653979245,0,0.0,0.0,0.0,0.0,0.0,nan
3354,13.1545,77.3405,,,,,,,,,,,0.0,0.0,0,0.0,0.028446,34.154,56.040899653979245,0,0.0,0.0,0.0,0.0,0.0,nan
3355,13.1545,77.3495,,,,,,,,,,,0.0,0.0,0,0.0,0.029089,33.3767,56.040899653979245,0,0.0,0.0,0.0,0.0,0.0,nan
3356,13.1545,77.3585,,,,,,,,,,,0.0,0.0,0,0.0,0.029753,32.6099,56.040899653979245,0,0.0,0.0,0.0,0.0,0.0,nan
3357,13.1545,77.3675,,,,,,,,,,,0.0,0.0,0,0.0,0.030437,31.8544,56.040899653979245,0,0.0,0.0,0.0,0.0,0.0,nan
3358,13.1545,77.3765,,,,,,,,,,,0.0,0.0,0,0.0,0.031142,31.111,56.040899653979245,0,0.0,0.0,0.0,0.0,0.0,nan
3359,13.1545,77.3855,,,,,,,,,,,0.0,0.0,0,0.0,0.031867,30.3805,56.040899653979245,0,0.0,0.0,0.0,0.0,0.0,nan
3360,13.1545,77.3945,,,,,,,,,,,0.0,0.0,0,0.0,0.032612,29.6639,56.040899653979245,0,0.0,0.0,0.0,0.0,0.0,nan
3361,13.1545,77.4035,,,,,,,,,,,0.0,0.0,0,0.0,0.033375,28.9623,56.040899653979245,0,0.0,0.0,0.0,0.0,0.0,nan
3362,13.1545,77.4125,,,,,,,,,,,0.0,0.0,0,0.0,0.034157,28.2768,56.040899653979245,0,0.0,0.0,0.0,0.0,0.0,nan
3363,13.1545,77.4215,,,,,,,,,,,0.0,0.0,0,0.0,0.034955,27.6085,56.040899653979245,0,0.0,0.0,0.0,0.0,0.0,nan
3364,13.1545,77.4305,,,,,,,,,,,0.0,0.0,0,0.0,0.035767,26.9587,56.040899653979245,0,0.0,0.0,0.0,0.0,0.0,nan
3365,13.1545,77.4395,,,,,,,,,,,0.0,0.0,0,0.0,0.036591,26.3289,56.040899653979245,0,0.0,0.0,0.0,0.0,0.0,nan
3366,13.1545,77.4485,,,,,,,,,,,0.0,0.0,0,0.0,0.037425,25.7204,56.040899653979245,0,0.0,0.0,0.0,0.0,0.0,nan
3367,13.1545,77.4575,,,,,,,,,,,0.0,0.0,0,0.0,0.038263,25.1349,56.040899653979245,0,0.0,0.0,0.0,0.0,0.0,nan
3368,13.1545,77.4665,,,,,,,,,,,0.0,0.0,0,0.0,0.039102,24.5739,56.040899653979245,0,0.0,0.0,0.0,0.0,0.0,nan
3369,13.1545,77.4755,,,,,,,,,,,0.0,0.0,0,0.0,0.039937,24.0393,56.040899653979245,0,0.0,0.0,0.0,0.0,0.0,nan
3370,13.1545,77.4845,,,,,,,,,,,0.0,0.0,0,0.0,0.040762,23.5327,56.040899653979245,0,248.0,124.0,2.0,0.0,0.0,nan
3371,13.1545,77.4935,,,,,,,,,,,0.0,0.0,0,0.0,0.04157,23.056,56.040899653979245,0,0.0,0.0,0.0,0.0,0.0,nan
3372,13.1545,77.5025,,,,,,,,,,,0.0,0.0,0,0.0,0.042353,22.6112,56.040899653979245,0,0.0,0.0,0.0,0.0,0.0,nan
3373,13.1545,77.5115,,,,,,,,,,,0.0,0.0,0,0.0,0.043103,22.2001,56.040899653979245,0,0.0,0.0,0.0,0.0,0.0,nan
3374,13.1545,77.5205,,,,,,,,,,,0.0,0.0,0,0.0,0.043812,21.8247,56.040899653979245,0,0.0,0.0,0.0,0.0,0.0,nan
3375,13.1545,77.5295,,,,,,,,,,,0.0,0.0,0,0.0,0.044471,21.4867,56.040899653979245,0,0.0,0.0,0.0,0.0,0.0,nan
3376,13.1545,77.5385,,,,,,,,,,,0.0,0.0,0,0.0,0.045069,21.1881,56.040899653979245,0,0.0,0.0,0.0,0.0,0.0,nan
3377,13.1545,77.5475,,,,,,,,,,,0.0,0.0,0,0.0,0.045599,20.9305,56.040899653979245,0,0.0,0.0,0.0,0.0,0.0,nan
3378,13.1545,77.5565,,,,,,,,,,,0.0,0.0,0,0.0,0.04605,20.7154,56.040899653979245,0,0.0,0.0,0.0,0.0,0.0,nan
3379,13.1545,77.5655,,,,,,,,,,,0.0,0.0,0,0.0,0.046416,20.5441,56.040899653979245,0,0.0,0.0,0.0,0.0,0.0,nan
3380,13.1545,77.5745,,,,,,,,,,,0.0,0.0,0,0.0,0.04669,20.4178,56.040899653979245,0,16348.0,84.0,194.619,0.0,0.0,nan
3381,13.1545,77.5835,,,,,,,,,,,0.0,0.0,0,0.0,0.046866,20.3373,56.040899653979245,0,0.0,0.0,0.0,0.0,0.0,nan
3382,13.1545,77.5925,,,,,,,,,,,0.0,0.0,0,0.0,0.046941,20.3032,56.040899653979245,0,0.0,0.0,0.0,0.0,0.0,nan
3383,13.1545,77.6015,,,,,,,,,,,0.0,0.0,0,0.0,0.046914,20.3156,56.040899653979245,0,0.0,0.0,0.0,0.0,0.0,nan
3384,13.1545,77.6105,,,,,,,,,,,0.0,0.0,0,0.0,0.046785,20.3745,56.040899653979245,0,0.0,0.0,0.0,0.0,0.0,nan
3385,13.1545,77.6195,,,,,,,,,,,0.0,0.0,0,0.0,0.046556,20.4795,56.040899653979245,0,0.0,0.0,0.0,0.0,0.0,nan
3386,13.1545,77.6285,,,,,,,,,,,0.0,0.0,0,0.0,0.046232,20.6299,56.040899653979245,0,0.0,0.0,0.0,0.0,0.0,nan
3387,13.1545,77.6375,,,,,,,,,,,0.0,0.0,0,0.0,0.04582,20.8247,56.040899653979245,0,0.0,0.0,0.0,0.0,0.0,nan
3388,13.1545,77.6465,,,,,,,,,,,0.0,0.0,0,0.0,0.045325,21.0627,56.040899653979245,0,0.0,0.0,0.0,0.0,0.0,nan
3389,13.1545,77.6555,,,,,,,,,,,0.0,0.0,0,0.0,0.044758,21.3424,56.040899653979245,0,0.0,0.0,0.0,0.0,0.0,nan
3390,13.1545,77.6645,,,,,,,,,,,0.0,0.0,0,0.0,0.044126,21.6622,56.040899653979245,0,2.0,2.0,1.0,0.0,0.0,nan
3391,13.1545,77.6735,,,,,,,,,,,0.0,0.0,0,0.0,0.04344,22.0203,56.040899653979245,0,0.0,0.0,0.0,0.0,0.0,nan
3392,13.1545,77.6825,,,,,,,,,,,0.0,0.0,0,0.0,0.042708,22.415,56.040899653979245,0,0.0,0.0,0.0,0.0,0.0,nan
3393,13.1545,77.6915,,,,,,,,,,,0.0,0.0,0,0.0,0.041939,22.8444,56.040899653979245,0,0.0,0.0,0.0,0.0,0.0,nan
3394,13.1545,77.7005,,,,,,,,,,,0.0,0.0,0,0.0,0.041141,23.3064,56.040899653979245,0,0.0,0.0,0.0,0.0,0.0,nan
3395,13.1545,77.7095,,,,,,,,,,,0.0,0.0,0,0.0,0.040324,23.7993,56.040899653979245,0,0.0,0.0,0.0,0.0,0.0,nan
3396,13.1545,77.7185,,,,,,,,,,,0.0,0.0,0,0.0,0.039493,24.321,56.040899653979245,0,0.0,0.0,0.0,0.0,0.0,nan
3397,13.1545,77.7275,,,,,,,,,,,0.0,0.0,0,0.0,0.038655,24.87,56.040899653979245,0,0.0,0.0,0.0,0.0,0.0,nan
3398,13.1545,77.7365,,,,,,,,,,,0.0,0.0,0,0.0,0.037815,25.4442,56.040899653979245,0,0.0,0.0,0.0,0.0,0.0,nan
3399,13.1545,77.7455,,,,,,,,,,,0.0,0.0,0,0.0,0.036979,26.0422,56.040899653979245,0,0.0,0.0,0.0,0.0,0.0,nan
3400,13.1545,77.7545,,,,,,,,,,,0.0,0.0,0,0.0,0.03615,26.6622,56.040899653979245,0,0.0,0.0,0.0,0.0,0.0,nan
3401,13.1545,77.7635,,,,,,,,,,,0.0,0.0,0,0.0,0.035332,27.3029,56.040899653979245,0,0.0,0.0,0.0,0.0,0.0,nan
3402,13.1545,77.7725,,,,,,,,,,,0.0,0.0,0,0.0,0.034527,27.9627,56.040899653979245,0,0.0,0.0,0.0,0.0,0.0,nan
3403,13.1545,77.7815,,,,,,,,,,,0.0,0.0,0,0.0,0.033738,28.6403,56.040899653979245,0,0.0,0.0,0.0,0.0,0.0,nan
3404,13.1545,77.7905,,,,,,,,,,,0.0,0.0,0,0.0,0.032966,29.3346,56.040899653979245,0,0.0,0.0,0.0,0.0,0.0,nan
3405,13.1545,77.7995,,,,,,,,,,,0.0,0.0,0,0.0,0.032212,30.0443,56.040899653979245,0,0.0,0.0,0.0,0.0,0.0,nan
3406,13.1545,77.8085,,,,,,,,,,,0.0,0.0,0,0.0,0.031478,30.7684,56.040899653979245,0,0.0,0.0,0.0,0.0,0.0,nan
3407,13.1545,77.8175,,,,,,,,,,,0.0,0.0,0,0.0,0.030764,31.5059,56.040899653979245,0,0.0,0.0,0.0,0.0,0.0,nan
3408,13.1545,77.8265,,,,,,,,,,,0.0,0.0,0,0.0,0.03007,32.2559,56.040899653979245,0,0.0,0.0,0.0,0.0,0.0,nan
3409,13.1545,77.8355,,,,,,,,,,,0.0,0.0,0,0.0,0.029397,33.0175,56.040899653979245,0,0.0,0.0,0.0,0.0,0.0,nan
3410,13.1545,77.8445,,,,,,,,,,,0.0,0.0,0,0.0,0.028744,33.79,56.040899653979245,0,0.0,0.0,0.0,0.0,0.0,nan
3411,13.1545,77.8535,,,,,,,,,,,0.0,0.0,0,0.0,0.028112,34.5725,56.040899653979245,0,0.0,0.0,0.0,0.0,0.0,nan
3412,13.1545,77.8625,,,,,,,,,,,0.0,0.0,0,0.0,0.027499,35.3646,56.040899653979245,0,0.0,0.0,0.0,0.0,0.0,nan
3413,13.1545,77.8715,,,,,,,,,,,0.0,0.0,0,0.0,0.026907,36.1654,56.040899653979245,0,0.0,0.0,0.0,0.0,0.0,nan
3414,13.1545,77.8805,,,,,,,,,,,0.0,0.0,0,0.0,0.026333,36.9745,56.040899653979245,0,0.0,0.0,0.0,0.0,0.0,nan
3415,13.1545,77.8895,,,,,,,,,,,0.0,0.0,0,0.0,0.025779,37.7913,56.040899653979245,0,0.0,0.0,0.0,0.0,0.0,nan
3416,13.1545,77.8985,,,,,,,,,,,0.0,0.0,0,0.0,0.025243,38.6153,56.040899653979245,0,0.0,0.0,0.0,0.0,0.0,nan
3417,13.1635,77.3045,,,,,,,,,,,0.0,0.0,0,0.0,0.025703,37.906,56.040899653979245,0,0.0,0.0,0.0,0.0,0.0,nan
3418,13.1635,77.3135,,,,,,,,,,,0.0,0.0,0,0.0,0.026243,37.1054,56.040899653979245,0,0.0,0.0,0.0,0.0,0.0,nan
3419,13.1635,77.3225,,,,,,,,,,,0.0,0.0,0,0.0,0.0268,36.3132,56.040899653979245,0,0.0,0.0,0.0,0.0,0.0,nan
3420,13.1635,77.3315,,,,,,,,,,,0.0,0.0,0,0.0,0.027375,35.5299,56.040899653979245,0,0.0,0.0,0.0,0.0,0.0,nan
3421,13.1635,77.3405,,,,,,,,,,,0.0,0.0,0,0.0,0.027967,34.7563,56.040899653979245,0,0.0,0.0,0.0,0.0,0.0,nan
3422,13.1635,77.3495,,,,,,,,,,,0.0,0.0,0,0.0,0.028577,33.9929,56.040899653979245,0,0.0,0.0,0.0,0.0,0.0,nan
3423,13.1635,77.3585,,,,,,,,,,,0.0,0.0,0,0.0,0.029205,33.2404,56.040899653979245,0,0.0,0.0,0.0,0.0,0.0,nan
3424,13.1635,77.3675,,,,,,,,,,,0.0,0.0,0,0.0,0.029851,32.4996,56.040899653979245,0,0.0,0.0,0.0,0.0,0.0,nan
3425,13.1635,77.3765,,,,,,,,,,,0.0,0.0,0,0.0,0.030515,31.7713,56.040899653979245,0,0.0,0.0,0.0,0.0,0.0,nan
3426,13.1635,77.3855,,,,,,,,,,,0.0,0.0,0,0.0,0.031195,31.0564,56.040899653979245,0,0.0,0.0,0.0,0.0,0.0,nan
3427,13.1635,77.3945,,,,,,,,,,,0.0,0.0,0,0.0,0.031892,30.3558,56.040899653979245,0,0.0,0.0,0.0,0.0,0.0,nan
3428,13.1635,77.4035,,,,,,,,,,,0.0,0.0,0,0.0,0.032605,29.6706,56.040899653979245,0,0.0,0.0,0.0,0.0,0.0,nan
3429,13.1635,77.4125,,,,,,,,,,,0.0,0.0,0,0.0,0.033331,29.0019,56.040899653979245,0,0.0,0.0,0.0,0.0,0.0,nan
3430,13.1635,77.4215,,,,,,,,,,,0.0,0.0,0,0.0,0.034071,28.3507,56.040899653979245,0,0.0,0.0,0.0,0.0,0.0,nan
3431,13.1635,77.4305,,,,,,,,,,,0.0,0.0,0,0.0,0.034821,27.7184,56.040899653979245,0,0.0,0.0,0.0,0.0,0.0,nan
3432,13.1635,77.4395,,,,,,,,,,,0.0,0.0,0,0.0,0.035579,27.1063,56.040899653979245,0,0.0,0.0,0.0,0.0,0.0,nan
3433,13.1635,77.4485,,,,,,,,,,,0.0,0.0,0,0.0,0.036343,26.5157,56.040899653979245,0,0.0,0.0,0.0,0.0,0.0,nan
3434,13.1635,77.4575,,,,,,,,,,,0.0,0.0,0,0.0,0.037108,25.9482,56.040899653979245,0,0.0,0.0,0.0,0.0,0.0,nan
3435,13.1635,77.4665,,,,,,,,,,,0.0,0.0,0,0.0,0.037871,25.4052,56.040899653979245,0,0.0,0.0,0.0,0.0,0.0,nan
3436,13.1635,77.4755,,,,,,,,,,,0.0,0.0,0,0.0,0.038627,24.8885,56.040899653979245,0,0.0,0.0,0.0,0.0,0.0,nan
3437,13.1635,77.4845,,,,,,,,,,,0.0,0.0,0,0.0,0.039371,24.3995,56.040899653979245,0,0.0,0.0,0.0,0.0,0.0,nan
3438,13.1635,77.4935,,,,,,,,,,,0.0,0.0,0,0.0,0.040096,23.9402,56.040899653979245,0,0.0,0.0,0.0,0.0,0.0,nan
3439,13.1635,77.5025,,,,,,,,,,,0.0,0.0,0,0.0,0.040796,23.5121,56.040899653979245,0,0.0,0.0,0.0,0.0,0.0,nan
3440,13.1635,77.5115,,,,,,,,,,,0.0,0.0,0,0.0,0.041464,23.1171,56.040899653979245,0,550.0,86.0,6.3953,0.0,0.0,nan
3441,13.1635,77.5205,,,,,,,,,,,0.0,0.0,0,0.0,0.042093,22.7568,56.040899653979245,0,0.0,0.0,0.0,0.0,0.0,nan
3442,13.1635,77.5295,,,,,,,,,,,0.0,0.0,0,0.0,0.042675,22.4329,56.040899653979245,0,0.0,0.0,0.0,0.0,0.0,nan
3443,13.1635,77.5385,,,,,,,,,,,0.0,0.0,0,0.0,0.043202,22.1471,56.040899653979245,0,0.0,0.0,0.0,0.0,0.0,nan
3444,13.1635,77.5475,,,,,,,,,,,0.0,0.0,0,0.0,0.043667,21.9008,56.040899653979245,0,0.0,0.0,0.0,0.0,0.0,nan
3445,13.1635,77.5565,,,,,,,,,,,0.0,0.0,0,0.0,0.044062,21.6953,56.040899653979245,0,0.0,0.0,0.0,0.0,0.0,nan
3446,13.1635,77.5655,,,,,,,,,,,0.0,0.0,0,0.0,0.044382,21.5319,56.040899653979245,0,0.0,0.0,0.0,0.0,0.0,nan
3447,13.1635,77.5745,,,,,,,,,,,0.0,0.0,0,0.0,0.04462,21.4114,56.040899653979245,0,0.0,0.0,0.0,0.0,0.0,nan
3448,13.1635,77.5835,,,,,,,,,,,0.0,0.0,0,0.0,0.044773,21.3347,56.040899653979245,0,0.0,0.0,0.0,0.0,0.0,nan
3449,13.1635,77.5925,,,,,,,,,,,0.0,0.0,0,0.0,0.044839,21.3021,56.040899653979245,0,0.0,0.0,0.0,0.0,0.0,nan
3450,13.1635,77.6015,,,,,,,,,,,0.0,0.0,0,0.0,0.044815,21.314,56.040899653979245,0,54.0,26.0,2.0769,0.0,0.0,nan
3451,13.1635,77.6105,,,,,,,,,,,0.0,0.0,0,0.0,0.044703,21.3701,56.040899653979245,0,0.0,0.0,0.0,0.0,0.0,nan
3452,13.1635,77.6195,,,,,,,,,,,0.0,0.0,0,0.0,0.044503,21.4702,56.040899653979245,0,0.0,0.0,0.0,0.0,0.0,nan
3453,13.1635,77.6285,,,,,,,,,,,0.0,0.0,0,0.0,0.044221,21.6137,56.040899653979245,0,0.0,0.0,0.0,0.0,0.0,nan
3454,13.1635,77.6375,,,,,,,,,,,0.0,0.0,0,0.0,0.04386,21.7997,56.040899653979245,0,0.0,0.0,0.0,0.0,0.0,nan
3455,13.1635,77.6465,,,,,,,,,,,0.0,0.0,0,0.0,0.043427,22.0271,56.040899653979245,0,0.0,0.0,0.0,0.0,0.0,nan
3456,13.1635,77.6555,,,,,,,,,,,0.0,0.0,0,0.0,0.042928,22.2947,56.040899653979245,0,0.0,0.0,0.0,0.0,0.0,nan
3457,13.1635,77.6645,,,,,,,,,,,0.0,0.0,0,0.0,0.042371,22.601,56.040899653979245,0,0.0,0.0,0.0,0.0,0.0,nan
3458,13.1635,77.6735,,,,,,,,,,,0.0,0.0,0,0.0,0.041763,22.9445,56.040899653979245,0,0.0,0.0,0.0,0.0,0.0,nan
3459,13.1635,77.6825,,,,,,,,,,,0.0,0.0,0,0.0,0.041112,23.3236,56.040899653979245,0,0.0,0.0,0.0,0.0,0.0,nan
3460,13.1635,77.6915,,,,,,,,,,,0.0,0.0,0,0.0,0.040426,23.7364,56.040899653979245,0,1.0,1.0,1.0,0.0,0.0,nan
3461,13.1635,77.7005,,,,,,,,,,,0.0,0.0,0,0.0,0.039712,24.1814,56.040899653979245,0,0.0,0.0,0.0,0.0,0.0,nan
3462,13.1635,77.7095,,,,,,,,,,,0.0,0.0,0,0.0,0.038976,24.6567,56.040899653979245,0,0.0,0.0,0.0,0.0,0.0,nan
3463,13.1635,77.7185,,,,,,,,,,,0.0,0.0,0,0.0,0.038225,25.1607,56.040899653979245,0,0.0,0.0,0.0,0.0,0.0,nan
3464,13.1635,77.7275,,,,,,,,,,,0.0,0.0,0,0.0,0.037465,25.6917,56.040899653979245,0,0.0,0.0,0.0,0.0,0.0,nan
3465,13.1635,77.7365,,,,,,,,,,,0.0,0.0,0,0.0,0.0367,26.2479,56.040899653979245,0,0.0,0.0,0.0,0.0,0.0,nan
3466,13.1635,77.7455,,,,,,,,,,,0.0,0.0,0,0.0,0.035935,26.8279,56.040899653979245,0,0.0,0.0,0.0,0.0,0.0,nan
3467,13.1635,77.7545,,,,,,,,,,,0.0,0.0,0,0.0,0.035174,27.4302,56.040899653979245,0,0.0,0.0,0.0,0.0,0.0,nan
3468,13.1635,77.7635,,,,,,,,,,,0.0,0.0,0,0.0,0.03442,28.0532,56.040899653979245,0,0.0,0.0,0.0,0.0,0.0,nan
3469,13.1635,77.7725,,,,,,,,,,,0.0,0.0,0,0.0,0.033675,28.6957,56.040899653979245,0,0.0,0.0,0.0,0.0,0.0,nan
3470,13.1635,77.7815,,,,,,,,,,,0.0,0.0,0,0.0,0.032942,29.3564,56.040899653979245,0,0.0,0.0,0.0,0.0,0.0,nan
3471,13.1635,77.7905,,,,,,,,,,,0.0,0.0,0,0.0,0.032223,30.0341,56.040899653979245,0,0.0,0.0,0.0,0.0,0.0,nan
3472,13.1635,77.7995,,,,,,,,,,,0.0,0.0,0,0.0,0.031518,30.7276,56.040899653979245,0,0.0,0.0,0.0,0.0,0.0,nan
3473,13.1635,77.8085,,,,,,,,,,,0.0,0.0,0,0.0,0.03083,31.4359,56.040899653979245,0,0.0,0.0,0.0,0.0,0.0,nan
3474,13.1635,77.8175,,,,,,,,,,,0.0,0.0,0,0.0,0.030159,32.1581,56.040899653979245,0,0.0,0.0,0.0,0.0,0.0,nan
3475,13.1635,77.8265,,,,,,,,,,,0.0,0.0,0,0.0,0.029504,32.8932,56.040899653979245,0,0.0,0.0,0.0,0.0,0.0,nan
3476,13.1635,77.8355,,,,,,,,,,,0.0,0.0,0,0.0,0.028868,33.6403,56.040899653979245,0,0.0,0.0,0.0,0.0,0.0,nan
3477,13.1635,77.8445,,,,,,,,,,,0.0,0.0,0,0.0,0.02825,34.3987,56.040899653979245,0,0.0,0.0,0.0,0.0,0.0,nan
3478,13.1635,77.8535,,,,,,,,,,,0.0,0.0,0,0.0,0.027649,35.1677,56.040899653979245,0,0.0,0.0,0.0,0.0,0.0,nan
3479,13.1635,77.8625,,,,,,,,,,,0.0,0.0,0,0.0,0.027066,35.9465,56.040899653979245,0,0.0,0.0,0.0,0.0,0.0,nan
3480,13.1635,77.8715,,,,,,,,,,,0.0,0.0,0,0.0,0.026501,36.7346,56.040899653979245,0,0.0,0.0,0.0,0.0,0.0,nan
3481,13.1635,77.8805,,,,,,,,,,,0.0,0.0,0,0.0,0.025953,37.5314,56.040899653979245,0,0.0,0.0,0.0,0.0,0.0,nan
3482,13.1635,77.8895,,,,,,,,,,,0.0,0.0,0,0.0,0.025422,38.3362,56.040899653979245,0,0.0,0.0,0.0,0.0,0.0,nan
3483,13.1635,77.8985,,,,,,,,,,,0.0,0.0,0,0.0,0.024907,39.1487,56.040899653979245,0,0.0,0.0,0.0,0.0,0.0,nan
3484,13.1725,77.3045,,,,,,,,,,,0.0,0.0,0,0.0,0.025332,38.4753,56.040899653979245,0,0.0,0.0,0.0,0.0,0.0,nan
3485,13.1725,77.3135,,,,,,,,,,,0.0,0.0,0,0.0,0.025849,37.6868,56.040899653979245,0,0.0,0.0,0.0,0.0,0.0,nan
3486,13.1725,77.3225,,,,,,,,,,,0.0,0.0,0,0.0,0.02638,36.9072,56.040899653979245,0,0.0,0.0,0.0,0.0,0.0,nan
3487,13.1725,77.3315,,,,,,,,,,,0.0,0.0,0,0.0,0.026927,36.1369,56.040899653979245,0,0.0,0.0,0.0,0.0,0.0,nan
3488,13.1725,77.3405,,,,,,,,,,,0.0,0.0,0,0.0,0.02749,35.3766,56.040899653979245,0,0.0,0.0,0.0,0.0,0.0,nan
3489,13.1725,77.3495,,,,,,,,,,,0.0,0.0,0,0.0,0.028069,34.6269,56.040899653979245,0,0.0,0.0,0.0,0.0,0.0,nan
3490,13.1725,77.3585,,,,,,,,,,,0.0,0.0,0,0.0,0.028663,33.8885,56.040899653979245,0,0.0,0.0,0.0,0.0,0.0,nan
3491,13.1725,77.3675,,,,,,,,,,,0.0,0.0,0,0.0,0.029272,33.1622,56.040899653979245,0,0.0,0.0,0.0,0.0,0.0,nan
3492,13.1725,77.3765,,,,,,,,,,,0.0,0.0,0,0.0,0.029896,32.4489,56.040899653979245,0,0.0,0.0,0.0,0.0,0.0,nan
3493,13.1725,77.3855,,,,,,,,,,,0.0,0.0,0,0.0,0.030535,31.7493,56.040899653979245,0,0.0,0.0,0.0,0.0,0.0,nan
3494,13.1725,77.3945,,,,,,,,,,,0.0,0.0,0,0.0,0.031187,31.0644,56.040899653979245,0,0.0,0.0,0.0,0.0,0.0,nan
3495,13.1725,77.4035,,,,,,,,,,,0.0,0.0,0,0.0,0.031852,30.3953,56.040899653979245,0,0.0,0.0,0.0,0.0,0.0,nan
3496,13.1725,77.4125,,,,,,,,,,,0.0,0.0,0,0.0,0.032528,29.7429,56.040899653979245,0,0.0,0.0,0.0,0.0,0.0,nan
3497,13.1725,77.4215,,,,,,,,,,,0.0,0.0,0,0.0,0.033213,29.1083,56.040899653979245,0,0.0,0.0,0.0,0.0,0.0,nan
3498,13.1725,77.4305,,,,,,,,,,,0.0,0.0,0,0.0,0.033906,28.4929,56.040899653979245,0,0.0,0.0,0.0,0.0,0.0,nan
3499,13.1725,77.4395,,,,,,,,,,,0.0,0.0,0,0.0,0.034605,27.8978,56.040899653979245,0,0.0,0.0,0.0,0.0,0.0,nan
3500,13.1725,77.4485,,,,,,,,,,,0.0,0.0,0,0.0,0.035305,27.3244,56.040899653979245,0,20.0,10.0,2.0,0.0,0.0,nan
3501,13.1725,77.4575,,,,,,,,,,,0.0,0.0,0,0.0,0.036005,26.774,56.040899653979245,0,0.0,0.0,0.0,0.0,0.0,nan
3502,13.1725,77.4665,,,,,,,,,,,0.0,0.0,0,0.0,0.0367,26.2482,56.040899653979245,0,0.0,0.0,0.0,0.0,0.0,nan
3503,13.1725,77.4755,,,,,,,,,,,0.0,0.0,0,0.0,0.037385,25.7484,56.040899653979245,0,0.0,0.0,0.0,0.0,0.0,nan
3504,13.1725,77.4845,,,,,,,,,,,0.0,0.0,0,0.0,0.038057,25.2762,56.040899653979245,0,0.0,0.0,0.0,0.0,0.0,nan
3505,13.1725,77.4935,,,,,,,,,,,0.0,0.0,0,0.0,0.03871,24.8331,56.040899653979245,0,0.0,0.0,0.0,0.0,0.0,nan
3506,13.1725,77.5025,,,,,,,,,,,0.0,0.0,0,0.0,0.039338,24.4207,56.040899653979245,0,0.0,0.0,0.0,0.0,0.0,nan
3507,13.1725,77.5115,,,,,,,,,,,0.0,0.0,0,0.0,0.039935,24.0406,56.040899653979245,0,0.0,0.0,0.0,0.0,0.0,nan
3508,13.1725,77.5205,,,,,,,,,,,0.0,0.0,0,0.0,0.040495,23.6944,56.040899653979245,0,0.0,0.0,0.0,0.0,0.0,nan
3509,13.1725,77.5295,,,,,,,,,,,0.0,0.0,0,0.0,0.041011,23.3835,56.040899653979245,0,0.0,0.0,0.0,0.0,0.0,nan
3510,13.1725,77.5385,,,,,,,,,,,0.0,0.0,0,0.0,0.041477,23.1095,56.040899653979245,0,48.0,23.0,2.087,0.0,0.0,nan
3511,13.1725,77.5475,,,,,,,,,,,0.0,0.0,0,0.0,0.041887,22.8735,56.040899653979245,0,0.0,0.0,0.0,0.0,0.0,nan
3512,13.1725,77.5565,,,,,,,,,,,0.0,0.0,0,0.0,0.042235,22.6769,56.040899653979245,0,0.0,0.0,0.0,0.0,0.0,nan
3513,13.1725,77.5655,,,,,,,,,,,0.0,0.0,0,0.0,0.042516,22.5206,56.040899653979245,0,0.0,0.0,0.0,0.0,0.0,nan
3514,13.1725,77.5745,,,,,,,,,,,0.0,0.0,0,0.0,0.042725,22.4055,56.040899653979245,0,0.0,0.0,0.0,0.0,0.0,nan
3515,13.1725,77.5835,,,,,,,,,,,0.0,0.0,0,0.0,0.042859,22.3321,56.040899653979245,0,0.0,0.0,0.0,0.0,0.0,nan
3516,13.1725,77.5925,,,,,,,,,,,0.0,0.0,0,0.0,0.042916,22.3011,56.040899653979245,0,0.0,0.0,0.0,0.0,0.0,nan
3517,13.1725,77.6015,,,,,,,,,,,0.0,0.0,0,0.0,0.042896,22.3124,56.040899653979245,0,0.0,0.0,0.0,0.0,0.0,nan
3518,13.1725,77.6105,,,,,,,,,,,0.0,0.0,0,0.0,0.042797,22.366,56.040899653979245,0,0.0,0.0,0.0,0.0,0.0,nan
3519,13.1725,77.6195,,,,,,,,,,,0.0,0.0,0,0.0,0.042623,22.4617,56.040899653979245,0,0.0,0.0,0.0,0.0,0.0,nan
3520,13.1725,77.6285,,,,,,,,,,,0.0,0.0,0,0.0,0.042375,22.5989,56.040899653979245,0,1019.0,86.0,11.8488,0.0,0.0,nan
3521,13.1725,77.6375,,,,,,,,,,,0.0,0.0,0,0.0,0.042058,22.7768,56.040899653979245,0,0.0,0.0,0.0,0.0,0.0,nan
3522,13.1725,77.6465,,,,,,,,,,,0.0,0.0,0,0.0,0.041676,22.9946,56.040899653979245,0,0.0,0.0,0.0,0.0,0.0,nan
3523,13.1725,77.6555,,,,,,,,,,,0.0,0.0,0,0.0,0.041235,23.251,56.040899653979245,0,0.0,0.0,0.0,0.0,0.0,nan
3524,13.1725,77.6645,,,,,,,,,,,0.0,0.0,0,0.0,0.040742,23.5448,56.040899653979245,0,0.0,0.0,0.0,0.0,0.0,nan
3525,13.1725,77.6735,,,,,,,,,,,0.0,0.0,0,0.0,0.040201,23.8747,56.040899653979245,0,0.0,0.0,0.0,0.0,0.0,nan
3526,13.1725,77.6825,,,,,,,,,,,0.0,0.0,0,0.0,0.039621,24.2392,56.040899653979245,0,0.0,0.0,0.0,0.0,0.0,nan
3527,13.1725,77.6915,,,,,,,,,,,0.0,0.0,0,0.0,0.039007,24.6367,56.040899653979245,0,0.0,0.0,0.0,0.0,0.0,nan
3528,13.1725,77.7005,,,,,,,,,,,0.0,0.0,0,0.0,0.038365,25.0657,56.040899653979245,0,0.0,0.0,0.0,0.0,0.0,nan
3529,13.1725,77.7095,,,,,,,,,,,0.0,0.0,0,0.0,0.037701,25.5245,56.040899653979245,0,0.0,0.0,0.0,0.0,0.0,nan
3530,13.1725,77.7185,,,,,,,,,,,0.0,0.0,0,0.0,0.037021,26.0116,56.040899653979245,0,32.0,13.0,2.4615,0.0,0.0,nan
3531,13.1725,77.7275,,,,,,,,,,,0.0,0.0,0,0.0,0.03633,26.5255,56.040899653979245,0,0.0,0.0,0.0,0.0,0.0,nan
3532,13.1725,77.7365,,,,,,,,,,,0.0,0.0,0,0.0,0.035632,27.0646,56.040899653979245,0,0.0,0.0,0.0,0.0,0.0,nan
3533,13.1725,77.7455,,,,,,,,,,,0.0,0.0,0,0.0,0.034932,27.6274,56.040899653979245,0,0.0,0.0,0.0,0.0,0.0,nan
3534,13.1725,77.7545,,,,,,,,,,,0.0,0.0,0,0.0,0.034232,28.2126,56.040899653979245,0,0.0,0.0,0.0,0.0,0.0,nan
3535,13.1725,77.7635,,,,,,,,,,,0.0,0.0,0,0.0,0.033536,28.8187,56.040899653979245,0,0.0,0.0,0.0,0.0,0.0,nan
3536,13.1725,77.7725,,,,,,,,,,,0.0,0.0,0,0.0,0.032847,29.4445,56.040899653979245,0,0.0,0.0,0.0,0.0,0.0,nan
3537,13.1725,77.7815,,,,,,,,,,,0.0,0.0,0,0.0,0.032166,30.0887,56.040899653979245,0,0.0,0.0,0.0,0.0,0.0,nan
3538,13.1725,77.7905,,,,,,,,,,,0.0,0.0,0,0.0,0.031496,30.7501,56.040899653979245,0,0.0,0.0,0.0,0.0,0.0,nan
3539,13.1725,77.7995,,,,,,,,,,,0.0,0.0,0,0.0,0.030838,31.4278,56.040899653979245,0,0.0,0.0,0.0,0.0,0.0,nan
3540,13.1725,77.8085,,,,,,,,,,,0.0,0.0,0,0.0,0.030193,32.1206,56.040899653979245,0,0.0,0.0,0.0,0.0,0.0,nan
3541,13.1725,77.8175,,,,,,,,,,,0.0,0.0,0,0.0,0.029562,32.8277,56.040899653979245,0,0.0,0.0,0.0,0.0,0.0,nan
3542,13.1725,77.8265,,,,,,,,,,,0.0,0.0,0,0.0,0.028945,33.548,56.040899653979245,0,0.0,0.0,0.0,0.0,0.0,nan
3543,13.1725,77.8355,,,,,,,,,,,0.0,0.0,0,0.0,0.028344,34.2808,56.040899653979245,0,0.0,0.0,0.0,0.0,0.0,nan
3544,13.1725,77.8445,,,,,,,,,,,0.0,0.0,0,0.0,0.027758,35.0253,56.040899653979245,0,0.0,0.0,0.0,0.0,0.0,nan
3545,13.1725,77.8535,,,,,,,,,,,0.0,0.0,0,0.0,0.027188,35.7808,56.040899653979245,0,0.0,0.0,0.0,0.0,0.0,nan
3546,13.1725,77.8625,,,,,,,,,,,0.0,0.0,0,0.0,0.026634,36.5465,56.040899653979245,0,0.0,0.0,0.0,0.0,0.0,nan
3547,13.1725,77.8715,,,,,,,,,,,0.0,0.0,0,0.0,0.026095,37.3219,56.040899653979245,0,0.0,0.0,0.0,0.0,0.0,nan
3548,13.1725,77.8805,,,,,,,,,,,0.0,0.0,0,0.0,0.025571,38.1063,56.040899653979245,0,0.0,0.0,0.0,0.0,0.0,nan
3549,13.1725,77.8895,,,,,,,,,,,0.0,0.0,0,0.0,0.025063,38.8992,56.040899653979245,0,0.0,0.0,0.0,0.0,0.0,nan
3550,13.1725,77.8985,,,,,,,,,,,0.0,0.0,0,0.0,0.02457,39.7001,56.040899653979245,0,0.0,0.0,0.0,0.0,0.0,nan
3551,13.1815,77.3045,,,,,,,,,,,0.0,0.0,0,0.0,0.024961,39.0619,56.040899653979245,0,0.0,0.0,0.0,0.0,0.0,nan
3552,13.1815,77.3135,,,,,,,,,,,0.0,0.0,0,0.0,0.025455,38.2856,56.040899653979245,0,0.0,0.0,0.0,0.0,0.0,nan
3553,13.1815,77.3225,,,,,,,,,,,0.0,0.0,0,0.0,0.025962,37.5184,56.040899653979245,0,0.0,0.0,0.0,0.0,0.0,nan
3554,13.1815,77.3315,,,,,,,,,,,0.0,0.0,0,0.0,0.026482,36.761,56.040899653979245,0,0.0,0.0,0.0,0.0,0.0,nan
3555,13.1815,77.3405,,,,,,,,,,,0.0,0.0,0,0.0,0.027017,36.0139,56.040899653979245,0,0.0,0.0,0.0,0.0,0.0,nan
3556,13.1815,77.3495,,,,,,,,,,,0.0,0.0,0,0.0,0.027565,35.2778,56.040899653979245,0,0.0,0.0,0.0,0.0,0.0,nan
3557,13.1815,77.3585,,,,,,,,,,,0.0,0.0,0,0.0,0.028127,34.5534,56.040899653979245,0,0.0,0.0,0.0,0.0,0.0,nan
3558,13.1815,77.3675,,,,,,,,,,,0.0,0.0,0,0.0,0.028701,33.8414,56.040899653979245,0,0.0,0.0,0.0,0.0,0.0,nan
3559,13.1815,77.3765,,,,,,,,,,,0.0,0.0,0,0.0,0.029289,33.1428,56.040899653979245,0,0.0,0.0,0.0,0.0,0.0,nan
3560,13.1815,77.3855,,,,,,,,,,,0.0,0.0,0,0.0,0.029888,32.4582,56.040899653979245,0,35.0,34.0,1.0294,0.0,0.0,nan
3561,13.1815,77.3945,,,,,,,,,,,0.0,0.0,0,0.0,0.030498,31.7886,56.040899653979245,0,0.0,0.0,0.0,0.0,0.0,nan
3562,13.1815,77.4035,,,,,,,,,,,0.0,0.0,0,0.0,0.031119,31.1351,56.040899653979245,0,0.0,0.0,0.0,0.0,0.0,nan
3563,13.1815,77.4125,,,,,,,,,,,0.0,0.0,0,0.0,0.031747,30.4986,56.040899653979245,0,0.0,0.0,0.0,0.0,0.0,nan
3564,13.1815,77.4215,,,,,,,,,,,0.0,0.0,0,0.0,0.032383,29.8801,56.040899653979245,0,0.0,0.0,0.0,0.0,0.0,nan
3565,13.1815,77.4305,,,,,,,,,,,0.0,0.0,0,0.0,0.033024,29.281,56.040899653979245,0,0.0,0.0,0.0,0.0,0.0,nan
3566,13.1815,77.4395,,,,,,,,,,,0.0,0.0,0,0.0,0.033667,28.7023,56.040899653979245,0,0.0,0.0,0.0,0.0,0.0,nan
3567,13.1815,77.4485,,,,,,,,,,,0.0,0.0,0,0.0,0.034311,28.1453,56.040899653979245,0,0.0,0.0,0.0,0.0,0.0,nan
3568,13.1815,77.4575,,,,,,,,,,,0.0,0.0,0,0.0,0.034951,27.6113,56.040899653979245,0,0.0,0.0,0.0,0.0,0.0,nan
3569,13.1815,77.4665,,,,,,,,,,,0.0,0.0,0,0.0,0.035585,27.1018,56.040899653979245,0,0.0,0.0,0.0,0.0,0.0,nan
3570,13.1815,77.4755,,,,,,,,,,,0.0,0.0,0,0.0,0.036208,26.6181,56.040899653979245,0,788.0,66.0,11.9394,0.0,0.0,nan
3571,13.1815,77.4845,,,,,,,,,,,0.0,0.0,0,0.0,0.036817,26.1616,56.040899653979245,0,0.0,0.0,0.0,0.0,0.0,nan
3572,13.1815,77.4935,,,,,,,,,,,0.0,0.0,0,0.0,0.037406,25.7337,56.040899653979245,0,0.0,0.0,0.0,0.0,0.0,nan
3573,13.1815,77.5025,,,,,,,,,,,0.0,0.0,0,0.0,0.037971,25.3361,56.040899653979245,0,0.0,0.0,0.0,0.0,0.0,nan
3574,13.1815,77.5115,,,,,,,,,,,0.0,0.0,0,0.0,0.038506,24.9699,56.040899653979245,0,0.0,0.0,0.0,0.0,0.0,nan
3575,13.1815,77.5205,,,,,,,,,,,0.0,0.0,0,0.0,0.039006,24.6368,56.040899653979245,0,0.0,0.0,0.0,0.0,0.0,nan
3576,13.1815,77.5295,,,,,,,,,,,0.0,0.0,0,0.0,0.039466,24.338,56.040899653979245,0,0.0,0.0,0.0,0.0,0.0,nan
3577,13.1815,77.5385,,,,,,,,,,,0.0,0.0,0,0.0,0.039881,24.0749,56.040899653979245,0,0.0,0.0,0.0,0.0,0.0,nan
3578,13.1815,77.5475,,,,,,,,,,,0.0,0.0,0,0.0,0.040244,23.8485,56.040899653979245,0,0.0,0.0,0.0,0.0,0.0,nan
3579,13.1815,77.5565,,,,,,,,,,,0.0,0.0,0,0.0,0.040552,23.66,56.040899653979245,0,0.0,0.0,0.0,0.0,0.0,nan
3580,13.1815,77.5655,,,,,,,,,,,0.0,0.0,0,0.0,0.040799,23.5102,56.040899653979245,0,7.0,7.0,1.0,0.0,0.0,nan
3581,13.1815,77.5745,,,,,,,,,,,0.0,0.0,0,0.0,0.040984,23.4,56.040899653979245,0,0.0,0.0,0.0,0.0,0.0,nan
3582,13.1815,77.5835,,,,,,,,,,,0.0,0.0,0,0.0,0.041102,23.3298,56.040899653979245,0,0.0,0.0,0.0,0.0,0.0,nan
3583,13.1815,77.5925,,,,,,,,,,,0.0,0.0,0,0.0,0.041152,23.3,56.040899653979245,0,0.0,0.0,0.0,0.0,0.0,nan
3584,13.1815,77.6015,,,,,,,,,,,0.0,0.0,0,0.0,0.041134,23.3108,56.040899653979245,0,0.0,0.0,0.0,0.0,0.0,nan
3585,13.1815,77.6105,,,,,,,,,,,0.0,0.0,0,0.0,0.041047,23.3622,56.040899653979245,0,0.0,0.0,0.0,0.0,0.0,nan
3586,13.1815,77.6195,,,,,,,,,,,0.0,0.0,0,0.0,0.040893,23.4538,56.040899653979245,0,0.0,0.0,0.0,0.0,0.0,nan
3587,13.1815,77.6285,,,,,,,,,,,0.0,0.0,0,0.0,0.040675,23.5852,56.040899653979245,0,0.0,0.0,0.0,0.0,0.0,nan
3588,13.1815,77.6375,,,,,,,,,,,0.0,0.0,0,0.0,0.040395,23.7557,56.040899653979245,0,0.0,0.0,0.0,0.0,0.0,nan
3589,13.1815,77.6465,,,,,,,,,,,0.0,0.0,0,0.0,0.040057,23.9646,56.040899653979245,0,0.0,0.0,0.0,0.0,0.0,nan
3590,13.1815,77.6555,,,,,,,,,,,0.0,0.0,0,0.0,0.039666,24.2107,56.040899653979245,0,10.0,5.0,2.0,0.0,0.0,nan
3591,13.1815,77.6645,,,,,,,,,,,0.0,0.0,0,0.0,0.039226,24.493,56.040899653979245,0,0.0,0.0,0.0,0.0,0.0,nan
3592,13.1815,77.6735,,,,,,,,,,,0.0,0.0,0,0.0,0.038744,24.8103,56.040899653979245,0,0.0,0.0,0.0,0.0,0.0,nan
3593,13.1815,77.6825,,,,,,,,,,,0.0,0.0,0,0.0,0.038225,25.1612,56.040899653979245,0,0.0,0.0,0.0,0.0,0.0,nan
3594,13.1815,77.6915,,,,,,,,,,,0.0,0.0,0,0.0,0.037673,25.5443,56.040899653979245,0,0.0,0.0,0.0,0.0,0.0,nan
3595,13.1815,77.7005,,,,,,,,,,,0.0,0.0,0,0.0,0.037094,25.9583,56.040899653979245,0,0.0,0.0,0.0,0.0,0.0,nan
3596,13.1815,77.7095,,,,,,,,,,,0.0,0.0,0,0.0,0.036494,26.4016,56.040899653979245,0,0.0,0.0,0.0,0.0,0.0,nan
3597,13.1815,77.7185,,,,,,,,,,,0.0,0.0,0,0.0,0.035877,26.8728,56.040899653979245,0,0.0,0.0,0.0,0.0,0.0,nan
3598,13.1815,77.7275,,,,,,,,,,,0.0,0.0,0,0.0,0.035248,27.3704,56.040899653979245,0,0.0,0.0,0.0,0.0,0.0,nan
3599,13.1815,77.7365,,,,,,,,,,,0.0,0.0,0,0.0,0.03461,27.8932,56.040899653979245,0,0.0,0.0,0.0,0.0,0.0,nan
3600,13.1815,77.7455,,,,,,,,,,,0.0,0.0,0,0.0,0.033968,28.4396,56.040899653979245,0,72.0,23.0,3.1304,0.0,0.0,nan
3601,13.1815,77.7545,,,,,,,,,,,0.0,0.0,0,0.0,0.033324,29.0083,56.040899653979245,0,0.0,0.0,0.0,0.0,0.0,nan
3602,13.1815,77.7635,,,,,,,,,,,0.0,0.0,0,0.0,0.032682,29.5981,56.040899653979245,0,0.0,0.0,0.0,0.0,0.0,nan
3603,13.1815,77.7725,,,,,,,,,,,0.0,0.0,0,0.0,0.032043,30.2076,56.040899653979245,0,0.0,0.0,0.0,0.0,0.0,nan
3604,13.1815,77.7815,,,,,,,,,,,0.0,0.0,0,0.0,0.031411,30.8359,56.040899653979245,0,0.0,0.0,0.0,0.0,0.0,nan
3605,13.1815,77.7905,,,,,,,,,,,0.0,0.0,0,0.0,0.030787,31.4816,56.040899653979245,0,0.0,0.0,0.0,0.0,0.0,nan
3606,13.1815,77.7995,,,,,,,,,,,0.0,0.0,0,0.0,0.030172,32.1438,56.040899653979245,0,0.0,0.0,0.0,0.0,0.0,nan
3607,13.1815,77.8085,,,,,,,,,,,0.0,0.0,0,0.0,0.029567,32.8215,56.040899653979245,0,0.0,0.0,0.0,0.0,0.0,nan
3608,13.1815,77.8175,,,,,,,,,,,0.0,0.0,0,0.0,0.028974,33.5137,56.040899653979245,0,0.0,0.0,0.0,0.0,0.0,nan
3609,13.1815,77.8265,,,,,,,,,,,0.0,0.0,0,0.0,0.028393,34.2195,56.040899653979245,0,0.0,0.0,0.0,0.0,0.0,nan
3610,13.1815,77.8355,,,,,,,,,,,0.0,0.0,0,0.0,0.027826,34.9382,56.040899653979245,0,0.0,0.0,0.0,0.0,0.0,nan
3611,13.1815,77.8445,,,,,,,,,,,0.0,0.0,0,0.0,0.027271,35.6689,56.040899653979245,0,0.0,0.0,0.0,0.0,0.0,nan
3612,13.1815,77.8535,,,,,,,,,,,0.0,0.0,0,0.0,0.02673,36.411,56.040899653979245,0,0.0,0.0,0.0,0.0,0.0,nan
3613,13.1815,77.8625,,,,,,,,,,,0.0,0.0,0,0.0,0.026203,37.1637,56.040899653979245,0,0.0,0.0,0.0,0.0,0.0,nan
3614,13.1815,77.8715,,,,,,,,,,,0.0,0.0,0,0.0,0.02569,37.9264,56.040899653979245,0,0.0,0.0,0.0,0.0,0.0,nan
3615,13.1815,77.8805,,,,,,,,,,,0.0,0.0,0,0.0,0.02519,38.6985,56.040899653979245,0,0.0,0.0,0.0,0.0,0.0,nan
3616,13.1815,77.8895,,,,,,,,,,,0.0,0.0,0,0.0,0.024704,39.4795,56.040899653979245,0,0.0,0.0,0.0,0.0,0.0,nan
3617,13.1815,77.8985,,,,,,,,,,,0.0,0.0,0,0.0,0.024231,40.2688,56.040899653979245,0,0.0,0.0,0.0,0.0,0.0,nan
3618,13.1905,77.3045,,,,,,,,,,,0.0,0.0,0,0.0,0.024591,39.6649,56.040899653979245,0,0.0,0.0,0.0,0.0,0.0,nan
3619,13.1905,77.3135,,,,,,,,,,,0.0,0.0,0,0.0,0.025062,38.9007,56.040899653979245,0,0.0,0.0,0.0,0.0,0.0,nan
3620,13.1905,77.3225,,,,,,,,,,,0.0,0.0,0,0.0,0.025545,38.146,56.040899653979245,0,0.0,0.0,0.0,0.0,0.0,nan
3621,13.1905,77.3315,,,,,,,,,,,0.0,0.0,0,0.0,0.026041,37.4013,56.040899653979245,0,0.0,0.0,0.0,0.0,0.0,nan
3622,13.1905,77.3405,,,,,,,,,,,0.0,0.0,0,0.0,0.026548,36.6673,56.040899653979245,0,0.0,0.0,0.0,0.0,0.0,nan
3623,13.1905,77.3495,,,,,,,,,,,0.0,0.0,0,0.0,0.027067,35.9447,56.040899653979245,0,0.0,0.0,0.0,0.0,0.0,nan
3624,13.1905,77.3585,,,,,,,,,,,0.0,0.0,0,0.0,0.027598,35.234,56.040899653979245,0,0.0,0.0,0.0,0.0,0.0,nan
3625,13.1905,77.3675,,,,,,,,,,,0.0,0.0,0,0.0,0.02814,34.5362,56.040899653979245,0,0.0,0.0,0.0,0.0,0.0,nan
3626,13.1905,77.3765,,,,,,,,,,,0.0,0.0,0,0.0,0.028693,33.8519,56.040899653979245,0,0.0,0.0,0.0,0.0,0.0,nan
3627,13.1905,77.3855,,,,,,,,,,,0.0,0.0,0,0.0,0.029255,33.182,56.040899653979245,0,0.0,0.0,0.0,0.0,0.0,nan
3628,13.1905,77.3945,,,,,,,,,,,0.0,0.0,0,0.0,0.029826,32.5274,56.040899653979245,0,0.0,0.0,0.0,0.0,0.0,nan
3629,13.1905,77.4035,,,,,,,,,,,0.0,0.0,0,0.0,0.030405,31.8891,56.040899653979245,0,0.0,0.0,0.0,0.0,0.0,nan
3630,13.1905,77.4125,,,,,,,,,,,0.0,0.0,0,0.0,0.030991,31.2679,56.040899653979245,0,1.0,1.0,1.0,0.0,0.0,nan
3631,13.1905,77.4215,,,,,,,,,,,0.0,0.0,0,0.0,0.031581,30.6651,56.040899653979245,0,0.0,0.0,0.0,0.0,0.0,nan
3632,13.1905,77.4305,,,,,,,,,,,0.0,0.0,0,0.0,0.032173,30.0816,56.040899653979245,0,0.0,0.0,0.0,0.0,0.0,nan
3633,13.1905,77.4395,,,,,,,,,,,0.0,0.0,0,0.0,0.032767,29.5186,56.040899653979245,0,0.0,0.0,0.0,0.0,0.0,nan
3634,13.1905,77.4485,,,,,,,,,,,0.0,0.0,0,0.0,0.033358,28.9774,56.040899653979245,0,0.0,0.0,0.0,0.0,0.0,nan
3635,13.1905,77.4575,,,,,,,,,,,0.0,0.0,0,0.0,0.033945,28.4591,56.040899653979245,0,0.0,0.0,0.0,0.0,0.0,nan
3636,13.1905,77.4665,,,,,,,,,,,0.0,0.0,0,0.0,0.034524,27.965,56.040899653979245,0,0.0,0.0,0.0,0.0,0.0,nan
3637,13.1905,77.4755,,,,,,,,,,,0.0,0.0,0,0.0,0.035092,27.4965,56.040899653979245,0,0.0,0.0,0.0,0.0,0.0,nan
3638,13.1905,77.4845,,,,,,,,,,,0.0,0.0,0,0.0,0.035644,27.0549,56.040899653979245,0,0.0,0.0,0.0,0.0,0.0,nan
3639,13.1905,77.4935,,,,,,,,,,,0.0,0.0,0,0.0,0.036178,26.6414,56.040899653979245,0,0.0,0.0,0.0,0.0,0.0,nan
3640,13.1905,77.5025,,,,,,,,,,,0.0,0.0,0,0.0,0.036687,26.2575,56.040899653979245,0,7348.0,59.0,124.5424,0.0,0.0,nan
3641,13.1905,77.5115,,,,,,,,,,,0.0,0.0,0,0.0,0.037169,25.9045,56.040899653979245,0,0.0,0.0,0.0,0.0,0.0,nan
3642,13.1905,77.5205,,,,,,,,,,,0.0,0.0,0,0.0,0.037617,25.5835,56.040899653979245,0,0.0,0.0,0.0,0.0,0.0,nan
3643,13.1905,77.5295,,,,,,,,,,,0.0,0.0,0,0.0,0.038029,25.296,56.040899653979245,0,0.0,0.0,0.0,0.0,0.0,nan
3644,13.1905,77.5385,,,,,,,,,,,0.0,0.0,0,0.0,0.038398,25.0429,56.040899653979245,0,0.0,0.0,0.0,0.0,0.0,nan
3645,13.1905,77.5475,,,,,,,,,,,0.0,0.0,0,0.0,0.038722,24.8253,56.040899653979245,0,0.0,0.0,0.0,0.0,0.0,nan
3646,13.1905,77.5565,,,,,,,,,,,0.0,0.0,0,0.0,0.038995,24.6443,56.040899653979245,0,0.0,0.0,0.0,0.0,0.0,nan
3647,13.1905,77.5655,,,,,,,,,,,0.0,0.0,0,0.0,0.039215,24.5006,56.040899653979245,0,0.0,0.0,0.0,0.0,0.0,nan
3648,13.1905,77.5745,,,,,,,,,,,0.0,0.0,0,0.0,0.039378,24.3948,56.040899653979245,0,0.0,0.0,0.0,0.0,0.0,nan
3649,13.1905,77.5835,,,,,,,,,,,0.0,0.0,0,0.0,0.039483,24.3275,56.040899653979245,0,0.0,0.0,0.0,0.0,0.0,nan
3650,13.1905,77.5925,,,,,,,,,,,0.0,0.0,0,0.0,0.039527,24.299,56.040899653979245,0,541.0,85.0,6.3647,0.0,0.0,nan
3651,13.1905,77.6015,,,,,,,,,,,0.0,0.0,0,0.0,0.039511,24.3093,56.040899653979245,0,0.0,0.0,0.0,0.0,0.0,nan
3652,13.1905,77.6105,,,,,,,,,,,0.0,0.0,0,0.0,0.039434,24.3586,56.040899653979245,0,0.0,0.0,0.0,0.0,0.0,nan
3653,13.1905,77.6195,,,,,,,,,,,0.0,0.0,0,0.0,0.039298,24.4465,56.040899653979245,0,0.0,0.0,0.0,0.0,0.0,nan
3654,13.1905,77.6285,,,,,,,,,,,0.0,0.0,0,0.0,0.039105,24.5725,56.040899653979245,0,0.0,0.0,0.0,0.0,0.0,nan
3655,13.1905,77.6375,,,,,,,,,,,0.0,0.0,0,0.0,0.038856,24.7363,56.040899653979245,0,0.0,0.0,0.0,0.0,0.0,nan
3656,13.1905,77.6465,,,,,,,,,,,0.0,0.0,0,0.0,0.038555,24.9369,56.040899653979245,0,0.0,0.0,0.0,0.0,0.0,nan
3657,13.1905,77.6555,,,,,,,,,,,0.0,0.0,0,0.0,0.038207,25.1735,56.040899653979245,0,0.0,0.0,0.0,0.0,0.0,nan
3658,13.1905,77.6645,,,,,,,,,,,0.0,0.0,0,0.0,0.037814,25.4451,56.040899653979245,0,0.0,0.0,0.0,0.0,0.0,nan
3659,13.1905,77.6735,,,,,,,,,,,0.0,0.0,0,0.0,0.037382,25.7506,56.040899653979245,0,0.0,0.0,0.0,0.0,0.0,nan
3660,13.1905,77.6825,,,,,,,,,,,0.0,0.0,0,0.0,0.036916,26.0888,56.040899653979245,0,0.0,0.0,0.0,0.0,0.0,nan
3661,13.1905,77.6915,,,,,,,,,,,0.0,0.0,0,0.0,0.036419,26.4585,56.040899653979245,0,0.0,0.0,0.0,0.0,0.0,nan
3662,13.1905,77.7005,,,,,,,,,,,0.0,0.0,0,0.0,0.035896,26.8583,56.040899653979245,0,0.0,0.0,0.0,0.0,0.0,nan
3663,13.1905,77.7095,,,,,,,,,,,0.0,0.0,0,0.0,0.035352,27.287,56.040899653979245,0,0.0,0.0,0.0,0.0,0.0,nan
3664,13.1905,77.7185,,,,,,,,,,,0.0,0.0,0,0.0,0.034791,27.7431,56.040899653979245,0,0.0,0.0,0.0,0.0,0.0,nan
3665,13.1905,77.7275,,,,,,,,,,,0.0,0.0,0,0.0,0.034217,28.2254,56.040899653979245,0,0.0,0.0,0.0,0.0,0.0,nan
3666,13.1905,77.7365,,,,,,,,,,,0.0,0.0,0,0.0,0.033633,28.7326,56.040899653979245,0,0.0,0.0,0.0,0.0,0.0,nan
3667,13.1905,77.7455,,,,,,,,,,,0.0,0.0,0,0.0,0.033043,29.2633,56.040899653979245,0,0.0,0.0,0.0,0.0,0.0,nan
3668,13.1905,77.7545,,,,,,,,,,,0.0,0.0,0,0.0,0.03245,29.8162,56.040899653979245,0,0.0,0.0,0.0,0.0,0.0,nan
3669,13.1905,77.7635,,,,,,,,,,,0.0,0.0,0,0.0,0.031857,30.3903,56.040899653979245,0,0.0,0.0,0.0,0.0,0.0,nan
3670,13.1905,77.7725,,,,,,,,,,,0.0,0.0,0,0.0,0.031265,30.9842,56.040899653979245,0,1.0,1.0,1.0,0.0,0.0,nan
3671,13.1905,77.7815,,,,,,,,,,,0.0,0.0,0,0.0,0.030678,31.597,56.040899653979245,0,0.0,0.0,0.0,0.0,0.0,nan
3672,13.1905,77.7905,,,,,,,,,,,0.0,0.0,0,0.0,0.030096,32.2274,56.040899653979245,0,0.0,0.0,0.0,0.0,0.0,nan
3673,13.1905,77.7995,,,,,,,,,,,0.0,0.0,0,0.0,0.029521,32.8746,56.040899653979245,0,0.0,0.0,0.0,0.0,0.0,nan
3674,13.1905,77.8085,,,,,,,,,,,0.0,0.0,0,0.0,0.028954,33.5374,56.040899653979245,0,0.0,0.0,0.0,0.0,0.0,nan
3675,13.1905,77.8175,,,,,,,,,,,0.0,0.0,0,0.0,0.028397,34.2151,56.040899653979245,0,0.0,0.0,0.0,0.0,0.0,nan
3676,13.1905,77.8265,,,,,,,,,,,0.0,0.0,0,0.0,0.02785,34.9067,56.040899653979245,0,0.0,0.0,0.0,0.0,0.0,nan
3677,13.1905,77.8355,,,,,,,,,,,0.0,0.0,0,0.0,0.027314,35.6115,56.040899653979245,0,0.0,0.0,0.0,0.0,0.0,nan
3678,13.1905,77.8445,,,,,,,,,,,0.0,0.0,0,0.0,0.026789,36.3286,56.040899653979245,0,0.0,0.0,0.0,0.0,0.0,nan
3679,13.1905,77.8535,,,,,,,,,,,0.0,0.0,0,0.0,0.026276,37.0574,56.040899653979245,0,0.0,0.0,0.0,0.0,0.0,nan
3680,13.1905,77.8625,,,,,,,,,,,0.0,0.0,0,0.0,0.025775,37.7972,56.040899653979245,0,0.0,0.0,0.0,0.0,0.0,nan
3681,13.1905,77.8715,,,,,,,,,,,0.0,0.0,0,0.0,0.025286,38.5473,56.040899653979245,0,0.0,0.0,0.0,0.0,0.0,nan
3682,13.1905,77.8805,,,,,,,,,,,0.0,0.0,0,0.0,0.02481,39.3071,56.040899653979245,0,0.0,0.0,0.0,0.0,0.0,nan
3683,13.1905,77.8895,,,,,,,,,,,0.0,0.0,0,0.0,0.024345,40.0762,56.040899653979245,0,0.0,0.0,0.0,0.0,0.0,nan
3684,13.1905,77.8985,,,,,,,,,,,0.0,0.0,0,0.0,0.023893,40.8539,56.040899653979245,0,0.0,0.0,0.0,0.0,0.0,nan
3685,13.1995,77.3045,,,,,,,,,,,0.0,0.0,0,0.0,0.024223,40.2837,56.040899653979245,0,0.0,0.0,0.0,0.0,0.0,nan
3686,13.1995,77.3135,,,,,,,,,,,0.0,0.0,0,0.0,0.024672,39.5315,56.040899653979245,0,0.0,0.0,0.0,0.0,0.0,nan
3687,13.1995,77.3225,,,,,,,,,,,0.0,0.0,0,0.0,0.025133,38.7891,56.040899653979245,0,0.0,0.0,0.0,0.0,0.0,nan
3688,13.1995,77.3315,,,,,,,,,,,0.0,0.0,0,0.0,0.025604,38.0571,56.040899653979245,0,0.0,0.0,0.0,0.0,0.0,nan
3689,13.1995,77.3405,,,,,,,,,,,0.0,0.0,0,0.0,0.026085,37.3361,56.040899653979245,0,0.0,0.0,0.0,0.0,0.0,nan
3690,13.1995,77.3495,,,,,,,,,,,0.0,0.0,0,0.0,0.026577,36.6267,56.040899653979245,0,0.0,0.0,0.0,0.0,0.0,nan
3691,13.1995,77.3585,,,,,,,,,,,0.0,0.0,0,0.0,0.027079,35.9296,56.040899653979245,0,0.0,0.0,0.0,0.0,0.0,nan
3692,13.1995,77.3675,,,,,,,,,,,0.0,0.0,0,0.0,0.02759,35.2456,56.040899653979245,0,0.0,0.0,0.0,0.0,0.0,nan
3693,13.1995,77.3765,,,,,,,,,,,0.0,0.0,0,0.0,0.028109,34.5754,56.040899653979245,0,0.0,0.0,0.0,0.0,0.0,nan
3694,13.1995,77.3855,,,,,,,,,,,0.0,0.0,0,0.0,0.028637,33.9198,56.040899653979245,0,0.0,0.0,0.0,0.0,0.0,nan
3695,13.1995,77.3945,,,,,,,,,,,0.0,0.0,0,0.0,0.029172,33.2798,56.040899653979245,0,0.0,0.0,0.0,0.0,0.0,nan
3696,13.1995,77.4035,,,,,,,,,,,0.0,0.0,0,0.0,0.029712,32.6562,56.040899653979245,0,0.0,0.0,0.0,0.0,0.0,nan
3697,13.1995,77.4125,,,,,,,,,,,0.0,0.0,0,0.0,0.030257,32.05,56.040899653979245,0,0.0,0.0,0.0,0.0,0.0,nan
3698,13.1995,77.4215,,,,,,,,,,,0.0,0.0,0,0.0,0.030805,31.4621,56.040899653979245,0,0.0,0.0,0.0,0.0,0.0,nan
3699,13.1995,77.4305,,,,,,,,,,,0.0,0.0,0,0.0,0.031354,30.8937,56.040899653979245,0,0.0,0.0,0.0,0.0,0.0,nan
3700,13.1995,77.4395,,,,,,,,,,,0.0,0.0,0,0.0,0.031902,30.3459,56.040899653979245,0,5.0,5.0,1.0,0.0,0.0,nan
3701,13.1995,77.4485,,,,,,,,,,,0.0,0.0,0,0.0,0.032447,29.8197,56.040899653979245,0,0.0,0.0,0.0,0.0,0.0,nan
3702,13.1995,77.4575,,,,,,,,,,,0.0,0.0,0,0.0,0.032985,29.3164,56.040899653979245,0,0.0,0.0,0.0,0.0,0.0,nan
3703,13.1995,77.4665,,,,,,,,,,,0.0,0.0,0,0.0,0.033515,28.837,56.040899653979245,0,0.0,0.0,0.0,0.0,0.0,nan
3704,13.1995,77.4755,,,,,,,,,,,0.0,0.0,0,0.0,0.034033,28.3829,56.040899653979245,0,0.0,0.0,0.0,0.0,0.0,nan
3705,13.1995,77.4845,,,,,,,,,,,0.0,0.0,0,0.0,0.034536,27.9553,56.040899653979245,0,0.0,0.0,0.0,0.0,0.0,nan
3706,13.1995,77.4935,,,,,,,,,,,0.0,0.0,0,0.0,0.03502,27.5554,56.040899653979245,0,0.0,0.0,0.0,0.0,0.0,nan
3707,13.1995,77.5025,,,,,,,,,,,0.0,0.0,0,0.0,0.03548,27.1845,56.040899653979245,0,0.0,0.0,0.0,0.0,0.0,nan
3708,13.1995,77.5115,,,,,,,,,,,0.0,0.0,0,0.0,0.035915,26.8436,56.040899653979245,0,0.0,0.0,0.0,0.0,0.0,nan
3709,13.1995,77.5205,,,,,,,,,,,0.0,0.0,0,0.0,0.036319,26.5341,56.040899653979245,0,0.0,0.0,0.0,0.0,0.0,nan
3710,13.1995,77.5295,,,,,,,,,,,0.0,0.0,0,0.0,0.036688,26.2569,56.040899653979245,0,62.0,31.0,2.0,0.0,0.0,nan
3711,13.1995,77.5385,,,,,,,,,,,0.0,0.0,0,0.0,0.037019,26.0132,56.040899653979245,0,0.0,0.0,0.0,0.0,0.0,nan
3712,13.1995,77.5475,,,,,,,,,,,0.0,0.0,0,0.0,0.037308,25.8039,56.040899653979245,0,0.0,0.0,0.0,0.0,0.0,nan
3713,13.1995,77.5565,,,,,,,,,,,0.0,0.0,0,0.0,0.037552,25.6298,56.040899653979245,0,0.0,0.0,0.0,0.0,0.0,nan
3714,13.1995,77.5655,,,,,,,,,,,0.0,0.0,0,0.0,0.037748,25.4916,56.040899653979245,0,0.0,0.0,0.0,0.0,0.0,nan
3715,13.1995,77.5745,,,,,,,,,,,0.0,0.0,0,0.0,0.037893,25.39,56.040899653979245,0,0.0,0.0,0.0,0.0,0.0,nan
3716,13.1995,77.5835,,,,,,,,,,,0.0,0.0,0,0.0,0.037986,25.3253,56.040899653979245,0,0.0,0.0,0.0,0.0,0.0,nan
3717,13.1995,77.5925,,,,,,,,,,,0.0,0.0,0,0.0,0.038026,25.2979,56.040899653979245,0,0.0,0.0,0.0,0.0,0.0,nan
3718,13.1995,77.6015,,,,,,,,,,,0.0,0.0,0,0.0,0.038011,25.3079,56.040899653979245,0,0.0,0.0,0.0,0.0,0.0,nan
3719,13.1995,77.6105,,,,,,,,,,,0.0,0.0,0,0.0,0.037943,25.3552,56.040899653979245,0,0.0,0.0,0.0,0.0,0.0,nan
3720,13.1995,77.6195,,,,,,,,,,,0.0,0.0,0,0.0,0.037822,25.4396,56.040899653979245,0,0.0,0.0,0.0,0.0,0.0,nan
3721,13.1995,77.6285,,,,,,,,,,,0.0,0.0,0,0.0,0.037649,25.5608,56.040899653979245,0,0.0,0.0,0.0,0.0,0.0,nan
3722,13.1995,77.6375,,,,,,,,,,,0.0,0.0,0,0.0,0.037428,25.7182,56.040899653979245,0,0.0,0.0,0.0,0.0,0.0,nan
3723,13.1995,77.6465,,,,,,,,,,,0.0,0.0,0,0.0,0.037159,25.9112,56.040899653979245,0,0.0,0.0,0.0,0.0,0.0,nan
3724,13.1995,77.6555,,,,,,,,,,,0.0,0.0,0,0.0,0.036847,26.139,56.040899653979245,0,0.0,0.0,0.0,0.0,0.0,nan
3725,13.1995,77.6645,,,,,,,,,,,0.0,0.0,0,0.0,0.036495,26.4007,56.040899653979245,0,0.0,0.0,0.0,0.0,0.0,nan
3726,13.1995,77.6735,,,,,,,,,,,0.0,0.0,0,0.0,0.036107,26.6952,56.040899653979245,0,0.0,0.0,0.0,0.0,0.0,nan
3727,13.1995,77.6825,,,,,,,,,,,0.0,0.0,0,0.0,0.035687,27.0216,56.040899653979245,0,0.0,0.0,0.0,0.0,0.0,nan
3728,13.1995,77.6915,,,,,,,,,,,0.0,0.0,0,0.0,0.035238,27.3786,56.040899653979245,0,0.0,0.0,0.0,0.0,0.0,nan
3729,13.1995,77.7005,,,,,,,,,,,0.0,0.0,0,0.0,0.034764,27.7652,56.040899653979245,0,0.0,0.0,0.0,0.0,0.0,nan
3730,13.1995,77.7095,,,,,,,,,,,0.0,0.0,0,0.0,0.03427,28.18,56.040899653979245,0,356.0,49.0,7.2653,0.0,0.0,nan
3731,13.1995,77.7185,,,,,,,,,,,0.0,0.0,0,0.0,0.033759,28.6219,56.040899653979245,0,0.0,0.0,0.0,0.0,0.0,nan
3732,13.1995,77.7275,,,,,,,,,,,0.0,0.0,0,0.0,0.033234,29.0896,56.040899653979245,0,0.0,0.0,0.0,0.0,0.0,nan
3733,13.1995,77.7365,,,,,,,,,,,0.0,0.0,0,0.0,0.032699,29.5819,56.040899653979245,0,0.0,0.0,0.0,0.0,0.0,nan
3734,13.1995,77.7455,,,,,,,,,,,0.0,0.0,0,0.0,0.032157,30.0976,56.040899653979245,0,0.0,0.0,0.0,0.0,0.0,nan
3735,13.1995,77.7545,,,,,,,,,,,0.0,0.0,0,0.0,0.03161,30.6355,56.040899653979245,0,0.0,0.0,0.0,0.0,0.0,nan
3736,13.1995,77.7635,,,,,,,,,,,0.0,0.0,0,0.0,0.031061,31.1944,56.040899653979245,0,0.0,0.0,0.0,0.0,0.0,nan
3737,13.1995,77.7725,,,,,,,,,,,0.0,0.0,0,0.0,0.030513,31.7733,56.040899653979245,0,0.0,0.0,0.0,0.0,0.0,nan
3738,13.1995,77.7815,,,,,,,,,,,0.0,0.0,0,0.0,0.029966,32.371,56.040899653979245,0,0.0,0.0,0.0,0.0,0.0,nan
3739,13.1995,77.7905,,,,,,,,,,,0.0,0.0,0,0.0,0.029423,32.9867,56.040899653979245,0,0.0,0.0,0.0,0.0,0.0,nan
3740,13.1995,77.7995,,,,,,,,,,,0.0,0.0,0,0.0,0.028886,33.6191,56.040899653979245,0,0.0,0.0,0.0,0.0,0.0,nan
3741,13.1995,77.8085,,,,,,,,,,,0.0,0.0,0,0.0,0.028355,34.2676,56.040899653979245,0,0.0,0.0,0.0,0.0,0.0,nan
3742,13.1995,77.8175,,,,,,,,,,,0.0,0.0,0,0.0,0.027831,34.931,56.040899653979245,0,0.0,0.0,0.0,0.0,0.0,nan
3743,13.1995,77.8265,,,,,,,,,,,0.0,0.0,0,0.0,0.027316,35.6087,56.040899653979245,0,0.0,0.0,0.0,0.0,0.0,nan
3744,13.1995,77.8355,,,,,,,,,,,0.0,0.0,0,0.0,0.02681,36.2998,56.040899653979245,0,0.0,0.0,0.0,0.0,0.0,nan
3745,13.1995,77.8445,,,,,,,,,,,0.0,0.0,0,0.0,0.026313,37.0035,56.040899653979245,0,0.0,0.0,0.0,0.0,0.0,nan
3746,13.1995,77.8535,,,,,,,,,,,0.0,0.0,0,0.0,0.025827,37.7192,56.040899653979245,0,0.0,0.0,0.0,0.0,0.0,nan
3747,13.1995,77.8625,,,,,,,,,,,0.0,0.0,0,0.0,0.025351,38.4462,56.040899653979245,0,0.0,0.0,0.0,0.0,0.0,nan
3748,13.1995,77.8715,,,,,,,,,,,0.0,0.0,0,0.0,0.024886,39.1838,56.040899653979245,0,0.0,0.0,0.0,0.0,0.0,nan
3749,13.1995,77.8805,,,,,,,,,,,0.0,0.0,0,0.0,0.024431,39.9315,56.040899653979245,0,0.0,0.0,0.0,0.0,0.0,nan
3750,13.1995,77.8895,,,,,,,,,,,0.0,0.0,0,0.0,0.023987,40.6887,56.040899653979245,0,0.0,0.0,0.0,0.0,0.0,nan
3751,13.1995,77.8985,,,,,,,,,,,0.0,0.0,0,0.0,0.023554,41.4549,56.040899653979245,0,0.0,0.0,0.0,0.0,0.0,nan
