cell_id,ndvi_2015,ndvi_2018,ndvi_2021,ndvi_2024,ndvi_change_2015_2018,ndvi_change_2018_2021,ndvi_change_2021_2024,ndvi_total_change
0,0.7795,0.113,0.5839,0.2955,-0.6665,0.4709,-0.2884,-0.484
1,0.8419,0.2557,0.0966,0.0403,-0.5862,-0.15909999999999996,-0.0563,-0.8016
2,0.6837,0.3322,0.4778,0.2408,-0.3515,0.1456,-0.23700000000000002,-0.44289999999999996
3,0.7925,0.0146,0.3895,0.3282,-0.7779,0.3749,-0.06130000000000002,-0.4643
4,0.6117,0.1946,0.3476,0.3024,-0.4171,0.15300000000000002,-0.04520000000000002,-0.3093
5,0.6686,0.0262,0.2459,0.3425,-0.6424,0.2197,0.09660000000000002,-0.32609999999999995
6,0.7601,0.2606,0.2977,0.1925,-0.4995,0.03710000000000002,-0.10520000000000002,-0.5676
7,0.7085,0.3387,0.6991,0.4097,-0.3698,0.36040000000000005,-0.28940000000000005,-0.2988
8,0.5908,0.2503,0.5071,0.292,-0.34049999999999997,0.2568,-0.2151,-0.2988
9,0.693,0.1801,0.3877,0.3131,-0.5128999999999999,0.20759999999999998,-0.0746,-0.37989999999999996
10,0.5061,0.2528,0.1571,0.0961,-0.25329999999999997,-0.09570000000000004,-0.060999999999999985,-0.41
11,0.8011,0.2957,0.1449,0.1236,-0.5054000000000001,-0.15080000000000002,-0.0213,-0.6775
12,0.8913,0.1185,0.7986,0.4482,-0.7727999999999999,0.6800999999999999,-0.3504,-0.4431
13,0.853,0.2557,0.2329,0.2346,-0.5972999999999999,-0.022799999999999987,0.001700000000000007,-0.6184
14,0.6803,0.4902,0.5285,0.3492,-0.1901,0.038299999999999945,-0.17929999999999996,-0.3311
15,0.7095,,,,,,,
16,0.7885,,,,,,,
17,0.719,,,,,,,
18,0.8067,,,,,,,
19,0.6909,,,,,,,
20,0.858,,,,,,,
21,0.7169,,,,,,,
22,0.5258,,,,,,,
23,0.5565,,,,,,,
24,0.8204,,,,,,,
25,0.5128,,,,,,,
26,0.7354,,,,,,,
27,0.8161,,,,,,,
28,0.7903,,,,,,,
29,0.7517,,,,,,,
30,0.7868,,,,,,,
31,0.8032,,,,,,,
32,0.7383,,,,,,,
33,0.6144,,,,,,,
34,0.7665,,,,,,,
35,0.7847,,,,,,,
36,0.6982,,,,,,,
37,0.4997,,,,,,,
38,0.4536,,,,,,,
39,0.5414,,,,,,,
40,0.4609,,,,,,,
41,0.4028,,,,,,,
42,0.4564,,,,,,,
43,0.6169,,,,,,,
44,0.4687,,,,,,,
45,0.3907,,,,,,,
46,0.5234,,,,,,,
47,0.4184,,,,,,,
48,0.6447,,,,,,,
49,0.4553,,,,,,,
50,0.2797,,,,,,,
51,0.2348,,,,,,,
52,0.4503,,,,,,,
53,0.536,,,,,,,
54,0.4756,,,,,,,
55,0.7083,,,,,,,
56,0.6904,,,,,,,
57,0.3802,,,,,,,
58,0.423,,,,,,,
59,0.32,,,,,,,
60,0.3968,,,,,,,
61,0.6641,,,,,,,
62,0.6286,,,,,,,
63,0.6478,,,,,,,
64,0.2799,,,,,,,
65,0.7731,,,,,,,
66,0.5382,,,,,,,
67,0.3803,0.1314,0.5016,0.3109,-0.24890000000000004,0.3702000000000001,-0.19070000000000004,-0.06940000000000002
68,0.3968,0.4878,0.3971,0.243,0.09100000000000003,-0.0907,-0.15410000000000001,-0.1538
69,0.8028,0.4198,0.3488,0.1666,-0.38299999999999995,-0.07100000000000001,-0.1822,-0.6362
70,0.573,0.3192,0.6219,0.1671,-0.25379999999999997,0.3027,-0.4548,-0.4058999999999999
71,0.6411,0.1791,0.5346,0.3225,-0.46199999999999997,0.3554999999999999,-0.21209999999999996,-0.3186
72,0.6516,0.3359,0.3069,0.1528,-0.3157,-0.02899999999999997,-0.15410000000000001,-0.49879999999999997
73,0.6755,0.3299,0.4139,0.1003,-0.34559999999999996,0.08399999999999996,-0.3136,-0.5751999999999999
74,0.6129,0.2499,0.515,0.1966,-0.363,0.2651,-0.3184,-0.4163
75,0.4714,0.3217,0.4361,0.0734,-0.1497,0.1144,-0.36269999999999997,-0.39799999999999996
76,0.626,0.1258,0.4546,0.4926,-0.5002,0.3288,0.03799999999999998,-0.13340000000000002
77,0.7658,0.1842,0.5113,0.1366,-0.5816,0.32709999999999995,-0.3747,-0.6292
78,0.5312,0.4077,0.6986,0.435,-0.1235,0.2909,-0.2636,-0.09620000000000001
79,0.6203,0.5452,0.7577,0.4743,-0.07509999999999994,0.21250000000000002,-0.28340000000000004,-0.14599999999999996
80,0.801,0.4662,0.5902,0.4069,-0.33480000000000004,0.12399999999999994,-0.18329999999999996,-0.39410000000000006
81,0.7238,0.5511,0.4677,0.3059,-0.17269999999999996,-0.08340000000000003,-0.1618,-0.4179
82,0.8816,,,,,,,
83,0.7711,,,,,,,
84,0.2145,,,,,,,
85,0.4367,,,,,,,
86,0.6708,,,,,,,
87,0.5525,,,,,,,
88,0.7826,,,,,,,
89,0.3837,,,,,,,
90,0.3943,,,,,,,
91,0.2552,,,,,,,
92,0.7475,,,,,,,
93,0.7594,,,,,,,
94,0.8262,,,,,,,
95,0.6778,,,,,,,
96,0.6923,,,,,,,
97,0.416,,,,,,,
98,0.4437,,,,,,,
99,0.6729,,,,,,,
100,0.5535,,,,,,,
101,0.7385,,,,,,,
102,0.7369,,,,,,,
103,0.829,,,,,,,
104,0.6066,,,,,,,
105,0.5623,,,,,,,
106,0.3802,,,,,,,
107,0.7532,,,,,,,
108,0.3612,,,,,,,
109,0.4275,,,,,,,
110,0.3045,,,,,,,
111,0.5053,,,,,,,
112,0.5772,,,,,,,
113,0.6297,,,,,,,
114,0.6043,,,,,,,
115,0.4445,,,,,,,
116,0.2743,,,,,,,
117,0.7563,,,,,,,
118,0.4921,,,,,,,
119,0.4963,,,,,,,
120,0.3548,,,,,,,
121,0.5516,,,,,,,
122,0.3298,,,,,,,
123,0.5787,,,,,,,
124,0.6304,,,,,,,
125,0.1856,,,,,,,
126,0.5991,,,,,,,
127,0.5785,,,,,,,
128,0.4963,,,,,,,
129,0.4522,,,,,,,
130,0.5853,,,,,,,
131,0.6132,,,,,,,
132,0.6345,,,,,,,
133,0.356,,,,,,,
134,0.5851,0.5819,0.2227,0.1439,-0.0031999999999999806,-0.35919999999999996,-0.07880000000000001,-0.4411999999999999
135,0.7638,0.4178,0.5229,0.4617,-0.34600000000000003,0.10510000000000003,-0.06120000000000003,-0.30210000000000004
136,0.608,0.5808,0.3633,0.1498,-0.027200000000000002,-0.21749999999999997,-0.21350000000000002,-0.4582
137,0.768,0.4044,-0.0004,0.0258,-0.36360000000000003,-0.4048,0.0262,-0.7422
138,0.5852,0.2219,0.7381,0.1091,-0.36330000000000007,0.5162,-0.629,-0.4761000000000001
139,0.6741,0.1977,0.3224,0.1696,-0.47640000000000005,0.12470000000000003,-0.15280000000000002,-0.5045000000000001
140,0.6389,0.1374,0.2073,0.0779,-0.5015000000000001,0.06990000000000002,-0.12940000000000002,-0.561
141,0.3348,0.2733,0.5106,0.2102,-0.0615,0.23730000000000007,-0.30040000000000006,-0.12459999999999999
142,0.4123,0.219,0.7109,0.1855,-0.1933,0.4919,-0.5254,-0.2268
143,0.7144,0.2,0.3536,0.1729,-0.5144,0.15360000000000001,-0.18070000000000003,-0.5415000000000001
144,0.7485,0.2617,0.5726,0.4278,-0.48680000000000007,0.3109,-0.14479999999999998,-0.32070000000000004
145,0.816,0.2329,0.1519,0.1124,-0.5831,-0.08099999999999999,-0.03950000000000001,-0.7036
146,0.8346,0.3457,0.5172,0.3409,-0.4889,0.17149999999999999,-0.1763,-0.4937
147,0.7,0.2366,0.4882,0.3626,-0.4633999999999999,0.25160000000000005,-0.12560000000000004,-0.3374
148,0.6172,-0.0047,0.681,0.2876,-0.6219,0.6857000000000001,-0.3934,-0.32959999999999995
149,0.389,,,,,,,
150,0.6991,,,,,,,
151,0.8052,,,,,,,
152,0.6588,,,,,,,
153,0.7967,,,,,,,
154,0.5508,,,,,,,
155,0.5985,,,,,,,
156,0.3319,,,,,,,
157,0.2089,,,,,,,
158,0.801,,,,,,,
159,0.4249,,,,,,,
160,0.6057,,,,,,,
161,0.5986,,,,,,,
162,0.8128,,,,,,,
163,0.7377,,,,,,,
164,0.3388,,,,,,,
165,0.5737,,,,,,,
166,0.6233,,,,,,,
167,0.6362,,,,,,,
168,0.6913,,,,,,,
169,0.4906,,,,,,,
170,0.5898,,,,,,,
171,0.2548,,,,,,,
172,0.3928,,,,,,,
173,0.4991,,,,,,,
174,0.5911,,,,,,,
175,0.635,,,,,,,
176,0.7696,,,,,,,
177,0.4443,,,,,,,
178,0.5488,,,,,,,
179,0.7176,,,,,,,
180,0.5819,,,,,,,
181,0.6894,,,,,,,
182,0.6579,,,,,,,
183,0.6034,,,,,,,
184,0.5778,,,,,,,
185,-0.0681,,,,,,,
186,0.5855,,,,,,,
187,0.5875,,,,,,,
188,0.5392,,,,,,,
189,0.5029,,,,,,,
190,0.2065,,,,,,,
191,0.3076,,,,,,,
192,0.6806,,,,,,,
193,0.4059,,,,,,,
194,0.4481,,,,,,,
195,0.2149,,,,,,,
196,0.2573,,,,,,,
197,0.5798,,,,,,,
198,0.696,,,,,,,
199,0.3089,,,,,,,
200,0.6027,,,,,,,
201,0.7721,0.6123,0.3629,0.3277,-0.15980000000000005,-0.24939999999999996,-0.03520000000000001,-0.4444
202,0.5825,0.6357,0.4599,0.2266,0.053200000000000025,-0.17580000000000007,-0.23329999999999998,-0.3559
203,0.7711,0.4951,0.3942,0.1684,-0.276,-0.10089999999999999,-0.2258,-0.6027
204,0.8255,0.1235,0.1663,0.2306,-0.702,0.042800000000000005,0.0643,-0.5949
205,0.4797,0.1704,0.2515,0.0976,-0.3093,0.0811,-0.15389999999999998,-0.3821
206,0.4144,0.2309,0.5933,0.1659,-0.1835,0.36240000000000006,-0.42740000000000006,-0.2485
207,0.5777,0.1144,-0.0038,0.0227,-0.4633,-0.1182,0.026500000000000003,-0.5549999999999999
208,0.5283,0.1344,0.3004,0.0991,-0.39390000000000003,0.166,-0.2013,-0.4292
209,0.5273,0.1348,0.2083,0.0487,-0.39249999999999996,0.07350000000000001,-0.15960000000000002,-0.47859999999999997
210,0.7595,0.151,0.6345,0.3396,-0.6084999999999999,0.48349999999999993,-0.29489999999999994,-0.41989999999999994
211,0.467,0.1737,0.2911,0.2159,-0.2933,0.11740000000000003,-0.07520000000000002,-0.2511
212,0.8321,0.1101,0.3965,0.3428,-0.722,0.2864,-0.053700000000000025,-0.48929999999999996
213,0.8896,0.4129,0.8456,0.4376,-0.47669999999999996,0.43270000000000003,-0.40800000000000003,-0.45199999999999996
214,0.8211,0.4993,0.5164,0.2747,-0.32180000000000003,0.01709999999999995,-0.24169999999999997,-0.5464
215,0.7585,0.7602,0.815,0.4521,0.0017000000000000348,0.05479999999999996,-0.36289999999999994,-0.30639999999999995
216,0.7828,,,,,,,
217,0.6921,,,,,,,
218,0.5244,,,,,,,
219,0.4566,,,,,,,
220,0.4953,,,,,,,
221,0.7127,,,,,,,
222,0.6844,,,,,,,
223,0.3519,,,,,,,
224,0.5251,,,,,,,
225,0.5466,,,,,,,
226,0.7358,,,,,,,
227,0.7015,,,,,,,
228,0.559,,,,,,,
229,0.7247,,,,,,,
230,0.6293,,,,,,,
231,0.1549,,,,,,,
232,0.6277,,,,,,,
233,0.4161,,,,,,,
234,0.4967,,,,,,,
235,0.3802,,,,,,,
236,0.2117,,,,,,,
237,0.6652,,,,,,,
238,0.4569,,,,,,,
239,0.1804,,,,,,,
240,0.6253,,,,,,,
241,0.4072,,,,,,,
242,0.4515,,,,,,,
243,0.5212,,,,,,,
244,0.3805,,,,,,,
245,0.5977,,,,,,,
246,0.1938,,,,,,,
247,0.2983,,,,,,,
248,0.4386,,,,,,,
249,0.2377,,,,,,,
250,0.7436,,,,,,,
251,0.5832,,,,,,,
252,0.4674,,,,,,,
253,0.6,,,,,,,
254,0.6612,,,,,,,
255,0.7643,,,,,,,
256,0.6816,,,,,,,
257,0.2326,,,,,,,
258,0.4086,,,,,,,
259,0.1754,,,,,,,
260,0.55,,,,,,,
261,0.5092,,,,,,,
262,0.5007,,,,,,,
263,0.5886,,,,,,,
264,0.6593,,,,,,,
265,0.2993,,,,,,,
266,0.5184,,,,,,,
267,0.6486,,,,,,,
268,0.5653,0.6339,0.5322,0.1045,0.0686,-0.10170000000000001,-0.4277,-0.46080000000000004
269,0.6168,0.2908,0.4529,0.2346,-0.326,0.16210000000000002,-0.21830000000000002,-0.3822
270,0.3383,0.153,0.1812,0.1411,-0.1853,0.028200000000000003,-0.0401,-0.1972
271,0.6854,0.3322,0.6614,0.2969,-0.3532,0.3292,-0.3645,-0.3885
272,0.614,0.2879,0.2826,0.1493,-0.3261,-0.005299999999999971,-0.13330000000000003,-0.4647
273,0.6041,0.0513,0.4697,0.1213,-0.5528,0.4184,-0.3484,-0.48279999999999995
274,0.5744,0.1107,-0.0398,0.0374,-0.4637,-0.15050000000000002,0.0772,-0.537
275,0.6001,0.1574,0.0835,0.047,-0.4427,-0.07390000000000001,-0.036500000000000005,-0.5530999999999999
276,0.4255,0.1419,0.1914,0.0661,-0.28359999999999996,0.04949999999999999,-0.12529999999999997,-0.3594
277,0.22,0.1143,0.4465,0.0883,-0.1057,0.3322,-0.3582,-0.13169999999999998
278,0.7841,0.1395,0.2731,0.1115,-0.6446000000000001,0.1336,-0.16160000000000002,-0.6726
279,0.8082,0.1633,0.6914,0.2762,-0.6449,0.5281,-0.4152,-0.532
280,0.8662,0.2755,0.3226,0.307,-0.5907,0.047099999999999975,-0.015600000000000003,-0.5591999999999999
281,0.7495,0.1517,0.1104,0.3961,-0.5978000000000001,-0.0413,0.2857,-0.35340000000000005
282,0.6629,0.4711,0.7908,0.4419,-0.19180000000000003,0.31969999999999993,-0.34889999999999993,-0.22100000000000003
283,0.5572,,,,,,,
284,0.5408,,,,,,,
285,0.7775,,,,,,,
286,0.4725,,,,,,,
287,0.2201,,,,,,,
288,0.5784,,,,,,,
289,0.8398,,,,,,,
290,0.633,,,,,,,
291,0.6624,,,,,,,
292,0.5158,,,,,,,
293,0.6309,,,,,,,
294,0.8468,,,,,,,
295,0.7418,,,,,,,
296,0.6248,,,,,,,
297,0.8661,,,,,,,
298,0.3444,,,,,,,
299,0.465,,,,,,,
300,0.5354,,,,,,,
301,0.2362,,,,,,,
302,0.2859,,,,,,,
303,0.2489,,,,,,,
304,0.5684,,,,,,,
305,0.7864,,,,,,,
306,0.4991,,,,,,,
307,0.5559,,,,,,,
308,0.7014,,,,,,,
309,0.4416,,,,,,,
310,0.577,,,,,,,
311,0.7098,,,,,,,
312,0.5511,,,,,,,
313,0.2702,,,,,,,
314,0.3541,,,,,,,
315,0.4875,,,,,,,
316,0.4621,,,,,,,
317,0.5098,,,,,,,
318,0.5101,,,,,,,
319,0.5284,,,,,,,
320,0.2865,,,,,,,
321,0.3679,,,,,,,
322,0.3269,,,,,,,
323,0.2897,,,,,,,
324,0.6657,,,,,,,
325,0.8686,,,,,,,
326,0.5143,,,,,,,
327,0.421,,,,,,,
328,0.4369,,,,,,,
329,0.2952,,,,,,,
330,0.6219,,,,,,,
331,0.382,,,,,,,
332,0.631,,,,,,,
333,0.5796,,,,,,,
334,0.6053,,,,,,,
335,0.8184,0.3566,0.4572,0.2273,-0.46180000000000004,0.10060000000000002,-0.2299,-0.5911
336,0.8283,0.2279,-0.0915,-0.0013,-0.6004,-0.3194,0.0902,-0.8296
337,0.8156,0.2301,0.245,0.1694,-0.5855,0.014899999999999997,-0.0756,-0.6462
338,0.6594,0.1859,0.4983,0.148,-0.4735,0.3124,-0.35030000000000006,-0.5114
339,0.6667,0.1209,0.4574,0.1881,-0.5458,0.33649999999999997,-0.2693,-0.47859999999999997
340,0.5295,0.1335,0.3574,0.0845,-0.39599999999999996,0.2239,-0.2729,-0.44499999999999995
341,0.204,0.1615,0.8208,0.4161,-0.04249999999999998,0.6593,-0.40469999999999995,0.21210000000000004
342,0.6257,0.1131,0.4433,0.2296,-0.5126000000000001,0.33020000000000005,-0.21370000000000003,-0.3961
343,0.784,0.1685,0.7632,0.3292,-0.6155,0.5947,-0.434,-0.45480000000000004
344,0.683,0.1205,0.5464,0.2902,-0.5625,0.4259,-0.2562,-0.39280000000000004
345,0.7956,0.1654,0.7842,0.2191,-0.6302,0.6188,-0.5651,-0.5765
346,0.8558,0.2094,0.6175,0.3358,-0.6464,0.4081,-0.28170000000000006,-0.52
347,0.8344,0.3645,0.1983,0.1129,-0.46990000000000004,-0.1662,-0.0854,-0.7215
348,0.4783,0.2738,0.4052,0.2411,-0.20450000000000002,0.13140000000000002,-0.1641,-0.2372
349,0.7899,0.5863,0.5269,0.3926,-0.2036,-0.05940000000000001,-0.13430000000000003,-0.39730000000000004
350,0.2857,,,,,,,
351,0.7469,,,,,,,
352,0.5153,,,,,,,
353,0.5896,,,,,,,
354,0.6023,,,,,,,
355,0.4635,,,,,,,
356,0.852,,,,,,,
357,0.8317,,,,,,,
358,0.6959,,,,,,,
359,0.5096,,,,,,,
360,0.7094,,,,,,,
361,0.6319,,,,,,,
362,0.7171,,,,,,,
363,0.808,,,,,,,
364,0.8223,,,,,,,
365,0.8523,,,,,,,
366,0.4058,,,,,,,
367,0.7904,,,,,,,
368,0.7727,,,,,,,
369,0.6122,,,,,,,
370,0.3531,,,,,,,
371,0.5304,,,,,,,
372,0.7006,,,,,,,
373,0.6493,,,,,,,
374,0.5983,,,,,,,
375,0.3839,,,,,,,
376,0.4497,,,,,,,
377,0.2397,,,,,,,
378,0.3039,,,,,,,
379,0.6946,,,,,,,
380,0.6544,,,,,,,
381,0.1973,,,,,,,
382,0.6921,,,,,,,
383,0.5604,,,,,,,
384,0.5366,,,,,,,
385,0.4484,,,,,,,
386,0.4085,,,,,,,
387,0.6905,,,,,,,
388,0.4735,,,,,,,
389,0.545,,,,,,,
390,0.2309,,,,,,,
391,0.4321,,,,,,,
392,0.4662,,,,,,,
393,0.5512,,,,,,,
394,0.3913,,,,,,,
395,0.6796,,,,,,,
396,0.2752,,,,,,,
397,0.4911,,,,,,,
398,0.4497,,,,,,,
399,0.5628,,,,,,,
400,0.5124,,,,,,,
401,0.6893,,,,,,,
402,0.8532,0.4726,0.4143,0.1978,-0.38059999999999994,-0.05830000000000002,-0.2165,-0.6554
403,0.4273,0.1734,0.048,0.0159,-0.2539,-0.1254,-0.032100000000000004,-0.4114
404,0.6878,0.2668,0.7362,0.2061,-0.421,0.4694,-0.5301,-0.48169999999999996
405,0.554,0.2236,0.3969,0.2043,-0.3304,0.17329999999999998,-0.19259999999999997,-0.3497
406,0.7179,0.142,0.2131,0.1755,-0.5759,0.07110000000000002,-0.03760000000000002,-0.5424
407,0.5603,0.1771,0.5387,0.1954,-0.3832,0.3615999999999999,-0.34329999999999994,-0.3649
408,0.7057,0.1175,0.3832,0.191,-0.5882000000000001,0.2657,-0.19219999999999998,-0.5146999999999999
409,0.6146,0.1366,0.6085,0.1777,-0.47800000000000004,0.47190000000000004,-0.43080000000000007,-0.43690000000000007
410,0.7096,0.1912,0.7159,0.2463,-0.5184,0.5246999999999999,-0.4696,-0.46330000000000005
411,0.6119,0.1811,0.3069,0.2615,-0.43079999999999996,0.1258,-0.045399999999999996,-0.3504
412,0.6281,0.0912,0.3364,0.2607,-0.5368999999999999,0.24519999999999997,-0.07569999999999999,-0.3674
413,0.8023,0.1407,0.4042,0.2286,-0.6616,0.2635,-0.1756,-0.5737
414,0.6449,0.2235,0.6662,0.424,-0.4214,0.4427,-0.24220000000000003,-0.22090000000000004
415,0.4528,0.3807,0.7143,0.121,-0.0721,0.33360000000000006,-0.5933,-0.3318
416,0.8487,0.7207,0.7322,0.5495,-0.128,0.011499999999999955,-0.18269999999999997,-0.2992
417,0.5935,,,,,,,
418,0.486,,,,,,,
419,0.5981,,,,,,,
420,0.6944,,,,,,,
421,0.3976,,,,,,,
422,0.725,,,,,,,
423,0.6506,,,,,,,
424,0.605,,,,,,,
425,0.7698,,,,,,,
426,0.7033,,,,,,,
427,0.6435,,,,,,,
428,0.5104,,,,,,,
429,0.6323,,,,,,,
430,0.7493,,,,,,,
431,0.8642,,,,,,,
432,0.7993,,,,,,,
433,0.7415,,,,,,,
434,0.6811,,,,,,,
435,0.4138,,,,,,,
436,0.6329,,,,,,,
437,0.2647,,,,,,,
438,0.7552,,,,,,,
439,0.4553,,,,,,,
440,0.5051,,,,,,,
441,0.2495,,,,,,,
442,0.4791,,,,,,,
443,0.5291,,,,,,,
444,0.4272,,,,,,,
445,0.6334,,,,,,,
446,0.6397,,,,,,,
447,0.5469,,,,,,,
448,0.382,,,,,,,
449,0.5592,,,,,,,
450,0.3573,,,,,,,
451,0.5119,,,,,,,
452,0.759,,,,,,,
453,0.7243,,,,,,,
454,0.6068,,,,,,,
455,0.4256,,,,,,,
456,0.2358,,,,,,,
457,0.4614,,,,,,,
458,0.7317,,,,,,,
459,0.7839,,,,,,,
460,0.4934,,,,,,,
461,0.5137,,,,,,,
462,0.5736,,,,,,,
463,0.3899,,,,,,,
464,0.5537,,,,,,,
465,0.4464,,,,,,,
466,0.6228,,,,,,,
467,0.3173,,,,,,,
468,0.3727,,,,,,,
469,0.6617,0.5361,0.3796,0.1512,-0.12559999999999993,-0.15650000000000003,-0.2284,-0.5105
470,0.514,0.495,0.7476,0.3403,-0.019000000000000017,0.25260000000000005,-0.40730000000000005,-0.17370000000000002
471,0.3432,-0.021,-0.1463,0.0128,-0.3642,-0.12530000000000002,0.15910000000000002,-0.3304
472,0.8093,0.4358,0.6284,0.221,-0.3735,0.19259999999999994,-0.4074,-0.5883
473,0.5918,0.1398,0.1255,0.0467,-0.45199999999999996,-0.014300000000000007,-0.07880000000000001,-0.5451
474,0.6806,0.2132,0.5413,0.206,-0.4674,0.3281,-0.33530000000000004,-0.4746
475,0.4199,0.1527,0.6664,0.2152,-0.2672,0.5137,-0.4512,-0.2047
476,0.7237,0.0829,0.3802,0.1666,-0.6408,0.2973,-0.21359999999999998,-0.5571
477,0.7656,0.1146,0.5054,0.2703,-0.6509999999999999,0.3908,-0.23509999999999998,-0.49529999999999996
478,0.7899,0.1893,0.3708,0.1371,-0.6006,0.18150000000000002,-0.23370000000000002,-0.6528
479,0.5393,0.1262,0.7771,0.3755,-0.4131,0.6509,-0.4016,-0.1638
480,0.725,0.1849,0.4213,0.2015,-0.5401,0.2364,-0.2198,-0.5235
481,0.4693,0.33,0.6107,0.1274,-0.13929999999999998,0.2807,-0.4833,-0.3419
482,0.5715,0.314,0.5875,0.3639,-0.2575,0.2735,-0.22360000000000002,-0.2076
483,0.7257,0.36,0.508,0.2596,-0.3657,0.14800000000000002,-0.2484,-0.4661
484,0.8092,,,,,,,
485,0.7339,,,,,,,
486,0.6061,,,,,,,
487,0.7435,,,,,,,
488,0.7602,,,,,,,
489,0.793,,,,,,,
490,0.7722,,,,,,,
491,0.2838,,,,,,,
492,0.5009,,,,,,,
493,0.7574,,,,,,,
494,0.8233,,,,,,,
495,0.6366,,,,,,,
496,0.8254,,,,,,,
497,0.7656,,,,,,,
498,0.8273,,,,,,,
499,0.6607,,,,,,,
500,0.7723,,,,,,,
501,0.7254,,,,,,,
502,0.3957,,,,,,,
503,0.596,,,,,,,
504,0.3794,,,,,,,
505,0.364,,,,,,,
506,0.2062,,,,,,,
507,0.2484,,,,,,,
508,0.6478,,,,,,,
509,0.3992,,,,,,,
510,0.5613,,,,,,,
511,0.3432,,,,,,,
512,0.578,,,,,,,
513,0.5104,,,,,,,
514,0.6274,,,,,,,
515,0.5754,,,,,,,
516,0.4707,,,,,,,
517,0.5619,,,,,,,
518,0.5575,,,,,,,
519,0.4241,,,,,,,
520,0.5857,,,,,,,
521,0.5145,,,,,,,
522,0.7646,,,,,,,
523,0.2029,,,,,,,
524,0.5552,,,,,,,
525,0.423,,,,,,,
526,0.2804,,,,,,,
527,0.4701,,,,,,,
528,0.7392,,,,,,,
529,0.5154,,,,,,,
530,0.3883,,,,,,,
531,0.6035,,,,,,,
532,0.6936,,,,,,,
533,0.7653,,,,,,,
534,0.5629,,,,,,,
535,0.3827,,,,,,,
536,0.8068,0.2453,0.7277,0.3798,-0.5615,0.48240000000000005,-0.3479,-0.42699999999999994
537,0.6797,0.1421,0.743,0.4012,-0.5376,0.6009,-0.3418,-0.27849999999999997
538,0.6706,0.6469,0.8589,0.3917,-0.023699999999999943,0.21199999999999997,-0.4672,-0.2789
539,0.623,0.1409,0.4513,0.2195,-0.4821,0.3104,-0.23179999999999998,-0.40349999999999997
540,0.67,0.2278,0.617,0.4101,-0.44220000000000004,0.3892,-0.20689999999999997,-0.2599
541,0.8032,0.0855,0.3055,0.2604,-0.7177,0.21999999999999997,-0.04509999999999997,-0.5428
542,0.5937,0.1841,0.4877,0.1428,-0.40959999999999996,0.3036,-0.3449,-0.45089999999999997
543,0.7372,0.279,0.381,0.1871,-0.45819999999999994,0.10199999999999998,-0.19390000000000002,-0.5501
544,0.3811,0.3092,0.6369,0.1542,-0.07190000000000002,0.32770000000000005,-0.4827,-0.2269
545,0.6951,0.0473,0.3745,0.1859,-0.6478,0.3272,-0.1886,-0.5092000000000001
546,0.7795,0.014,0.2022,0.1481,-0.7655,0.18819999999999998,-0.05409999999999998,-0.6314
547,0.806,0.0665,0.4791,0.1614,-0.7395,0.4126,-0.31770000000000004,-0.6446000000000001
548,0.174,0.3214,0.3116,0.2958,0.14740000000000003,-0.009800000000000031,-0.01579999999999998,0.12180000000000002
549,0.1571,0.4191,0.4328,0.0984,0.262,0.013700000000000045,-0.33440000000000003,-0.05869999999999999
550,0.8224,0.1449,0.4925,0.3865,-0.6775,0.3476,-0.10599999999999998,-0.4359
551,0.6626,,,,,,,
552,0.6398,,,,,,,
553,0.585,,,,,,,
554,0.7253,,,,,,,
555,0.8158,,,,,,,
556,0.642,,,,,,,
557,0.81,,,,,,,
558,0.7494,,,,,,,
559,0.5755,,,,,,,
560,0.7822,,,,,,,
561,0.6838,,,,,,,
562,0.7177,,,,,,,
563,0.8356,,,,,,,
564,0.8153,,,,,,,
565,0.8588,,,,,,,
566,0.8014,,,,,,,
567,0.8121,,,,,,,
568,0.6054,,,,,,,
569,0.4328,,,,,,,
570,0.6379,,,,,,,
571,0.6678,,,,,,,
572,0.4093,,,,,,,
573,0.294,,,,,,,
574,0.0481,,,,,,,
575,0.3344,,,,,,,
576,0.5727,,,,,,,
577,0.473,,,,,,,
578,0.5045,,,,,,,
579,0.5993,,,,,,,
580,0.4651,,,,,,,
581,0.5237,,,,,,,
582,0.5209,,,,,,,
583,0.4839,,,,,,,
584,0.3348,,,,,,,
585,0.5733,,,,,,,
586,0.5585,,,,,,,
587,0.3806,,,,,,,
588,0.3039,,,,,,,
589,0.3303,,,,,,,
590,0.4764,,,,,,,
591,0.2755,,,,,,,
592,0.3431,,,,,,,
593,0.6022,,,,,,,
594,0.466,,,,,,,
595,0.5842,,,,,,,
596,0.7161,,,,,,,
597,0.5631,,,,,,,
598,0.6015,,,,,,,
599,0.1813,,,,,,,
600,0.601,,,,,,,
601,0.3968,,,,,,,
602,0.5568,,,,,,,
603,0.6303,0.1689,0.1481,0.0534,-0.4614,-0.020799999999999985,-0.0947,-0.5769
604,0.7818,0.4066,0.12,0.2466,-0.37520000000000003,-0.2866,0.12660000000000002,-0.5352
605,0.7884,0.6661,0.6778,0.3815,-0.12229999999999996,0.011699999999999933,-0.29629999999999995,-0.4069
606,0.5341,0.3541,0.1651,0.2341,-0.18,-0.18900000000000003,0.069,-0.30000000000000004
607,0.8339,0.232,0.3852,0.15,-0.6019,0.15319999999999998,-0.2352,-0.6839
608,0.7026,0.5436,0.8145,0.4182,-0.15900000000000003,0.27090000000000003,-0.3963,-0.2844
609,0.5747,0.6068,0.729,0.2163,0.03210000000000002,0.12219999999999998,-0.5126999999999999,-0.3584
610,0.6736,0.4029,0.4631,0.2114,-0.2707,0.06020000000000003,-0.25170000000000003,-0.46219999999999994
611,0.824,0.3105,0.2206,0.026,-0.5135,-0.08990000000000001,-0.1946,-0.7979999999999999
612,0.6953,0.6788,0.4095,0.2227,-0.01650000000000007,-0.2693,-0.18679999999999997,-0.4726
613,0.513,0.4307,0.4419,0.184,-0.08229999999999998,0.011199999999999988,-0.2579,-0.329
614,0.8249,0.071,0.4957,0.1686,-0.7539,0.42469999999999997,-0.32709999999999995,-0.6563
615,0.7771,0.1954,0.653,0.1997,-0.5817,0.4576,-0.45330000000000004,-0.5774
616,0.0394,0.1803,0.6863,0.2644,0.1409,0.506,-0.4219,0.22500000000000003
617,0.8037,0.3128,0.6853,0.3868,-0.49089999999999995,0.3725,-0.29850000000000004,-0.4169
618,0.8454,,,,,,,
619,0.6876,,,,,,,
620,0.5066,,,,,,,
621,0.6969,,,,,,,
622,0.4646,,,,,,,
623,0.4191,,,,,,,
624,0.4066,,,,,,,
625,0.6038,,,,,,,
626,0.8016,,,,,,,
627,0.85,,,,,,,
628,0.718,,,,,,,
629,0.7489,,,,,,,
630,0.8186,,,,,,,
631,0.8145,,,,,,,
632,0.795,,,,,,,
633,0.7959,,,,,,,
634,0.7809,,,,,,,
635,0.7325,,,,,,,
636,0.4931,,,,,,,
637,0.5374,,,,,,,
638,0.5968,,,,,,,
639,0.4218,,,,,,,
640,0.3741,,,,,,,
641,0.1823,,,,,,,
642,0.6662,,,,,,,
643,0.7252,,,,,,,
644,0.5343,,,,,,,
645,0.6938,,,,,,,
646,0.6901,,,,,,,
647,0.4321,,,,,,,
648,0.3734,,,,,,,
649,0.7622,,,,,,,
650,0.5259,,,,,,,
651,0.2291,,,,,,,
652,0.19,,,,,,,
653,0.2717,,,,,,,
654,0.5041,,,,,,,
655,0.6145,,,,,,,
656,0.6022,,,,,,,
657,0.3119,,,,,,,
658,0.3516,,,,,,,
659,0.4705,,,,,,,
660,0.325,,,,,,,
661,0.2432,,,,,,,
662,0.3428,,,,,,,
663,0.4792,,,,,,,
664,0.6795,,,,,,,
665,0.3783,,,,,,,
666,0.3289,,,,,,,
667,0.1238,,,,,,,
668,0.7858,,,,,,,
669,0.3381,,,,,,,
670,0.7252,0.274,0.6171,0.3651,-0.45119999999999993,0.34309999999999996,-0.252,-0.3601
671,0.7817,0.0127,0.4289,0.2934,-0.7689999999999999,0.4162,-0.1355,-0.48829999999999996
672,0.6167,0.048,0.4633,0.2116,-0.5687,0.4153,-0.2517,-0.4051
673,0.585,0.257,0.2645,0.1892,-0.32799999999999996,0.007500000000000007,-0.0753,-0.39579999999999993
674,0.6945,0.1499,0.5505,0.1654,-0.5446,0.40059999999999996,-0.3851,-0.5291
675,0.694,0.2003,0.6907,0.1996,-0.4936999999999999,0.49039999999999995,-0.4911,-0.49439999999999995
676,0.6266,-0.0231,0.3856,0.1033,-0.6497,0.4087,-0.2823,-0.5233000000000001
677,0.7973,0.2162,0.4764,0.2991,-0.5811,0.2602,-0.1773,-0.49820000000000003
678,0.4754,0.0414,0.4124,0.2598,-0.434,0.371,-0.1526,-0.2156
679,0.6737,0.0077,0.5442,0.267,-0.6659999999999999,0.5365,-0.2772,-0.40669999999999995
680,0.7369,0.1191,0.4884,0.1856,-0.6178,0.3693,-0.3028,-0.5513
681,0.6495,0.2969,0.5264,0.2473,-0.35259999999999997,0.22949999999999998,-0.2791,-0.4022
682,0.7232,0.1738,-0.1697,0.3168,-0.5493999999999999,-0.3435,0.48650000000000004,-0.40639999999999993
683,0.52,0.0514,0.7819,0.2225,-0.4686,0.7305,-0.5594,-0.2975
684,0.8205,0.2713,0.3198,0.3011,-0.5492,0.04849999999999999,-0.018699999999999994,-0.5194000000000001
685,0.4759,,,,,,,
686,0.6689,,,,,,,
687,0.6464,,,,,,,
688,0.3696,,,,,,,
689,0.7808,,,,,,,
690,0.8125,,,,,,,
691,0.3942,,,,,,,
692,0.8983,,,,,,,
693,0.6601,,,,,,,
694,0.4202,,,,,,,
695,0.756,,,,,,,
696,0.6857,,,,,,,
697,0.6255,,,,,,,
698,0.5945,,,,,,,
699,0.7357,,,,,,,
700,0.83,,,,,,,
701,0.75,,,,,,,
702,0.4981,,,,,,,
703,0.8349,,,,,,,
704,0.4317,,,,,,,
705,0.6713,,,,,,,
706,0.818,,,,,,,
707,0.7323,,,,,,,
708,0.7546,,,,,,,
709,0.7072,,,,,,,
710,0.4364,,,,,,,
711,0.4988,,,,,,,
712,0.781,,,,,,,
713,0.1766,,,,,,,
714,0.4851,,,,,,,
715,0.4117,,,,,,,
716,0.7013,,,,,,,
717,0.2658,,,,,,,
718,0.3648,,,,,,,
719,0.4719,,,,,,,
720,0.5647,,,,,,,
721,0.5113,,,,,,,
722,0.7084,,,,,,,
723,0.3946,,,,,,,
724,0.3906,,,,,,,
725,0.6791,,,,,,,
726,0.6525,,,,,,,
727,0.6626,,,,,,,
728,0.5642,,,,,,,
729,0.6723,,,,,,,
730,0.6081,,,,,,,
731,0.2291,,,,,,,
732,0.4127,,,,,,,
733,0.2173,,,,,,,
734,0.2798,,,,,,,
735,0.6572,,,,,,,
736,0.482,,,,,,,
737,0.8148,0.1578,0.7219,0.0765,-0.657,0.5641,-0.6454,-0.7383
738,0.8118,-0.0188,-0.0909,0.0747,-0.8306,-0.0721,0.1656,-0.7371
739,0.7376,0.1104,0.385,0.2285,-0.6272,0.2746,-0.1565,-0.5091
740,0.7436,0.0053,0.2495,0.3871,-0.7383000000000001,0.2442,0.1376,-0.35650000000000004
741,0.7361,-0.0132,0.5918,0.2288,-0.7493,0.605,-0.363,-0.5073
742,0.673,0.0243,0.2972,0.4094,-0.6487,0.27290000000000003,0.11219999999999997,-0.26360000000000006
743,0.6303,0.1421,0.4168,0.2298,-0.48819999999999997,0.2747,-0.187,-0.40049999999999997
744,0.7117,-0.0208,0.4494,0.2237,-0.7325,0.4702,-0.2257,-0.488
745,0.6188,0.0503,0.5532,0.3036,-0.5685,0.5029,-0.24960000000000004,-0.31520000000000004
746,0.6743,0.107,0.5404,0.2826,-0.5673,0.4334,-0.2578,-0.3917
747,0.6478,0.3671,0.2666,0.1942,-0.28070000000000006,-0.10049999999999998,-0.07239999999999999,-0.4536
748,0.6062,0.2552,0.5559,0.1435,-0.351,0.30069999999999997,-0.4124,-0.4627
749,0.6496,0.1103,0.3723,0.1398,-0.5393,0.262,-0.2325,-0.5097999999999999
750,0.6776,0.1878,0.1446,0.1543,-0.4898,-0.04319999999999999,0.009699999999999986,-0.5233
751,0.8383,0.2075,0.7069,0.3587,-0.6308,0.49939999999999996,-0.34819999999999995,-0.4796
752,0.8323,,,,,,,
753,0.7932,,,,,,,
754,0.5832,,,,,,,
755,0.4073,,,,,,,
756,0.6696,,,,,,,
757,0.4089,,,,,,,
758,0.5099,,,,,,,
759,0.5105,,,,,,,
760,0.8282,,,,,,,
761,0.746,,,,,,,
762,0.575,,,,,,,
763,0.6656,,,,,,,
764,0.76,,,,,,,
765,0.7068,,,,,,,
766,0.7486,,,,,,,
767,0.5279,,,,,,,
768,0.8416,,,,,,,
769,0.7524,,,,,,,
770,0.3007,,,,,,,
771,0.7217,,,,,,,
772,0.4618,,,,,,,
773,0.6617,,,,,,,
774,0.5255,,,,,,,
775,0.4968,,,,,,,
776,0.6714,,,,,,,
777,0.2598,,,,,,,
778,0.675,,,,,,,
779,0.4008,,,,,,,
780,0.6664,,,,,,,
781,0.8888,,,,,,,
782,0.82,,,,,,,
783,0.7074,,,,,,,
784,0.4198,,,,,,,
785,0.2999,,,,,,,
786,0.3998,,,,,,,
787,0.3722,,,,,,,
788,0.4464,,,,,,,
789,0.4632,,,,,,,
790,0.7116,,,,,,,
791,0.5282,,,,,,,
792,0.4588,,,,,,,
793,0.6309,,,,,,,
794,0.5815,,,,,,,
795,0.78,,,,,,,
796,0.193,,,,,,,
797,0.7113,,,,,,,
798,0.6411,,,,,,,
799,0.3523,,,,,,,
800,0.4932,,,,,,,
801,0.313,,,,,,,
802,0.5856,,,,,,,
803,0.5174,,,,,,,
804,0.4659,0.5323,0.1107,0.1765,0.06640000000000001,-0.4216,0.06579999999999998,-0.2894
805,0.8135,0.1383,0.1058,0.1448,-0.6752,-0.0325,0.03900000000000001,-0.6687
806,0.8154,0.0893,0.473,0.4114,-0.7261,0.3837,-0.06159999999999999,-0.404
807,0.7923,0.2294,0.3792,0.3657,-0.5629,0.1498,-0.013499999999999956,-0.4266
808,0.7517,0.3953,0.6183,0.3138,-0.35640000000000005,0.22299999999999998,-0.30449999999999994,-0.4379
809,0.7506,0.2033,0.3361,0.16,-0.5473,0.1328,-0.1761,-0.5906
810,0.6433,0.1702,0.4472,0.2115,-0.47309999999999997,0.277,-0.2357,-0.43179999999999996
811,0.4143,0.5106,0.3839,0.2384,0.09630000000000005,-0.12670000000000003,-0.14550000000000002,-0.1759
812,0.3581,0.0897,0.1795,0.1275,-0.26839999999999997,0.08979999999999999,-0.05199999999999999,-0.23059999999999997
813,0.6697,0.5097,0.3868,0.1908,-0.15999999999999992,-0.12290000000000006,-0.19599999999999998,-0.4789
814,0.7319,0.3591,0.5789,0.2988,-0.3728,0.2198,-0.28009999999999996,-0.4331
815,0.741,0.046,0.2121,0.1612,-0.695,0.16610000000000003,-0.0509,-0.5798
816,0.658,0.1982,0.6464,0.2892,-0.45980000000000004,0.4482,-0.35719999999999996,-0.3688
817,0.6742,0.2412,0.3124,0.145,-0.43300000000000005,0.07120000000000001,-0.16740000000000002,-0.5292
818,0.6925,0.1835,0.1491,0.1127,-0.509,-0.034399999999999986,-0.036400000000000016,-0.5798
819,0.7722,,,,,,,
820,0.7054,,,,,,,
821,0.7013,,,,,,,
822,0.4908,,,,,,,
823,0.6277,,,,,,,
824,0.5799,,,,,,,
825,0.6709,,,,,,,
826,0.8085,,,,,,,
827,0.4205,,,,,,,
828,0.7268,,,,,,,
829,0.8322,,,,,,,
830,0.6657,,,,,,,
831,0.7044,,,,,,,
832,0.8464,,,,,,,
833,0.8455,,,,,,,
834,0.877,,,,,,,
835,0.8328,,,,,,,
836,0.6457,,,,,,,
837,0.5563,,,,,,,
838,0.332,,,,,,,
839,0.3752,,,,,,,
840,0.7941,,,,,,,
841,0.484,,,,,,,
842,0.4718,,,,,,,
843,0.7262,,,,,,,
844,0.1274,,,,,,,
845,0.2354,,,,,,,
846,0.6861,,,,,,,
847,0.8011,,,,,,,
848,0.6687,,,,,,,
849,0.5875,,,,,,,
850,0.5904,,,,,,,
851,0.5203,,,,,,,
852,0.5756,,,,,,,
853,0.383,,,,,,,
854,0.5715,,,,,,,
855,0.6748,,,,,,,
856,0.593,,,,,,,
857,0.18,,,,,,,
858,0.5338,,,,,,,
859,0.4791,,,,,,,
860,0.3463,,,,,,,
861,0.4585,,,,,,,
862,0.5393,,,,,,,
863,0.3818,,,,,,,
864,0.6182,,,,,,,
865,0.3515,,,,,,,
866,0.5135,,,,,,,
867,0.6065,,,,,,,
868,0.5478,,,,,,,
869,0.2655,,,,,,,
870,0.5307,,,,,,,
871,0.4557,0.5404,0.4219,0.2862,0.0847,-0.1185,-0.1357,-0.16949999999999998
872,0.5609,0.1563,0.1945,0.1611,-0.40459999999999996,0.03820000000000001,-0.03340000000000001,-0.39979999999999993
873,0.5418,0.3333,0.3197,0.1327,-0.20849999999999996,-0.013600000000000001,-0.18699999999999997,-0.4090999999999999
874,0.7724,0.0215,0.5292,0.3238,-0.7509,0.5077,-0.20540000000000003,-0.4486
875,0.8254,0.4037,0.5998,0.4067,-0.4217,0.1961,-0.1931,-0.4187
876,0.7449,0.1426,0.4347,0.1696,-0.6023000000000001,0.29209999999999997,-0.2651,-0.5753
877,0.5151,0.4173,0.3589,0.2114,-0.0978,-0.05840000000000001,-0.1475,-0.30369999999999997
878,0.5917,0.2913,0.4088,0.1962,-0.3004,0.1175,-0.21259999999999998,-0.39549999999999996
879,0.6958,0.2867,0.4714,0.1946,-0.40909999999999996,0.18469999999999998,-0.2768,-0.5012
880,0.4195,0.4082,0.2124,0.1658,-0.011299999999999977,-0.1958,-0.0466,-0.2537
881,0.5318,0.2727,0.4602,0.1917,-0.25910000000000005,0.1875,-0.26849999999999996,-0.34010000000000007
882,0.5512,0.1229,-0.2428,0.3277,-0.4283,-0.36569999999999997,0.5705,-0.22350000000000003
883,0.6137,0.0429,0.6143,0.3417,-0.5708,0.5713999999999999,-0.27259999999999995,-0.272
884,0.5486,0.2225,0.3508,0.1433,-0.32609999999999995,0.1283,-0.2075,-0.4053
885,0.5264,0.2614,0.5024,0.1853,-0.26499999999999996,0.24099999999999994,-0.31709999999999994,-0.34109999999999996
886,0.7602,,,,,,,
887,0.6059,,,,,,,
888,0.5971,,,,,,,
889,0.814,,,,,,,
890,0.6326,,,,,,,
891,0.6846,,,,,,,
892,0.6377,,,,,,,
893,0.6437,,,,,,,
894,0.3338,,,,,,,
895,0.6043,,,,,,,
896,0.8211,,,,,,,
897,0.8232,,,,,,,
898,0.5922,,,,,,,
899,0.6584,,,,,,,
900,0.8102,,,,,,,
901,0.6526,,,,,,,
902,0.8048,,,,,,,
903,0.7933,,,,,,,
904,0.5386,,,,,,,
905,0.8418,,,,,,,
906,0.5177,,,,,,,
907,0.653,,,,,,,
908,0.45,,,,,,,
909,0.4349,,,,,,,
910,0.7466,,,,,,,
911,0.8333,,,,,,,
912,0.2976,,,,,,,
913,0.8847,,,,,,,
914,0.2249,,,,,,,
915,0.7875,,,,,,,
916,0.5755,,,,,,,
917,0.7006,,,,,,,
918,0.6349,,,,,,,
919,0.6885,,,,,,,
920,0.5745,,,,,,,
921,0.4598,,,,,,,
922,0.8685,,,,,,,
923,0.5289,,,,,,,
924,0.5568,,,,,,,
925,0.3446,,,,,,,
926,0.68,,,,,,,
927,0.3699,,,,,,,
928,0.2998,,,,,,,
929,0.6691,,,,,,,
930,0.6569,,,,,,,
931,0.4489,,,,,,,
932,0.1816,,,,,,,
933,0.6006,,,,,,,
934,0.5417,,,,,,,
935,0.674,,,,,,,
936,0.647,,,,,,,
937,0.256,,,,,,,
938,0.7068,0.1553,0.1495,0.3614,-0.5515,-0.0058,0.2119,-0.3454
939,0.5924,0.005,0.187,0.3183,-0.5874,0.182,0.13130000000000003,-0.2741
940,0.4424,0.5657,0.585,0.3112,0.12329999999999997,0.019299999999999984,-0.2738,-0.13120000000000004
941,0.6958,0.0609,0.3231,0.158,-0.6349,0.2622,-0.1651,-0.5378
942,0.5736,-0.0044,0.5933,0.4034,-0.578,0.5977,-0.18990000000000007,-0.17020000000000002
943,0.6789,-0.0493,0.2018,0.1845,-0.7282,0.2511,-0.01730000000000001,-0.49439999999999995
944,0.4022,0.2657,0.3926,0.2035,-0.1365,0.1269,-0.18910000000000002,-0.19870000000000002
945,0.4883,0.3054,0.4578,0.1589,-0.1829,0.15239999999999998,-0.29889999999999994,-0.3294
946,0.4858,0.0958,0.3914,0.1195,-0.39,0.29560000000000003,-0.27190000000000003,-0.3663
947,0.6555,0.465,0.7096,0.3731,-0.19049999999999995,0.24459999999999998,-0.3365,-0.2824
948,0.6049,0.0973,0.1744,0.1726,-0.5076,0.0771,-0.001799999999999996,-0.4323
949,0.6334,0.1511,0.3596,0.4663,-0.48229999999999995,0.20849999999999996,0.10670000000000002,-0.16709999999999997
950,0.3422,0.1604,0.4673,0.2909,-0.18180000000000002,0.3069,-0.1764,-0.05130000000000001
951,0.4171,0.2594,0.1093,0.1647,-0.1577,-0.1501,0.05540000000000002,-0.2524
952,0.6438,0.3608,0.6273,0.0347,-0.28300000000000003,0.26649999999999996,-0.5926,-0.6091000000000001
953,0.4714,,,,,,,
954,0.6573,,,,,,,
955,0.73,,,,,,,
956,0.6936,,,,,,,
957,0.602,,,,,,,
958,0.7535,,,,,,,
959,0.6429,,,,,,,
960,0.6577,,,,,,,
961,0.4426,,,,,,,
962,0.6321,,,,,,,
963,0.8693,,,,,,,
964,0.7659,,,,,,,
965,0.7802,,,,,,,
966,0.64,,,,,,,
967,0.1357,,,,,,,
968,0.608,,,,,,,
969,0.5612,,,,,,,
970,0.2874,,,,,,,
971,0.4085,,,,,,,
972,0.2025,,,,,,,
973,0.5088,,,,,,,
974,0.6195,,,,,,,
975,0.6681,,,,,,,
976,0.5004,,,,,,,
977,0.6748,,,,,,,
978,0.3173,,,,,,,
979,0.8065,,,,,,,
980,0.139,,,,,,,
981,0.5273,,,,,,,
982,0.2613,,,,,,,
983,0.5836,,,,,,,
984,0.6096,,,,,,,
985,0.7946,,,,,,,
986,0.7759,,,,,,,
987,0.5863,,,,,,,
988,0.6591,,,,,,,
989,0.5257,,,,,,,
990,0.6967,,,,,,,
991,0.284,,,,,,,
992,0.2982,,,,,,,
993,0.724,,,,,,,
994,0.3681,,,,,,,
995,0.5749,,,,,,,
996,0.2494,,,,,,,
997,0.5138,,,,,,,
998,0.4304,,,,,,,
999,-0.1957,,,,,,,
1000,0.4475,,,,,,,
1001,0.3296,,,,,,,
1002,0.5971,,,,,,,
1003,0.5522,,,,,,,
1004,0.5301,,,,,,,
1005,0.5951,0.7009,0.6692,0.355,0.1058,-0.03169999999999995,-0.31420000000000003,-0.24009999999999998
1006,0.6704,-0.0017,0.2372,0.2111,-0.6721,0.2389,-0.026099999999999984,-0.4593
1007,0.6635,0.4803,0.4114,0.1163,-0.18319999999999997,-0.06890000000000002,-0.2951,-0.5472
1008,0.6608,0.3082,0.5822,0.2824,-0.3526000000000001,0.2740000000000001,-0.29980000000000007,-0.37840000000000007
1009,0.5052,0.6378,0.6939,0.4276,0.13260000000000005,0.05609999999999993,-0.2663,-0.0776
1010,0.6571,0.3015,0.4673,0.2811,-0.3556,0.1658,-0.18619999999999998,-0.376
1011,0.5764,0.4605,0.5719,0.1826,-0.1159,0.11139999999999994,-0.3893,-0.39380000000000004
1012,0.5446,0.2283,0.3743,0.1763,-0.31629999999999997,0.14600000000000002,-0.198,-0.36829999999999996
1013,0.7272,0.5199,0.3261,0.1082,-0.20729999999999993,-0.19380000000000003,-0.21789999999999998,-0.619
1014,0.4436,0.2866,0.6526,0.247,-0.15699999999999997,0.36599999999999994,-0.40559999999999996,-0.1966
1015,0.7609,0.0443,0.4768,0.171,-0.7166,0.4325,-0.30579999999999996,-0.5899
1016,0.529,0.223,0.5085,0.2651,-0.30600000000000005,0.2855,-0.24339999999999995,-0.2639
1017,0.4228,0.1788,0.4274,0.1557,-0.24400000000000002,0.24860000000000002,-0.2717,-0.2671
1018,0.6094,0.253,0.4838,0.3385,-0.35640000000000005,0.2308,-0.14529999999999998,-0.27090000000000003
1019,0.6269,0.6215,0.4103,0.1382,-0.00539999999999996,-0.21120000000000005,-0.2721,-0.4887
1020,0.5959,,,,,,,
1021,0.6899,,,,,,,
1022,0.7859,,,,,,,
1023,0.7379,,,,,,,
1024,0.5474,,,,,,,
1025,0.7158,,,,,,,
1026,0.7151,,,,,,,
1027,0.5243,,,,,,,
1028,0.7746,,,,,,,
1029,0.8626,,,,,,,
1030,0.6295,,,,,,,
1031,0.8015,,,,,,,
1032,0.1721,,,,,,,
1033,0.7684,,,,,,,
1034,0.5333,,,,,,,
1035,0.3584,,,,,,,
1036,0.6177,,,,,,,
1037,0.7992,,,,,,,
1038,0.5892,,,,,,,
1039,0.5717,,,,,,,
1040,0.4657,,,,,,,
1041,0.3072,,,,,,,
1042,0.6054,,,,,,,
1043,0.1633,,,,,,,
1044,0.6386,,,,,,,
1045,0.3047,,,,,,,
1046,0.5796,,,,,,,
1047,0.7731,,,,,,,
1048,0.4924,,,,,,,
1049,0.6422,,,,,,,
1050,0.5002,,,,,,,
1051,0.6708,,,,,,,
1052,0.5156,,,,,,,
1053,0.4089,,,,,,,
1054,0.5936,,,,,,,
1055,0.395,,,,,,,
1056,0.7634,,,,,,,
1057,0.4684,,,,,,,
1058,0.4567,,,,,,,
1059,0.439,,,,,,,
1060,0.255,,,,,,,
1061,0.5046,,,,,,,
1062,0.357,,,,,,,
1063,0.4571,,,,,,,
1064,0.6216,,,,,,,
1065,0.3972,,,,,,,
1066,0.65,,,,,,,
1067,0.7301,,,,,,,
1068,0.452,,,,,,,
1069,0.4476,,,,,,,
1070,0.35,,,,,,,
1071,0.3746,,,,,,,
1072,0.5326,0.1087,0.0748,0.0773,-0.42389999999999994,-0.0339,0.0024999999999999883,-0.4553
1073,0.5255,0.0043,0.3287,0.1063,-0.5212,0.32439999999999997,-0.2224,-0.41919999999999996
1074,0.5717,0.0557,0.8439,0.4443,-0.516,0.7882,-0.3996,-0.1274
1075,0.7866,0.3299,0.2398,0.2028,-0.45669999999999994,-0.09010000000000001,-0.037000000000000005,-0.5838
1076,0.4358,0.4395,0.7024,0.3643,0.003699999999999981,0.2629,-0.3381,-0.07150000000000001
1077,0.5175,0.5271,0.2817,0.3429,0.009600000000000053,-0.2454,0.06119999999999998,-0.17459999999999998
1078,0.4836,0.1975,0.45,0.1973,-0.28609999999999997,0.2525,-0.25270000000000004,-0.2863
1079,0.5264,0.4969,0.3977,0.1265,-0.02949999999999997,-0.09920000000000001,-0.2712,-0.3999
1080,0.5209,0.3615,0.0685,0.0427,-0.15940000000000004,-0.293,-0.025800000000000003,-0.4782
1081,0.5753,0.3409,0.4833,0.1577,-0.23440000000000005,0.14240000000000003,-0.3256,-0.4176
1082,0.6985,0.1053,0.6173,0.2694,-0.5932,0.512,-0.3479,-0.42910000000000004
1083,0.4413,0.0863,0.0695,0.0604,-0.35500000000000004,-0.016799999999999995,-0.009100000000000004,-0.3809
1084,0.5371,0.1067,0.2366,0.1274,-0.4304,0.12990000000000002,-0.10919999999999999,-0.4097
1085,0.4853,0.2191,0.5162,0.1868,-0.2662,0.29710000000000003,-0.3294,-0.2985
1086,0.4829,0.3401,0.6239,0.2657,-0.14279999999999998,0.2838,-0.3582,-0.2172
1087,0.794,,,,,,,
1088,0.7133,,,,,,,
1089,0.7231,,,,,,,
1090,0.8145,,,,,,,
1091,0.5957,,,,,,,
1092,0.792,,,,,,,
1093,0.4959,,,,,,,
1094,0.8003,,,,,,,
1095,0.7185,,,,,,,
1096,0.802,,,,,,,
1097,0.7541,,,,,,,
1098,0.7615,,,,,,,
1099,0.2193,,,,,,,
1100,0.7259,,,,,,,
1101,0.5512,,,,,,,
1102,0.5134,,,,,,,
1103,0.5372,,,,,,,
1104,0.4267,,,,,,,
1105,0.6496,,,,,,,
1106,0.7116,,,,,,,
1107,0.5156,,,,,,,
1108,0.3999,,,,,,,
1109,0.7088,,,,,,,
1110,0.5573,,,,,,,
1111,0.4332,,,,,,,
1112,0.1055,,,,,,,
1113,0.1869,,,,,,,
1114,0.3052,,,,,,,
1115,0.16,,,,,,,
1116,0.3181,,,,,,,
1117,0.4427,,,,,,,
1118,0.7514,,,,,,,
1119,0.447,,,,,,,
1120,0.6953,,,,,,,
1121,0.7486,,,,,,,
1122,0.5873,,,,,,,
1123,0.2778,,,,,,,
1124,0.6565,,,,,,,
1125,0.499,,,,,,,
1126,0.4474,,,,,,,
1127,0.6225,,,,,,,
1128,0.4452,,,,,,,
1129,0.2667,,,,,,,
1130,0.3183,,,,,,,
1131,0.4619,,,,,,,
1132,0.6379,,,,,,,
1133,0.3694,,,,,,,
1134,0.4055,,,,,,,
1135,0.6174,,,,,,,
1136,0.4504,,,,,,,
1137,0.4068,,,,,,,
1138,0.4917,,,,,,,
1139,0.4462,0.1465,0.374,0.2964,-0.29969999999999997,0.2275,-0.0776,-0.1498
1140,0.7005,0.016,0.5825,0.332,-0.6845,0.5665,-0.2505,-0.3685
1141,0.6861,0.1954,0.2519,0.1261,-0.4907,0.05650000000000002,-0.12580000000000002,-0.56
1142,0.7138,0.2521,0.2916,0.3175,-0.4617,0.039500000000000035,0.02589999999999998,-0.3963
1143,0.6115,-0.0197,0.3782,0.17,-0.6312000000000001,0.3979,-0.20819999999999997,-0.4415
1144,0.3403,0.1372,0.1245,0.1131,-0.2031,-0.012699999999999989,-0.011399999999999993,-0.22719999999999999
1145,0.6912,0.0837,0.3549,0.1319,-0.6075,0.2712,-0.223,-0.5593
1146,0.5239,0.1714,0.4841,0.1864,-0.35250000000000004,0.3127,-0.29769999999999996,-0.3375
1147,0.6279,0.0145,0.5104,0.2849,-0.6134000000000001,0.49589999999999995,-0.22549999999999998,-0.343
1148,0.5792,0.1335,0.411,0.2781,-0.44570000000000004,0.27749999999999997,-0.13289999999999996,-0.30110000000000003
1149,0.587,0.0895,0.6218,0.272,-0.49749999999999994,0.5323,-0.3498,-0.31499999999999995
1150,0.5467,0.0441,0.4885,0.2453,-0.5025999999999999,0.4444,-0.2432,-0.3014
1151,0.4648,0.1093,0.6279,0.3139,-0.3555,0.5186000000000001,-0.314,-0.15089999999999998
1152,0.4521,0.2738,0.2107,0.1439,-0.17830000000000001,-0.06309999999999999,-0.0668,-0.30820000000000003
1153,0.488,0.1735,0.2069,0.1696,-0.3145,0.03340000000000001,-0.0373,-0.3184
1154,0.5056,,,,,,,
1155,0.3811,,,,,,,
1156,0.4669,,,,,,,
1157,0.7086,,,,,,,
1158,0.5384,,,,,,,
1159,0.7037,,,,,,,
1160,0.7999,,,,,,,
1161,0.7445,,,,,,,
1162,0.8472,,,,,,,
1163,0.528,,,,,,,
1164,0.4834,,,,,,,
1165,0.6545,,,,,,,
1166,0.5608,,,,,,,
1167,0.564,,,,,,,
1168,0.1938,,,,,,,
1169,0.583,,,,,,,
1170,0.3127,,,,,,,
1171,0.2965,,,,,,,
1172,0.2286,,,,,,,
1173,0.665,,,,,,,
1174,0.4896,,,,,,,
1175,0.3259,,,,,,,
1176,0.7331,,,,,,,
1177,0.3207,,,,,,,
1178,0.4148,,,,,,,
1179,0.6499,,,,,,,
1180,0.4145,,,,,,,
1181,0.3042,,,,,,,
1182,0.6622,,,,,,,
1183,0.6166,,,,,,,
1184,0.4604,,,,,,,
1185,0.7824,,,,,,,
1186,0.3103,,,,,,,
1187,0.6163,,,,,,,
1188,0.5865,,,,,,,
1189,0.4325,,,,,,,
1190,0.6801,,,,,,,
1191,0.3121,,,,,,,
1192,0.3135,,,,,,,
1193,0.6497,,,,,,,
1194,0.6594,,,,,,,
1195,0.5489,,,,,,,
1196,0.4658,,,,,,,
1197,0.3643,,,,,,,
1198,0.3885,,,,,,,
1199,0.2738,,,,,,,
1200,0.4391,,,,,,,
1201,0.4437,,,,,,,
1202,0.7056,,,,,,,
1203,0.6484,,,,,,,
1204,0.3726,,,,,,,
1205,0.4841,,,,,,,
1206,0.5281,0.2027,0.333,0.1708,-0.3254,0.13030000000000003,-0.1622,-0.3573
1207,0.3801,0.4102,0.5438,0.3156,0.030100000000000016,0.13359999999999994,-0.22819999999999996,-0.0645
1208,0.7243,0.2566,0.4953,0.1711,-0.46770000000000006,0.23870000000000002,-0.32420000000000004,-0.5532
1209,0.5556,0.5699,0.5734,0.3385,0.01429999999999998,0.0035000000000000586,-0.2349,-0.21709999999999996
1210,0.6121,0.1614,0.049,0.0879,-0.4507,-0.11239999999999999,0.038900000000000004,-0.5242
1211,0.3647,0.1872,0.2413,0.1253,-0.17750000000000002,0.05409999999999998,-0.11599999999999999,-0.23940000000000003
1212,0.6355,0.7254,0.7106,0.245,0.08990000000000009,-0.014800000000000035,-0.4656,-0.39049999999999996
1213,0.5919,0.6088,0.6582,0.3684,0.016900000000000026,0.0494,-0.2898,-0.22349999999999998
1214,0.4273,0.3333,0.5399,0.4007,-0.09400000000000003,0.20660000000000006,-0.13920000000000005,-0.026600000000000013
1215,0.6028,0.1824,0.5315,0.1985,-0.4204,0.34909999999999997,-0.33299999999999996,-0.4043
1216,0.472,0.1401,0.3088,0.3287,-0.3319,0.16870000000000002,0.019899999999999973,-0.14329999999999998
1217,0.5296,0.3072,0.8249,0.39,-0.2224,0.5177,-0.43489999999999995,-0.13959999999999995
1218,0.4989,0.5219,0.1547,0.0446,0.02300000000000002,-0.3672,-0.1101,-0.45430000000000004
1219,0.4595,0.3225,0.163,0.2459,-0.137,-0.1595,0.0829,-0.2136
1220,0.5335,0.1495,0.4303,0.1731,-0.384,0.28080000000000005,-0.2572,-0.36039999999999994
1221,0.4382,,,,,,,
1222,0.5921,,,,,,,
1223,0.7444,,,,,,,
1224,0.7598,,,,,,,
1225,0.6035,,,,,,,
1226,0.3976,,,,,,,
1227,0.6394,,,,,,,
1228,0.6055,,,,,,,
1229,0.7123,,,,,,,
1230,0.5795,,,,,,,
1231,0.6879,,,,,,,
1232,0.2172,,,,,,,
1233,0.4238,,,,,,,
1234,0.5121,,,,,,,
1235,0.4824,,,,,,,
1236,0.6263,,,,,,,
1237,0.3005,,,,,,,
1238,0.4188,,,,,,,
1239,0.3642,,,,,,,
1240,0.2937,,,,,,,
1241,0.5356,,,,,,,
1242,0.4949,,,,,,,
1243,0.4754,,,,,,,
1244,0.4393,,,,,,,
1245,0.297,,,,,,,
1246,0.5481,,,,,,,
1247,0.2986,,,,,,,
1248,0.5417,,,,,,,
1249,0.5227,,,,,,,
1250,0.6251,,,,,,,
1251,0.7233,,,,,,,
1252,0.7041,,,,,,,
1253,0.3174,,,,,,,
1254,0.6018,,,,,,,
1255,0.6215,,,,,,,
1256,0.6008,,,,,,,
1257,0.2856,,,,,,,
1258,0.3173,,,,,,,
1259,0.6434,,,,,,,
1260,0.6443,,,,,,,
1261,0.2724,,,,,,,
1262,0.281,,,,,,,
1263,0.4515,,,,,,,
1264,0.4255,,,,,,,
1265,0.5564,,,,,,,
1266,0.5583,,,,,,,
1267,0.5909,,,,,,,
1268,0.7337,,,,,,,
1269,0.6491,,,,,,,
1270,0.5016,,,,,,,
1271,0.5194,,,,,,,
1272,0.4225,,,,,,,
1273,0.5974,0.2337,0.6372,0.3426,-0.3637,0.40349999999999997,-0.2946,-0.2548
1274,0.7128,0.1151,0.7361,0.4652,-0.5977,0.621,-0.2709,-0.2476
1275,0.6852,0.1438,0.6861,0.2819,-0.5414,0.5423,-0.40420000000000006,-0.40330000000000005
1276,0.6173,0.0468,0.2947,0.3808,-0.5705,0.2479,0.08610000000000001,-0.23649999999999993
1277,0.4028,0.0628,0.5379,0.2755,-0.33999999999999997,0.4751000000000001,-0.2624,-0.12729999999999997
1278,0.57,0.281,0.7098,0.1429,-0.2889999999999999,0.42879999999999996,-0.5669,-0.4270999999999999
1279,0.6474,0.3766,0.5297,0.4071,-0.2708,0.15309999999999996,-0.12259999999999993,-0.24029999999999996
1280,0.4328,0.0613,0.7646,0.495,-0.3715,0.7032999999999999,-0.26959999999999995,0.06219999999999998
1281,0.4992,0.5901,0.6825,0.168,0.09089999999999998,0.09240000000000004,-0.5145,-0.33119999999999994
1282,0.3414,0.3283,0.2747,0.106,-0.0131,-0.05359999999999998,-0.16870000000000002,-0.2354
1283,0.289,0.442,0.6191,0.1272,0.15300000000000002,0.17709999999999998,-0.4919,-0.16179999999999997
1284,0.5378,-0.0165,0.7954,0.3755,-0.5542999999999999,0.8119,-0.4199,-0.16229999999999994
1285,0.4601,0.0671,0.5308,0.2029,-0.393,0.46370000000000006,-0.3279000000000001,-0.2572
1286,0.4588,0.2186,0.1695,0.1394,-0.2402,-0.04909999999999998,-0.030100000000000016,-0.3194
1287,0.4749,0.6418,0.4711,0.2697,0.16690000000000005,-0.17070000000000002,-0.20140000000000002,-0.2052
1288,0.4387,,,,,,,
1289,0.6291,,,,,,,
1290,0.2903,,,,,,,
1291,0.4999,,,,,,,
1292,0.7418,,,,,,,
1293,0.4895,,,,,,,
1294,0.5707,,,,,,,
1295,0.4183,,,,,,,
1296,0.6424,,,,,,,
1297,0.6589,,,,,,,
1298,0.6164,,,,,,,
1299,0.3729,,,,,,,
1300,0.4276,,,,,,,
1301,0.6062,,,,,,,
1302,0.6252,,,,,,,
1303,0.395,,,,,,,
1304,0.3244,,,,,,,
1305,0.373,,,,,,,
1306,0.3834,,,,,,,
1307,0.5261,,,,,,,
1308,0.4871,,,,,,,
1309,0.7106,,,,,,,
1310,0.642,,,,,,,
1311,0.3996,,,,,,,
1312,0.3766,,,,,,,
1313,0.6909,,,,,,,
1314,0.6941,,,,,,,
1315,0.7233,,,,,,,
1316,-0.0937,,,,,,,
1317,0.4999,,,,,,,
1318,0.6356,,,,,,,
1319,0.4388,,,,,,,
1320,0.5379,,,,,,,
1321,0.6787,,,,,,,
1322,0.6566,,,,,,,
1323,0.7418,,,,,,,
1324,0.6848,,,,,,,
1325,0.4108,,,,,,,
1326,0.557,,,,,,,
1327,0.4194,,,,,,,
1328,0.4512,,,,,,,
1329,0.5981,,,,,,,
1330,0.3506,,,,,,,
1331,0.3547,,,,,,,
1332,0.6688,,,,,,,
1333,0.5832,,,,,,,
1334,0.6146,,,,,,,
1335,0.302,,,,,,,
1336,0.379,,,,,,,
1337,0.5386,,,,,,,
1338,0.4742,,,,,,,
1339,0.6016,,,,,,,
1340,0.4269,0.0313,0.3322,0.1817,-0.3956,0.3009,-0.1505,-0.2452
1341,0.6334,-0.0093,0.585,0.0969,-0.6426999999999999,0.5942999999999999,-0.4881,-0.5365
1342,0.5454,-0.0015,0.5224,0.338,-0.5468999999999999,0.5238999999999999,-0.18439999999999995,-0.20739999999999997
1343,0.5625,0.3417,0.7104,0.267,-0.2208,0.3687,-0.4434,-0.2955
1344,0.4741,0.0132,0.2305,0.2866,-0.46090000000000003,0.21730000000000002,0.05610000000000001,-0.1875
1345,0.4177,0.0296,0.1767,0.2478,-0.3881,0.1471,0.0711,-0.16990000000000002
1346,0.614,0.0417,0.7282,0.3384,-0.5723,0.6865,-0.3898,-0.2756
1347,0.4208,0.4964,0.6172,0.3118,0.0756,0.12079999999999996,-0.30539999999999995,-0.10899999999999999
1348,0.5173,0.4635,0.4825,0.2608,-0.05379999999999996,0.01899999999999996,-0.2217,-0.2565
1349,0.5623,0.0335,0.289,0.1932,-0.5288,0.25549999999999995,-0.09579999999999997,-0.3691
1350,0.2689,0.2515,0.5928,0.2418,-0.01739999999999997,0.3413,-0.351,-0.027099999999999985
1351,0.5343,0.3584,0.1621,0.1865,-0.1759,-0.1963,0.024400000000000005,-0.3478
1352,0.5472,0.6167,0.4236,0.1979,0.0695,-0.19310000000000005,-0.22569999999999998,-0.34930000000000005
1353,0.5361,0.437,0.2028,0.0749,-0.09910000000000002,-0.2342,-0.1279,-0.46120000000000005
1354,0.4045,0.0553,0.278,0.2655,-0.3492,0.2227,-0.012500000000000011,-0.139
1355,0.5146,,,,,,,
1356,0.4331,,,,,,,
1357,0.5797,,,,,,,
1358,0.4992,,,,,,,
1359,0.6968,,,,,,,
1360,0.6268,,,,,,,
1361,0.4608,,,,,,,
1362,0.2935,,,,,,,
1363,0.5505,,,,,,,
1364,0.6095,,,,,,,
1365,0.5804,,,,,,,
1366,0.5427,,,,,,,
1367,0.328,,,,,,,
1368,0.2667,,,,,,,
1369,0.404,,,,,,,
1370,0.4087,,,,,,,
1371,0.363,,,,,,,
1372,0.2704,,,,,,,
1373,0.3781,,,,,,,
1374,0.4925,,,,,,,
1375,0.5758,,,,,,,
1376,0.2202,,,,,,,
1377,0.7502,,,,,,,
1378,0.714,,,,,,,
1379,0.2623,,,,,,,
1380,0.7285,,,,,,,
1381,0.3834,,,,,,,
1382,0.2118,,,,,,,
1383,0.4785,,,,,,,
1384,0.461,,,,,,,
1385,0.3429,,,,,,,
1386,0.698,,,,,,,
1387,0.1971,,,,,,,
1388,0.6649,,,,,,,
1389,0.2069,,,,,,,
1390,0.4458,,,,,,,
1391,0.7256,,,,,,,
1392,0.6056,,,,,,,
1393,0.3826,,,,,,,
1394,0.4396,,,,,,,
1395,0.636,,,,,,,
1396,0.3749,,,,,,,
1397,0.5691,,,,,,,
1398,0.6904,,,,,,,
1399,0.8477,,,,,,,
1400,0.411,,,,,,,
1401,0.3797,,,,,,,
1402,0.5176,,,,,,,
1403,0.6405,,,,,,,
1404,0.2808,,,,,,,
1405,0.3723,,,,,,,
1406,0.4961,,,,,,,
1407,0.4618,0.445,0.289,0.2983,-0.01679999999999998,-0.15600000000000003,0.00930000000000003,-0.16349999999999998
1408,0.3635,0.2239,0.4167,0.1185,-0.1396,0.19280000000000003,-0.2982,-0.245
1409,0.4258,0.3073,0.2238,0.0657,-0.1185,-0.08350000000000002,-0.15810000000000002,-0.36010000000000003
1410,0.4713,0.4328,0.4032,0.226,-0.03849999999999998,-0.029600000000000015,-0.1772,-0.2453
1411,0.6219,0.4301,0.4686,0.2443,-0.19180000000000003,0.038500000000000034,-0.22430000000000003,-0.37760000000000005
1412,0.3691,0.6565,0.3192,0.1722,0.2874,-0.3373,-0.147,-0.1969
1413,0.537,0.5077,0.4992,0.2682,-0.029299999999999993,-0.008500000000000063,-0.23099999999999998,-0.26880000000000004
1414,0.5733,0.486,0.7301,0.3969,-0.08730000000000004,0.24409999999999998,-0.3332,-0.17640000000000006
1415,0.5068,0.1157,0.245,0.112,-0.3911,0.1293,-0.133,-0.39480000000000004
1416,0.4352,0.1485,0.334,0.0835,-0.28669999999999995,0.18550000000000003,-0.2505,-0.35169999999999996
1417,0.4612,-0.0201,0.535,0.2264,-0.4813,0.5551,-0.30860000000000004,-0.2348
1418,0.5794,0.1515,0.1237,0.1201,-0.42790000000000006,-0.02779999999999999,-0.003600000000000006,-0.45930000000000004
1419,0.4421,0.2182,0.1799,0.2961,-0.2239,-0.0383,0.11619999999999997,-0.14600000000000002
1420,0.5235,0.0513,0.5883,0.3622,-0.47219999999999995,0.537,-0.22610000000000002,-0.16129999999999994
1421,0.4539,0.2354,0.4338,0.2671,-0.21850000000000003,0.19840000000000002,-0.16670000000000001,-0.18680000000000002
1422,0.4456,,,,,,,
1423,0.5095,,,,,,,
1424,0.2472,,,,,,,
1425,0.5152,,,,,,,
1426,0.4559,,,,,,,
1427,0.7317,,,,,,,
1428,0.6717,,,,,,,
1429,0.6797,,,,,,,
1430,0.5791,,,,,,,
1431,0.6733,,,,,,,
1432,0.2077,,,,,,,
1433,0.3739,,,,,,,
1434,0.29,,,,,,,
1435,0.5221,,,,,,,
1436,0.2309,,,,,,,
1437,0.3084,,,,,,,
1438,0.2476,,,,,,,
1439,0.3803,,,,,,,
1440,0.4291,,,,,,,
1441,0.2548,,,,,,,
1442,0.3937,,,,,,,
1443,0.1839,,,,,,,
1444,0.1986,,,,,,,
1445,0.7563,,,,,,,
1446,0.1748,,,,,,,
1447,0.6094,,,,,,,
1448,0.4238,,,,,,,
1449,0.3196,,,,,,,
1450,0.2587,,,,,,,
1451,0.4235,,,,,,,
1452,0.3671,,,,,,,
1453,0.4851,,,,,,,
1454,0.7747,,,,,,,
1455,0.5782,,,,,,,
1456,0.5593,,,,,,,
1457,0.5482,,,,,,,
1458,0.6424,,,,,,,
1459,0.4379,,,,,,,
1460,0.2922,,,,,,,
1461,0.5059,,,,,,,
1462,0.6771,,,,,,,
1463,0.5798,,,,,,,
1464,0.4047,,,,,,,
1465,0.5357,,,,,,,
1466,0.7766,,,,,,,
1467,0.5491,,,,,,,
1468,0.4997,,,,,,,
1469,0.4233,,,,,,,
1470,0.6292,,,,,,,
1471,0.6119,,,,,,,
1472,0.2323,,,,,,,
1473,0.2384,,,,,,,
1474,0.357,-0.0097,0.3937,0.2197,-0.36669999999999997,0.4034,-0.174,-0.13729999999999998
1475,0.3666,0.3562,0.2788,0.121,-0.010399999999999965,-0.07740000000000002,-0.1578,-0.24559999999999998
1476,0.3026,0.3071,0.414,0.2811,0.004500000000000004,0.1069,-0.13289999999999996,-0.021499999999999964
1477,0.3816,0.257,0.3848,0.211,-0.12459999999999999,0.12779999999999997,-0.17379999999999998,-0.1706
1478,0.5737,0.5674,0.2622,0.3366,-0.006299999999999972,-0.3052,0.07440000000000002,-0.23709999999999998
1479,0.5312,0.192,0.1219,0.0975,-0.3392,-0.07010000000000001,-0.02439999999999999,-0.4337
1480,0.7442,0.5367,0.6668,0.3806,-0.20750000000000002,0.1301,-0.28619999999999995,-0.3636
1481,0.4218,0.1077,0.5494,0.2205,-0.3141,0.4417,-0.32889999999999997,-0.2013
1482,0.5172,0.0318,0.5844,0.2746,-0.4854,0.5526,-0.3098,-0.24259999999999998
1483,0.564,0.0557,0.3639,0.1657,-0.5083,0.30820000000000003,-0.19820000000000002,-0.3983
1484,0.5418,0.0911,0.433,0.1648,-0.45069999999999993,0.3419,-0.2682,-0.37699999999999995
1485,0.5297,0.0558,0.277,0.1468,-0.47389999999999993,0.2212,-0.1302,-0.3828999999999999
1486,0.476,0.7005,0.7134,0.302,0.22450000000000003,0.012900000000000023,-0.41140000000000004,-0.174
1487,0.6594,0.4507,0.4276,0.1765,-0.2087,-0.02310000000000001,-0.2511,-0.4829
1488,0.5664,0.3121,0.4195,0.2175,-0.2543,0.1074,-0.20199999999999999,-0.3489
1489,0.4965,,,,,,,
1490,0.6203,,,,,,,
1491,0.5401,,,,,,,
1492,0.4726,,,,,,,
1493,0.4314,,,,,,,
1494,0.4966,,,,,,,
1495,0.6869,,,,,,,
1496,0.7325,,,,,,,
1497,0.5498,,,,,,,
1498,0.2431,,,,,,,
1499,0.6173,,,,,,,
1500,0.267,,,,,,,
1501,0.3084,,,,,,,
1502,0.263,,,,,,,
1503,0.1877,,,,,,,
1504,0.2487,,,,,,,
1505,0.3162,,,,,,,
1506,0.2218,,,,,,,
1507,0.3685,,,,,,,
1508,0.2351,,,,,,,
1509,0.4136,,,,,,,
1510,0.2605,,,,,,,
1511,0.2632,,,,,,,
1512,0.4312,,,,,,,
1513,0.5022,,,,,,,
1514,0.1794,,,,,,,
1515,0.365,,,,,,,
1516,0.2231,,,,,,,
1517,0.4811,,,,,,,
1518,0.3304,,,,,,,
1519,0.5482,,,,,,,
1520,0.6256,,,,,,,
1521,0.6755,,,,,,,
1522,0.6119,,,,,,,
1523,0.4697,,,,,,,
1524,0.3054,,,,,,,
1525,0.3736,,,,,,,
1526,0.6651,,,,,,,
1527,0.202,,,,,,,
1528,0.5098,,,,,,,
1529,0.4757,,,,,,,
1530,0.6354,,,,,,,
1531,0.5019,,,,,,,
1532,0.5308,,,,,,,
1533,0.5227,,,,,,,
1534,0.6296,,,,,,,
1535,0.5223,,,,,,,
1536,0.5042,,,,,,,
1537,0.5194,,,,,,,
1538,0.6161,,,,,,,
1539,0.4622,,,,,,,
1540,0.2477,,,,,,,
1541,0.4061,0.1943,0.5838,0.1064,-0.21180000000000002,0.38949999999999996,-0.4774,-0.2997
1542,0.324,0.092,0.4194,0.1265,-0.232,0.3274,-0.2929,-0.1975
1543,0.3347,0.2589,0.5921,0.2626,-0.07579999999999998,0.33319999999999994,-0.32949999999999996,-0.0721
1544,0.3397,0.3355,0.6288,0.211,-0.0041999999999999815,0.2933,-0.41780000000000006,-0.1287
1545,0.4908,0.5643,0.5783,0.571,0.07350000000000001,0.014000000000000012,-0.007300000000000084,0.08019999999999994
1546,0.4412,0.2172,0.5569,0.3541,-0.22399999999999998,0.33969999999999995,-0.20279999999999992,-0.08709999999999996
1547,0.4524,0.3247,0.5091,0.3559,-0.12770000000000004,0.1844,-0.1532,-0.09650000000000003
1548,0.4327,0.4709,0.4742,0.1972,0.03820000000000001,0.003300000000000025,-0.277,-0.2355
1549,0.4931,0.232,0.2946,0.1466,-0.2611,0.06259999999999996,-0.14799999999999996,-0.3465
1550,0.5588,0.3076,0.3077,0.2416,-0.2512,9.999999999998899e-05,-0.06609999999999996,-0.3171999999999999
1551,0.4463,0.078,0.483,0.3167,-0.36829999999999996,0.40499999999999997,-0.1663,-0.1296
1552,0.5817,0.1793,0.5507,0.3615,-0.4024,0.37139999999999995,-0.18919999999999998,-0.2202
1553,0.7226,0.4456,0.116,0.1034,-0.277,-0.3296,-0.0126,-0.6192
1554,0.6134,0.291,0.6736,0.2565,-0.32239999999999996,0.3826,-0.41709999999999997,-0.35689999999999994
1555,0.4993,0.3042,0.2307,0.18,-0.1951,-0.07350000000000004,-0.050699999999999995,-0.31930000000000003
1556,0.5921,,,,,,,
1557,0.5862,,,,,,,
1558,0.5986,,,,,,,
1559,0.3303,,,,,,,
1560,0.393,,,,,,,
1561,0.3935,,,,,,,
1562,0.4621,,,,,,,
1563,0.5444,,,,,,,
1564,0.4903,,,,,,,
1565,0.6266,,,,,,,
1566,0.6426,,,,,,,
1567,0.418,,,,,,,
1568,0.3433,,,,,,,
1569,0.4485,,,,,,,
1570,0.3384,,,,,,,
1571,0.2634,,,,,,,
1572,0.305,,,,,,,
1573,0.225,,,,,,,
1574,0.2498,,,,,,,
1575,0.3655,,,,,,,
1576,0.6517,,,,,,,
1577,0.2218,,,,,,,
1578,0.3634,,,,,,,
1579,0.2126,,,,,,,
1580,0.5459,,,,,,,
1581,0.2739,,,,,,,
1582,0.538,,,,,,,
1583,0.2975,,,,,,,
1584,0.6049,,,,,,,
1585,0.5432,,,,,,,
1586,0.7373,,,,,,,
1587,0.5536,,,,,,,
1588,0.4788,,,,,,,
1589,0.3429,,,,,,,
1590,0.6276,,,,,,,
1591,0.4672,,,,,,,
1592,0.5527,,,,,,,
1593,0.4979,,,,,,,
1594,0.6387,,,,,,,
1595,0.3754,,,,,,,
1596,0.6226,,,,,,,
1597,0.6096,,,,,,,
1598,0.622,,,,,,,
1599,0.5906,,,,,,,
1600,0.516,,,,,,,
1601,0.5163,,,,,,,
1602,0.605,,,,,,,
1603,0.6337,,,,,,,
1604,0.1059,,,,,,,
1605,0.2369,,,,,,,
1606,0.2644,,,,,,,
1607,0.5091,,,,,,,
1608,0.3397,0.4573,0.3149,0.1069,0.11759999999999998,-0.14239999999999997,-0.20800000000000002,-0.2328
1609,0.3126,0.2917,0.4203,0.1898,-0.020899999999999974,0.1286,-0.2305,-0.12279999999999999
1610,0.2881,0.4875,0.1024,0.1359,0.19939999999999997,-0.3851,0.03349999999999999,-0.15220000000000003
1611,0.3065,0.1775,0.6763,0.4705,-0.129,0.4988,-0.20580000000000004,0.16399999999999998
1612,0.4491,0.1751,0.1514,0.1227,-0.274,-0.0237,-0.028700000000000003,-0.3264
1613,0.3712,0.2375,0.715,0.3629,-0.13369999999999999,0.4775,-0.35209999999999997,-0.008299999999999974
1614,0.2801,0.2729,0.2164,0.2107,-0.00720000000000004,-0.05649999999999997,-0.005700000000000011,-0.06940000000000002
1615,0.4145,0.4535,0.3993,0.1565,0.039000000000000035,-0.054200000000000026,-0.2428,-0.258
1616,0.537,0.2023,0.1531,0.1306,-0.3347,-0.049199999999999994,-0.02250000000000002,-0.40640000000000004
1617,0.5271,0.3661,0.7362,0.2061,-0.16100000000000003,0.3701,-0.5301,-0.321
1618,0.3313,0.6161,0.6621,0.3516,0.2848,0.04600000000000004,-0.3105,0.02030000000000004
1619,0.4737,0.5167,0.3063,0.1809,0.04300000000000004,-0.21040000000000003,-0.1254,-0.2928
1620,0.6056,0.0178,0.3058,0.139,-0.5878,0.28800000000000003,-0.1668,-0.4666
1621,0.507,0.0902,0.1973,0.3181,-0.4168,0.1071,0.12079999999999999,-0.1889
1622,0.5171,0.0295,0.433,0.1268,-0.48760000000000003,0.40349999999999997,-0.3062,-0.3903
1623,0.4709,,,,,,,
1624,0.5499,,,,,,,
1625,0.6033,,,,,,,
1626,0.5902,,,,,,,
1627,0.5789,,,,,,,
1628,0.325,,,,,,,
1629,0.4593,,,,,,,
1630,0.3551,,,,,,,
1631,0.5473,,,,,,,
1632,0.3734,,,,,,,
1633,0.5785,,,,,,,
1634,0.1912,,,,,,,
1635,0.2689,,,,,,,
1636,0.1588,,,,,,,
1637,0.4651,,,,,,,
1638,0.3089,,,,,,,
1639,0.3907,,,,,,,
1640,0.2782,,,,,,,
1641,0.3619,,,,,,,
1642,0.1924,,,,,,,
1643,0.2734,,,,,,,
1644,0.6967,,,,,,,
1645,0.1685,,,,,,,
1646,0.4552,,,,,,,
1647,0.681,,,,,,,
1648,0.4002,,,,,,,
1649,0.2024,,,,,,,
1650,0.2119,,,,,,,
1651,0.2945,,,,,,,
1652,0.5848,,,,,,,
1653,0.5112,,,,,,,
1654,0.399,,,,,,,
1655,0.4455,,,,,,,
1656,0.4549,,,,,,,
1657,0.2954,,,,,,,
1658,0.5619,,,,,,,
1659,0.712,,,,,,,
1660,0.6136,,,,,,,
1661,0.496,,,,,,,
1662,0.5576,,,,,,,
1663,0.5335,,,,,,,
1664,0.6039,,,,,,,
1665,0.6871,,,,,,,
1666,0.4384,,,,,,,
1667,0.5399,,,,,,,
1668,0.5209,,,,,,,
1669,0.6378,,,,,,,
1670,0.4715,,,,,,,
1671,0.6717,,,,,,,
1672,0.5071,,,,,,,
1673,0.5137,,,,,,,
1674,0.6806,,,,,,,
1675,0.3922,0.3591,0.4289,0.1778,-0.03310000000000002,0.06980000000000003,-0.2511,-0.21439999999999998
1676,0.3825,0.4241,0.1518,0.2277,0.04159999999999997,-0.2723,0.07590000000000002,-0.1548
1677,0.3796,0.6004,0.757,0.3823,0.22080000000000005,0.15659999999999996,-0.37470000000000003,0.00269999999999998
1678,0.3292,0.3079,0.4592,0.1721,-0.021299999999999986,0.1513,-0.2871,-0.1571
1679,0.3442,0.1934,0.6891,0.391,-0.15080000000000002,0.49570000000000003,-0.29810000000000003,0.04680000000000001
1680,0.2936,0.0487,0.6691,0.2665,-0.24490000000000003,0.6204000000000001,-0.4026,-0.027100000000000013
1681,0.3726,0.0904,0.7581,0.3529,-0.2822,0.6677,-0.4052,-0.019699999999999995
1682,0.3402,0.4475,0.4545,0.3798,0.1073,0.007000000000000006,-0.07469999999999999,0.039600000000000024
1683,0.3833,0.1158,0.5227,0.2498,-0.26749999999999996,0.40690000000000004,-0.27290000000000003,-0.13349999999999998
1684,0.3919,0.2754,0.5326,0.1722,-0.11650000000000005,0.2572,-0.36039999999999994,-0.21970000000000003
1685,0.5075,0.0356,0.5594,0.1801,-0.47189999999999993,0.5238,-0.37929999999999997,-0.3273999999999999
1686,0.4756,0.5783,0.3972,0.15,0.10270000000000001,-0.18110000000000004,-0.2472,-0.3256
1687,0.6234,0.5927,0.4609,0.2917,-0.03069999999999995,-0.13180000000000003,-0.16919999999999996,-0.33169999999999994
1688,0.5301,0.1302,0.1542,0.2309,-0.39990000000000003,0.023999999999999994,0.07669999999999999,-0.2992
1689,0.3676,0.2733,0.6306,0.491,-0.0943,0.35730000000000006,-0.13960000000000006,0.12340000000000001
1690,0.5469,,,,,,,
1691,0.614,,,,,,,
1692,0.6239,,,,,,,
1693,0.3119,,,,,,,
1694,0.4179,,,,,,,
1695,0.4328,,,,,,,
1696,0.4029,,,,,,,
1697,0.4164,,,,,,,
1698,0.3701,,,,,,,
1699,0.3453,,,,,,,
1700,0.5106,,,,,,,
1701,0.2005,,,,,,,
1702,0.4905,,,,,,,
1703,0.4308,,,,,,,
1704,0.393,,,,,,,
1705,0.2417,,,,,,,
1706,0.4958,,,,,,,
1707,0.2079,,,,,,,
1708,0.2661,,,,,,,
1709,0.3732,,,,,,,
1710,0.6962,,,,,,,
1711,0.6198,,,,,,,
1712,0.4948,,,,,,,
1713,0.8256,,,,,,,
1714,0.7389,,,,,,,
1715,0.3285,,,,,,,
1716,0.2529,,,,,,,
1717,0.4681,,,,,,,
1718,0.3346,,,,,,,
1719,0.5429,,,,,,,
1720,0.6828,,,,,,,
1721,0.6303,,,,,,,
1722,0.5794,,,,,,,
1723,0.3608,,,,,,,
1724,0.6407,,,,,,,
1725,0.7619,,,,,,,
1726,0.5802,,,,,,,
1727,0.3269,,,,,,,
1728,0.4978,,,,,,,
1729,0.6659,,,,,,,
1730,0.6344,,,,,,,
1731,0.5598,,,,,,,
1732,0.3064,,,,,,,
1733,0.5922,,,,,,,
1734,0.5929,,,,,,,
1735,0.5614,,,,,,,
1736,0.6941,,,,,,,
1737,0.3059,,,,,,,
1738,0.617,,,,,,,
1739,0.5424,,,,,,,
1740,0.6886,,,,,,,
1741,0.3496,,,,,,,
1742,0.4367,-0.0112,0.4719,0.1917,-0.44789999999999996,0.4831,-0.2802,-0.24499999999999997
1743,0.396,0.0641,0.6174,0.2511,-0.33190000000000003,0.5532999999999999,-0.36629999999999996,-0.14490000000000003
1744,0.3964,0.5197,0.3533,0.2332,0.12330000000000008,-0.16640000000000005,-0.12010000000000001,-0.16319999999999998
1745,0.5061,0.2584,0.5564,0.423,-0.24769999999999998,0.298,-0.13340000000000002,-0.08310000000000001
1746,0.5062,0.1434,0.5556,0.2685,-0.3628,0.4122,-0.28709999999999997,-0.23769999999999997
1747,0.3202,0.5054,0.7486,0.1971,0.18519999999999998,0.24320000000000008,-0.5515000000000001,-0.12309999999999999
1748,0.4477,0.0839,0.2154,0.3607,-0.3638,0.1315,0.1453,-0.08699999999999997
1749,0.3675,0.2132,0.3091,0.3716,-0.1543,0.09589999999999999,0.0625,0.0040999999999999925
1750,0.4669,0.31,0.2734,0.3579,-0.15689999999999998,-0.03660000000000002,0.08450000000000002,-0.10899999999999999
1751,0.4141,0.2356,0.4186,0.3272,-0.17850000000000002,0.18300000000000002,-0.09140000000000004,-0.08690000000000003
1752,0.4325,0.5478,0.4345,0.2485,0.11529999999999996,-0.11329999999999996,-0.186,-0.184
1753,0.6176,0.0979,0.7042,0.4027,-0.5197,0.6063000000000001,-0.30150000000000005,-0.21490000000000004
1754,0.4863,0.3938,0.3705,0.0575,-0.09250000000000003,-0.023299999999999987,-0.313,-0.4288
1755,0.3969,0.5574,0.3534,0.246,0.16050000000000003,-0.20400000000000001,-0.1074,-0.15089999999999998
1756,0.4169,0.2364,0.5756,0.3602,-0.1805,0.3392,-0.21539999999999998,-0.05669999999999997
1757,0.5931,,,,,,,
1758,0.4767,,,,,,,
1759,0.6378,,,,,,,
1760,0.4861,,,,,,,
1761,0.5498,,,,,,,
1762,0.4209,,,,,,,
1763,0.3732,,,,,,,
1764,0.576,,,,,,,
1765,0.4867,,,,,,,
1766,0.4384,,,,,,,
1767,0.3316,,,,,,,
1768,0.2974,,,,,,,
1769,0.2877,,,,,,,
1770,0.1557,,,,,,,
1771,0.2168,,,,,,,
1772,0.226,,,,,,,
1773,0.2919,,,,,,,
1774,0.8178,,,,,,,
1775,0.6864,,,,,,,
1776,0.7256,,,,,,,
1777,0.7096,,,,,,,
1778,0.7797,,,,,,,
1779,0.4735,,,,,,,
1780,0.7221,,,,,,,
1781,0.759,,,,,,,
1782,0.4997,,,,,,,
1783,0.7954,,,,,,,
1784,0.3854,,,,,,,
1785,0.5797,,,,,,,
1786,0.6741,,,,,,,
1787,0.7782,,,,,,,
1788,0.567,,,,,,,
1789,0.4362,,,,,,,
1790,0.6377,,,,,,,
1791,0.2008,,,,,,,
1792,0.5977,,,,,,,
1793,0.396,,,,,,,
1794,0.6038,,,,,,,
1795,0.5414,,,,,,,
1796,0.5837,,,,,,,
1797,0.7862,,,,,,,
1798,0.8624,,,,,,,
1799,0.6568,,,,,,,
1800,0.5153,,,,,,,
1801,0.4877,,,,,,,
1802,0.3857,,,,,,,
1803,0.435,,,,,,,
1804,0.4175,,,,,,,
1805,0.4275,,,,,,,
1806,0.4305,,,,,,,
1807,0.7209,,,,,,,
1808,0.453,,,,,,,
1809,0.4428,0.2747,0.271,0.1658,-0.16810000000000003,-0.003699999999999981,-0.10520000000000002,-0.277
1810,0.4418,0.0968,0.5177,0.2448,-0.34500000000000003,0.42090000000000005,-0.27290000000000003,-0.19700000000000004
1811,0.4629,0.0596,0.2524,0.2445,-0.4033,0.19280000000000003,-0.007900000000000018,-0.21839999999999998
1812,0.4754,-0.0045,0.2992,0.105,-0.4799,0.3037,-0.19420000000000004,-0.3704
1813,0.5151,0.5827,0.6316,0.2947,0.0676,0.048900000000000055,-0.33690000000000003,-0.22039999999999998
1814,0.4559,0.0105,0.4986,0.3768,-0.4454,0.4881,-0.12179999999999996,-0.0791
1815,0.4373,0.1048,0.5984,0.3436,-0.3325,0.49360000000000004,-0.2548,-0.0937
1816,0.4762,0.4052,0.4277,0.2176,-0.07100000000000001,0.02250000000000002,-0.21010000000000004,-0.25860000000000005
1817,0.5005,0.5094,0.2545,0.3385,0.008900000000000019,-0.25489999999999996,0.08400000000000002,-0.16199999999999992
1818,0.6123,0.4125,0.5179,0.3236,-0.19979999999999998,0.10540000000000005,-0.19430000000000003,-0.28869999999999996
1819,0.5264,0.4852,0.38,0.0972,-0.04119999999999996,-0.10520000000000002,-0.2828,-0.42919999999999997
1820,0.6246,0.7085,0.6163,0.2268,0.08389999999999997,-0.09220000000000006,-0.38949999999999996,-0.39780000000000004
1821,0.4028,0.5064,0.1701,0.2859,0.10359999999999997,-0.33629999999999993,0.11579999999999999,-0.1169
1822,0.6146,0.5651,0.5371,0.1286,-0.04949999999999999,-0.028000000000000025,-0.40850000000000003,-0.48600000000000004
1823,0.3834,0.2686,0.2546,0.0844,-0.11480000000000001,-0.014000000000000012,-0.1702,-0.29900000000000004
1824,0.6205,,,,,,,
1825,0.5255,,,,,,,
1826,0.5392,,,,,,,
1827,0.5569,,,,,,,
1828,0.567,,,,,,,
1829,0.5499,,,,,,,
1830,0.4521,,,,,,,
1831,0.5191,,,,,,,
1832,0.7293,,,,,,,
1833,0.3942,,,,,,,
1834,0.5677,,,,,,,
1835,0.3365,,,,,,,
1836,0.3006,,,,,,,
1837,0.1883,,,,,,,
1838,0.52,,,,,,,
1839,0.1909,,,,,,,
1840,0.4848,,,,,,,
1841,0.2856,,,,,,,
1842,0.1201,,,,,,,
1843,0.8176,,,,,,,
1844,0.2541,,,,,,,
1845,0.6047,,,,,,,
1846,0.5453,,,,,,,
1847,0.664,,,,,,,
1848,0.6282,,,,,,,
1849,0.248,,,,,,,
1850,0.5994,,,,,,,
1851,0.5021,,,,,,,
1852,0.1384,,,,,,,
1853,0.5608,,,,,,,
1854,0.2302,,,,,,,
1855,0.3469,,,,,,,
1856,0.6601,,,,,,,
1857,0.1501,,,,,,,
1858,0.6753,,,,,,,
1859,0.2332,,,,,,,
1860,0.8101,,,,,,,
1861,0.335,,,,,,,
1862,0.5763,,,,,,,
1863,0.7866,,,,,,,
1864,0.4824,,,,,,,
1865,0.6621,,,,,,,
1866,0.687,,,,,,,
1867,0.5915,,,,,,,
1868,0.5833,,,,,,,
1869,0.4153,,,,,,,
1870,0.4114,,,,,,,
1871,0.4818,,,,,,,
1872,0.4905,,,,,,,
1873,0.5495,,,,,,,
1874,0.6736,,,,,,,
1875,0.3543,,,,,,,
1876,0.4107,0.2153,0.0937,0.0296,-0.19540000000000002,-0.12159999999999999,-0.0641,-0.3811
1877,0.6001,0.3992,0.1749,0.2725,-0.20089999999999997,-0.2243,0.09760000000000002,-0.32759999999999995
1878,0.4111,0.5143,0.661,0.3881,0.10319999999999996,0.14670000000000005,-0.27290000000000003,-0.02300000000000002
1879,0.3928,0.6427,0.3719,0.2632,0.24990000000000007,-0.27080000000000004,-0.10870000000000002,-0.1296
1880,0.4,0.6244,0.605,0.3668,0.22439999999999993,-0.019399999999999973,-0.23819999999999997,-0.03320000000000001
1881,0.32,0.2232,0.179,0.1337,-0.0968,-0.04420000000000002,-0.04529999999999998,-0.1863
1882,0.3057,0.3726,0.6493,0.2018,0.06689999999999996,0.2767,-0.4475,-0.10390000000000002
1883,0.4266,0.5893,0.5643,0.2935,0.16270000000000007,-0.025000000000000022,-0.27080000000000004,-0.1331
1884,0.4621,0.1603,0.2672,0.0875,-0.3018,0.1069,-0.1797,-0.37460000000000004
1885,0.5163,0.591,0.2522,0.3019,0.07469999999999999,-0.3388,0.04970000000000002,-0.21439999999999998
1886,0.3984,0.4205,0.1652,0.176,0.02210000000000001,-0.25529999999999997,0.010799999999999976,-0.2224
1887,0.6272,0.5628,0.4379,0.2981,-0.06440000000000001,-0.12489999999999996,-0.13980000000000004,-0.3291
1888,0.5364,0.4993,0.3714,0.1713,-0.037099999999999966,-0.1279,-0.2001,-0.3651
1889,0.5408,0.3462,0.5096,0.264,-0.19459999999999994,0.16340000000000005,-0.24560000000000004,-0.27679999999999993
1890,0.4689,0.5202,0.5017,0.0916,0.05130000000000001,-0.01849999999999996,-0.4101,-0.37729999999999997
1891,0.4917,,,,,,,
1892,0.5193,,,,,,,
1893,0.3724,,,,,,,
1894,0.5667,,,,,,,
1895,0.6133,,,,,,,
1896,0.4909,,,,,,,
1897,0.4032,,,,,,,
1898,0.5248,,,,,,,
1899,0.5124,,,,,,,
1900,0.359,,,,,,,
1901,0.153,,,,,,,
1902,0.1598,,,,,,,
1903,0.3213,,,,,,,
1904,0.1762,,,,,,,
1905,0.2141,,,,,,,
1906,0.1135,,,,,,,
1907,0.1396,,,,,,,
1908,0.3821,,,,,,,
1909,0.7004,,,,,,,
1910,0.7307,,,,,,,
1911,0.2084,,,,,,,
1912,0.442,,,,,,,
1913,0.1964,,,,,,,
1914,0.7612,,,,,,,
1915,0.1895,,,,,,,
1916,0.4187,,,,,,,
1917,0.5652,,,,,,,
1918,0.5923,,,,,,,
1919,0.6856,,,,,,,
1920,0.4363,,,,,,,
1921,0.3007,,,,,,,
1922,0.4904,,,,,,,
1923,0.49,,,,,,,
1924,0.2938,,,,,,,
1925,0.2181,,,,,,,
1926,0.7489,,,,,,,
1927,0.7405,,,,,,,
1928,0.425,,,,,,,
1929,0.6273,,,,,,,
1930,0.6163,,,,,,,
1931,0.6291,,,,,,,
1932,0.3775,,,,,,,
1933,0.5178,,,,,,,
1934,0.5819,,,,,,,
1935,0.52,,,,,,,
1936,0.5733,,,,,,,
1937,0.446,,,,,,,
1938,0.3542,,,,,,,
1939,0.4232,,,,,,,
1940,0.5327,,,,,,,
1941,0.3552,,,,,,,
1942,0.4976,,,,,,,
1943,0.511,0.2196,0.1969,0.1284,-0.2914,-0.022699999999999998,-0.0685,-0.38260000000000005
1944,0.5648,0.6772,0.6209,0.2611,0.11240000000000006,-0.05630000000000002,-0.3598,-0.30369999999999997
1945,0.4553,0.715,0.7764,0.4505,0.2597,0.06140000000000001,-0.32589999999999997,-0.004799999999999971
1946,0.442,0.4765,0.4727,0.1503,0.034499999999999975,-0.00379999999999997,-0.3224,-0.2917
1947,0.4464,0.188,0.7482,0.1459,-0.2584,0.5602,-0.6023,-0.3005
1948,0.4674,0.5521,0.4875,0.2436,0.08470000000000005,-0.06460000000000005,-0.24389999999999998,-0.22379999999999997
1949,0.3387,0.7019,0.6811,0.2049,0.36319999999999997,-0.02079999999999993,-0.47620000000000007,-0.1338
1950,0.3825,0.1584,0.5103,0.3319,-0.2241,0.3519,-0.1784,-0.050600000000000034
1951,0.5176,-0.0034,0.0657,0.1444,-0.5209999999999999,0.0691,0.0787,-0.3732
1952,0.5131,0.0063,0.3743,0.2895,-0.5068,0.368,-0.08480000000000004,-0.22360000000000002
1953,0.5834,0.0241,0.5886,0.4009,-0.5593,0.5645,-0.18770000000000003,-0.18250000000000005
1954,0.4192,0.3555,0.4349,0.0851,-0.06370000000000003,0.07940000000000003,-0.3498,-0.3341
1955,0.3249,0.1218,0.5333,0.1332,-0.2031,0.4115,-0.4001,-0.1917
1956,0.4063,0.638,0.7088,0.3354,0.23170000000000002,0.07079999999999997,-0.3734,-0.07090000000000002
1957,0.35,0.2699,0.1472,0.1896,-0.0801,-0.12269999999999998,0.04239999999999999,-0.1604
1958,0.4934,,,,,,,
1959,0.6269,,,,,,,
1960,0.5373,,,,,,,
1961,0.5528,,,,,,,
1962,0.6016,,,,,,,
1963,0.5809,,,,,,,
1964,0.3206,,,,,,,
1965,0.4644,,,,,,,
1966,0.7039,,,,,,,
1967,0.3082,,,,,,,
1968,0.5768,,,,,,,
1969,0.422,,,,,,,
1970,0.1475,,,,,,,
1971,0.1413,,,,,,,
1972,0.1624,,,,,,,
1973,0.2784,,,,,,,
1974,0.1485,,,,,,,
1975,0.2716,,,,,,,
1976,0.2533,,,,,,,
1977,0.2839,,,,,,,
1978,0.6544,,,,,,,
1979,0.7598,,,,,,,
1980,0.5618,,,,,,,
1981,0.6448,,,,,,,
1982,0.1407,,,,,,,
1983,0.5484,,,,,,,
1984,0.2953,,,,,,,
1985,0.4076,,,,,,,
1986,0.7666,,,,,,,
1987,0.2312,,,,,,,
1988,0.5129,,,,,,,
1989,0.1782,,,,,,,
1990,0.2044,,,,,,,
1991,0.5112,,,,,,,
1992,0.7554,,,,,,,
1993,0.1834,,,,,,,
1994,0.2967,,,,,,,
1995,0.5851,,,,,,,
1996,0.5911,,,,,,,
1997,0.749,,,,,,,
1998,0.469,,,,,,,
1999,0.5118,,,,,,,
2000,0.5283,,,,,,,
2001,0.5244,,,,,,,
2002,0.5856,,,,,,,
2003,0.4682,,,,,,,
2004,0.4813,,,,,,,
2005,0.5363,,,,,,,
2006,0.5411,,,,,,,
2007,0.5944,,,,,,,
2008,0.3796,,,,,,,
2009,0.5031,,,,,,,
2010,0.4854,0.352,0.1912,0.1676,-0.13340000000000002,-0.16079999999999997,-0.02360000000000001,-0.31779999999999997
2011,0.5551,0.6564,0.7021,0.451,0.10129999999999995,0.04569999999999996,-0.25109999999999993,-0.10410000000000003
2012,0.3853,0.4978,0.242,0.1379,0.11250000000000004,-0.2558,-0.1041,-0.24739999999999998
2013,0.5522,0.6025,0.4986,0.2936,0.05030000000000001,-0.10390000000000005,-0.20499999999999996,-0.2586
2014,0.4866,0.541,0.4596,0.302,0.05440000000000006,-0.08140000000000003,-0.15760000000000002,-0.1846
2015,0.4095,0.2776,0.4028,0.2131,-0.13189999999999996,0.12519999999999998,-0.18969999999999998,-0.19639999999999996
2016,0.3446,0.5021,0.5296,0.3671,0.15749999999999997,0.02749999999999997,-0.16249999999999998,0.022499999999999964
2017,0.4854,0.458,0.5259,0.2836,-0.02739999999999998,0.06790000000000002,-0.24230000000000002,-0.20179999999999998
2018,0.518,0.1639,0.0722,-0.0084,-0.3541,-0.09169999999999999,-0.0806,-0.5264
2019,0.5214,0.439,0.4319,0.2022,-0.08239999999999997,-0.007099999999999995,-0.22970000000000002,-0.3192
2020,0.648,0.0575,0.5544,0.2222,-0.5905,0.4969,-0.3322,-0.4258
2021,0.4282,0.5784,0.1388,0.319,0.1502,-0.4396,0.1802,-0.10920000000000002
2022,0.4851,0.4083,0.3494,0.133,-0.07679999999999998,-0.05890000000000001,-0.21639999999999998,-0.35209999999999997
2023,0.3046,0.2887,0.4496,0.2655,-0.01589999999999997,0.1609,-0.18409999999999999,-0.03909999999999997
2024,0.5236,0.44,0.3471,0.2878,-0.08359999999999995,-0.09289999999999998,-0.05930000000000002,-0.23579999999999995
2025,0.576,,,,,,,
2026,0.5493,,,,,,,
2027,0.6021,,,,,,,
2028,0.7161,,,,,,,
2029,0.5267,,,,,,,
2030,0.7424,,,,,,,
2031,0.6725,,,,,,,
2032,0.3032,,,,,,,
2033,0.212,,,,,,,
2034,0.2627,,,,,,,
2035,0.219,,,,,,,
2036,0.6998,,,,,,,
2037,0.1823,,,,,,,
2038,0.1266,,,,,,,
2039,0.7966,,,,,,,
2040,0.4306,,,,,,,
2041,0.7551,,,,,,,
2042,0.8262,,,,,,,
2043,0.6127,,,,,,,
2044,0.4836,,,,,,,
2045,0.2529,,,,,,,
2046,0.1382,,,,,,,
2047,0.19,,,,,,,
2048,0.4226,,,,,,,
2049,0.425,,,,,,,
2050,0.2416,,,,,,,
2051,0.2021,,,,,,,
2052,0.2177,,,,,,,
2053,0.7958,,,,,,,
2054,0.301,,,,,,,
2055,0.2848,,,,,,,
2056,0.6872,,,,,,,
2057,0.3744,,,,,,,
2058,0.2952,,,,,,,
2059,0.3695,,,,,,,
2060,0.3859,,,,,,,
2061,0.4772,,,,,,,
2062,0.4006,,,,,,,
2063,0.5373,,,,,,,
2064,0.7961,,,,,,,
2065,0.4168,,,,,,,
2066,0.6693,,,,,,,
2067,0.3195,,,,,,,
2068,0.376,,,,,,,
2069,0.4765,,,,,,,
2070,0.5081,,,,,,,
2071,0.4677,,,,,,,
2072,0.5021,,,,,,,
2073,0.4867,,,,,,,
2074,0.494,,,,,,,
2075,0.5697,,,,,,,
2076,0.5505,,,,,,,
2077,0.5336,0.544,0.3985,0.1921,0.010400000000000076,-0.14550000000000002,-0.20640000000000003,-0.34149999999999997
2078,0.57,0.4439,0.7725,0.3673,-0.12609999999999993,0.32859999999999995,-0.40519999999999995,-0.20269999999999994
2079,0.4451,0.0582,0.3431,0.2494,-0.3869,0.28490000000000004,-0.0937,-0.19569999999999999
2080,0.4552,0.2381,0.275,0.2171,-0.2171,0.036900000000000016,-0.057900000000000035,-0.2381
2081,0.3669,0.5975,0.3188,0.245,0.23060000000000003,-0.27870000000000006,-0.07379999999999998,-0.12190000000000001
2082,0.425,0.4598,0.5347,0.2019,0.0348,0.07489999999999997,-0.3328,-0.2231
2083,0.5348,0.4871,0.4072,0.2261,-0.047700000000000076,-0.07989999999999997,-0.1811,-0.3087000000000001
2084,0.4814,0.4343,0.565,0.4349,-0.047099999999999975,0.13069999999999993,-0.13009999999999994,-0.046499999999999986
2085,0.5607,0.2625,0.3146,0.1771,-0.29819999999999997,0.05209999999999998,-0.13749999999999998,-0.38359999999999994
2086,0.601,0.3612,0.4006,0.2422,-0.23979999999999996,0.03939999999999999,-0.1584,-0.3588
2087,0.6471,0.6872,0.1303,0.2178,0.040100000000000025,-0.5569000000000001,0.0875,-0.4293
2088,0.3962,0.5038,0.1306,0.3858,0.10760000000000003,-0.37320000000000003,0.2552,-0.01040000000000002
2089,0.3379,0.5502,0.0638,0.3057,0.21230000000000004,-0.48640000000000005,0.24190000000000003,-0.03219999999999995
2090,0.4796,0.5871,0.6707,0.2405,0.10749999999999993,0.08360000000000001,-0.43019999999999997,-0.23910000000000003
2091,0.554,0.4172,0.321,0.3052,-0.13680000000000003,-0.09620000000000001,-0.01579999999999998,-0.24880000000000002
2092,0.481,,,,,,,
2093,0.6523,,,,,,,
2094,0.575,,,,,,,
2095,0.7645,,,,,,,
2096,0.6586,,,,,,,
2097,0.2329,,,,,,,
2098,0.7945,,,,,,,
2099,0.2606,,,,,,,
2100,0.1708,,,,,,,
2101,0.2937,,,,,,,
2102,0.1189,,,,,,,
2103,0.2905,,,,,,,
2104,0.3282,,,,,,,
2105,0.7898,,,,,,,
2106,0.1749,,,,,,,
2107,0.4155,,,,,,,
2108,0.3791,,,,,,,
2109,0.442,,,,,,,
2110,0.5568,,,,,,,
2111,0.1446,,,,,,,
2112,0.1276,,,,,,,
2113,0.4945,,,,,,,
2114,0.7184,,,,,,,
2115,0.3742,,,,,,,
2116,0.1743,,,,,,,
2117,0.4807,,,,,,,
2118,0.2062,,,,,,,
2119,0.7883,,,,,,,
2120,0.7162,,,,,,,
2121,0.3484,,,,,,,
2122,0.1591,,,,,,,
2123,0.2018,,,,,,,
2124,0.4132,,,,,,,
2125,0.7515,,,,,,,
2126,0.2409,,,,,,,
2127,0.3457,,,,,,,
2128,0.1914,,,,,,,
2129,0.5287,,,,,,,
2130,0.7155,,,,,,,
2131,0.6391,,,,,,,
2132,0.6979,,,,,,,
2133,0.6282,,,,,,,
2134,0.4554,,,,,,,
2135,0.4048,,,,,,,
2136,0.6256,,,,,,,
2137,0.6463,,,,,,,
2138,0.586,,,,,,,
2139,0.6141,,,,,,,
2140,0.6234,,,,,,,
2141,0.4691,,,,,,,
2142,0.5456,,,,,,,
2143,0.4495,,,,,,,
2144,0.4029,0.1228,0.2281,0.2184,-0.28009999999999996,0.10529999999999999,-0.009699999999999986,-0.18449999999999997
2145,0.4217,0.4098,0.3928,0.2424,-0.011900000000000022,-0.017000000000000015,-0.15039999999999998,-0.17930000000000001
2146,0.292,0.3298,0.5336,0.2089,0.0378,0.20379999999999998,-0.3247,-0.08309999999999998
2147,0.4544,0.2352,0.6935,0.2903,-0.21920000000000003,0.45830000000000004,-0.4032,-0.16410000000000002
2148,0.7089,0.5646,0.5167,0.2194,-0.14429999999999998,-0.04789999999999994,-0.2973,-0.48949999999999994
2149,0.5615,0.2638,0.7157,0.3611,-0.2977,0.4519,-0.3546,-0.20040000000000002
2150,0.5736,0.0082,0.2424,0.0894,-0.5654,0.2342,-0.15300000000000002,-0.4842
2151,0.5221,0.1161,0.2176,0.2047,-0.406,0.10149999999999999,-0.012899999999999995,-0.3174
2152,0.5014,0.2576,0.1827,0.1035,-0.24379999999999996,-0.0749,-0.0792,-0.3979
2153,0.559,0.5174,0.7042,0.3529,-0.04160000000000008,0.18680000000000008,-0.35130000000000006,-0.20610000000000006
2154,0.4745,0.6179,0.708,0.3358,0.14340000000000003,0.09009999999999996,-0.3722,-0.1387
2155,0.5727,0.4773,0.1822,0.2787,-0.09539999999999998,-0.29510000000000003,0.0965,-0.294
2156,0.6238,0.3223,0.3318,0.2079,-0.30150000000000005,0.009500000000000008,-0.12389999999999998,-0.41590000000000005
2157,0.554,0.2864,0.4903,0.1961,-0.26760000000000006,0.20390000000000003,-0.2942,-0.35790000000000005
2158,0.4727,0.4607,0.1928,0.3648,-0.01200000000000001,-0.2679,0.17200000000000001,-0.1079
2159,0.4061,,,,,,,
2160,0.4654,,,,,,,
2161,0.8036,,,,,,,
2162,0.309,,,,,,,
2163,0.5212,,,,,,,
2164,0.5682,,,,,,,
2165,0.3987,,,,,,,
2166,0.2172,,,,,,,
2167,0.4913,,,,,,,
2168,0.7659,,,,,,,
2169,0.6079,,,,,,,
2170,0.1495,,,,,,,
2171,0.1773,,,,,,,
2172,0.2497,,,,,,,
2173,0.1391,,,,,,,
2174,0.5131,,,,,,,
2175,0.6841,,,,,,,
2176,0.2476,,,,,,,
2177,0.2476,,,,,,,
2178,0.4776,,,,,,,
2179,0.7279,,,,,,,
2180,0.7536,,,,,,,
2181,0.7641,,,,,,,
2182,0.7382,,,,,,,
2183,0.4706,,,,,,,
2184,0.3141,,,,,,,
2185,0.1623,,,,,,,
2186,0.2465,,,,,,,
2187,0.1556,,,,,,,
2188,0.1844,,,,,,,
2189,0.6695,,,,,,,
2190,0.2355,,,,,,,
2191,0.1731,,,,,,,
2192,0.8024,,,,,,,
2193,0.6883,,,,,,,
2194,0.526,,,,,,,
2195,0.4548,,,,,,,
2196,0.7957,,,,,,,
2197,0.6766,,,,,,,
2198,0.5525,,,,,,,
2199,0.4404,,,,,,,
2200,0.1054,,,,,,,
2201,0.3514,,,,,,,
2202,0.2914,,,,,,,
2203,0.5518,,,,,,,
2204,0.1826,,,,,,,
2205,0.5432,,,,,,,
2206,0.2355,,,,,,,
2207,0.236,,,,,,,
2208,0.4478,,,,,,,
2209,0.5877,,,,,,,
2210,0.6036,,,,,,,
2211,0.4575,0.722,0.6961,0.4426,0.26449999999999996,-0.025899999999999923,-0.25350000000000006,-0.014900000000000024
2212,0.4781,0.4258,0.307,0.1743,-0.05230000000000001,-0.11880000000000002,-0.13269999999999998,-0.3038
2213,0.528,0.3396,0.556,0.0807,-0.1884,0.21640000000000004,-0.47530000000000006,-0.44730000000000003
2214,0.428,0.2102,0.6558,0.5715,-0.2178,0.44560000000000005,-0.08430000000000004,0.14350000000000002
2215,0.6203,0.1743,0.3116,0.1798,-0.44599999999999995,0.13729999999999998,-0.1318,-0.4405
2216,0.5661,0.4951,0.615,0.5073,-0.07100000000000006,0.1199,-0.10770000000000002,-0.058800000000000074
2217,0.6366,0.2601,0.3534,0.2096,-0.37650000000000006,0.0933,-0.14379999999999998,-0.42700000000000005
2218,0.6773,0.4912,0.4465,0.2947,-0.1861,-0.04470000000000002,-0.1518,-0.3826
2219,0.5387,0.3342,0.4726,0.16,-0.20449999999999996,0.13840000000000002,-0.3126,-0.3786999999999999
2220,0.4115,0.4207,0.4308,0.1943,0.009200000000000041,0.010099999999999998,-0.23650000000000002,-0.21719999999999998
2221,0.7459,0.212,0.626,0.3489,-0.5339,0.41400000000000003,-0.2771,-0.397
2222,0.2155,0.3247,0.4287,0.2114,0.10919999999999999,0.10400000000000004,-0.21730000000000002,-0.0040999999999999925
2223,0.3539,0.3955,0.168,0.3658,0.041600000000000026,-0.2275,0.1978,0.011900000000000022
2224,0.4416,0.1432,0.2739,0.1183,-0.2984,0.13069999999999998,-0.15559999999999996,-0.3233
2225,0.6752,0.2508,0.371,0.1515,-0.4244,0.12019999999999997,-0.2195,-0.5237
2226,0.6475,,,,,,,
2227,0.7897,,,,,,,
2228,0.8317,,,,,,,
2229,0.4193,,,,,,,
2230,0.7025,,,,,,,
2231,0.4791,,,,,,,
2232,0.2431,,,,,,,
2233,0.2736,,,,,,,
2234,0.2584,,,,,,,
2235,0.3061,,,,,,,
2236,0.2602,,,,,,,
2237,0.5263,,,,,,,
2238,0.4416,,,,,,,
2239,0.2074,,,,,,,
2240,0.3876,,,,,,,
2241,0.1812,,,,,,,
2242,0.3634,,,,,,,
2243,0.8025,,,,,,,
2244,0.4874,,,,,,,
2245,0.4746,,,,,,,
2246,0.5045,,,,,,,
2247,0.4897,,,,,,,
2248,0.3985,,,,,,,
2249,0.592,,,,,,,
2250,0.7875,,,,,,,
2251,0.4397,,,,,,,
2252,0.5481,,,,,,,
2253,0.5906,,,,,,,
2254,0.57,,,,,,,
2255,0.1931,,,,,,,
2256,0.273,,,,,,,
2257,0.7531,,,,,,,
2258,0.3107,,,,,,,
2259,0.4556,,,,,,,
2260,0.5548,,,,,,,
2261,0.5966,,,,,,,
2262,0.6995,,,,,,,
2263,0.762,,,,,,,
2264,0.7003,,,,,,,
2265,0.6905,,,,,,,
2266,0.3797,,,,,,,
2267,0.3619,,,,,,,
2268,0.5839,,,,,,,
2269,0.4985,,,,,,,
2270,0.6427,,,,,,,
2271,0.4073,,,,,,,
2272,0.4803,,,,,,,
2273,0.5814,,,,,,,
2274,0.3641,,,,,,,
2275,0.51,,,,,,,
2276,0.4868,,,,,,,
2277,0.423,,,,,,,
2278,0.4643,0.3406,0.6479,0.4622,-0.12369999999999998,0.3073,-0.18570000000000003,-0.0020999999999999908
2279,0.6709,0.7368,0.4084,0.1971,0.06589999999999996,-0.3284,-0.2113,-0.47380000000000005
2280,0.4189,0.4661,0.3113,0.1002,0.04720000000000002,-0.1548,-0.2111,-0.3187
2281,0.4941,0.1936,0.1751,0.1583,-0.3005,-0.01849999999999999,-0.01680000000000001,-0.3358
2282,0.406,0.1469,0.1554,0.267,-0.2591,0.008500000000000008,0.1116,-0.139
2283,0.61,0.6523,0.2781,0.25,0.042300000000000004,-0.3742,-0.028100000000000014,-0.36
2284,0.4727,0.6746,0.5009,0.3581,0.20189999999999997,-0.17369999999999997,-0.14280000000000004,-0.11460000000000004
2285,0.7273,0.5386,0.3112,0.3085,-0.18869999999999998,-0.2274,-0.00269999999999998,-0.41879999999999995
2286,0.6915,0.1455,0.1435,0.5624,-0.546,-0.0020000000000000018,0.41890000000000005,-0.1291
2287,0.7599,0.3293,0.3986,0.0487,-0.43060000000000004,0.06930000000000003,-0.3499,-0.7112
2288,0.8029,0.2589,0.5034,0.3124,-0.5439999999999999,0.24449999999999994,-0.19099999999999995,-0.49049999999999994
2289,0.3702,0.2328,0.2522,0.2175,-0.13739999999999997,0.019399999999999973,-0.03469999999999998,-0.15269999999999997
2290,0.747,0.3435,0.3469,0.1186,-0.40349999999999997,0.0033999999999999586,-0.2283,-0.6284
2291,0.845,0.3847,0.4425,0.209,-0.4603,0.05780000000000002,-0.2335,-0.636
2292,0.8326,0.0487,-0.241,0.1007,-0.7839,-0.2897,0.3417,-0.7319
2293,0.7771,,,,,,,
2294,0.6178,,,,,,,
2295,0.5227,,,,,,,
2296,0.7673,,,,,,,
2297,0.5278,,,,,,,
2298,0.8,,,,,,,
2299,0.3755,,,,,,,
2300,0.3626,,,,,,,
2301,0.7854,,,,,,,
2302,0.6784,,,,,,,
2303,0.4022,,,,,,,
2304,0.4598,,,,,,,
2305,0.3888,,,,,,,
2306,0.2316,,,,,,,
2307,0.4973,,,,,,,
2308,0.0826,,,,,,,
2309,0.2111,,,,,,,
2310,0.3811,,,,,,,
2311,0.625,,,,,,,
2312,0.1669,,,,,,,
2313,0.22,,,,,,,
2314,0.2801,,,,,,,
2315,0.2454,,,,,,,
2316,0.4099,,,,,,,
2317,0.3697,,,,,,,
2318,0.6732,,,,,,,
2319,0.3674,,,,,,,
2320,0.7961,,,,,,,
2321,0.7637,,,,,,,
2322,0.2369,,,,,,,
2323,0.2742,,,,,,,
2324,0.357,,,,,,,
2325,0.5064,,,,,,,
2326,0.4544,,,,,,,
2327,0.7732,,,,,,,
2328,0.2107,,,,,,,
2329,0.4705,,,,,,,
2330,0.749,,,,,,,
2331,0.7973,,,,,,,
2332,0.707,,,,,,,
2333,0.2409,,,,,,,
2334,0.6308,,,,,,,
2335,0.4851,,,,,,,
2336,0.4937,,,,,,,
2337,0.4878,,,,,,,
2338,0.5213,,,,,,,
2339,0.4933,,,,,,,
2340,0.6605,,,,,,,
2341,0.6938,,,,,,,
2342,0.2468,,,,,,,
2343,0.3789,,,,,,,
2344,0.5119,,,,,,,
2345,0.7104,0.2261,0.2119,0.2493,-0.48430000000000006,-0.01419999999999999,0.03739999999999999,-0.46110000000000007
2346,0.6717,0.4506,0.2943,0.4747,-0.22109999999999996,-0.1563,0.1804,-0.19699999999999995
2347,0.6739,0.6893,0.7173,0.4386,0.01539999999999997,0.028000000000000025,-0.27870000000000006,-0.23530000000000006
2348,0.5908,0.5482,0.5248,0.2092,-0.04259999999999997,-0.023399999999999976,-0.31560000000000005,-0.3816
2349,0.6134,0.5545,0.3702,0.1387,-0.05889999999999995,-0.18430000000000002,-0.23149999999999998,-0.47469999999999996
2350,0.5615,0.4968,0.7192,0.3024,-0.06469999999999998,0.22239999999999993,-0.41679999999999995,-0.2591
2351,0.5075,0.4262,0.357,0.2599,-0.08129999999999993,-0.06920000000000004,-0.09709999999999996,-0.24759999999999993
2352,0.5396,0.5323,0.4987,0.2526,-0.007299999999999973,-0.03360000000000002,-0.24609999999999999,-0.287
2353,0.5845,-0.0588,0.1014,0.0985,-0.6433,0.1602,-0.0029,-0.486
2354,0.7807,0.416,0.2365,0.2461,-0.36469999999999997,-0.1795,0.009600000000000025,-0.5346
2355,0.4249,0.3023,0.3464,0.2835,-0.12259999999999999,0.04409999999999997,-0.06290000000000001,-0.14140000000000003
2356,0.7789,0.6737,0.1879,0.4724,-0.10520000000000007,-0.48579999999999995,0.2845,-0.30650000000000005
2357,0.3767,0.4087,0.3471,0.3054,0.03200000000000003,-0.06159999999999999,-0.041700000000000015,-0.07129999999999997
2358,0.7447,0.1656,0.4135,0.1459,-0.5791000000000001,0.24789999999999998,-0.26759999999999995,-0.5988
2359,0.6209,0.0717,0.4643,0.3138,-0.5492,0.3926,-0.15049999999999997,-0.3071
2360,0.6073,,,,,,,
2361,0.5609,,,,,,,
2362,0.7053,,,,,,,
2363,0.5025,,,,,,,
2364,0.4434,,,,,,,
2365,0.5604,,,,,,,
2366,0.4607,,,,,,,
2367,0.6039,,,,,,,
2368,0.2601,,,,,,,
2369,0.4186,,,,,,,
2370,0.3759,,,,,,,
2371,0.3003,,,,,,,
2372,0.2805,,,,,,,
2373,0.4314,,,,,,,
2374,0.8498,,,,,,,
2375,0.63,,,,,,,
2376,0.7464,,,,,,,
2377,0.4727,,,,,,,
2378,0.6672,,,,,,,
2379,0.1181,,,,,,,
2380,0.539,,,,,,,
2381,0.5691,,,,,,,
2382,0.4174,,,,,,,
2383,0.4565,,,,,,,
2384,0.158,,,,,,,
2385,0.1887,,,,,,,
2386,0.4073,,,,,,,
2387,0.4034,,,,,,,
2388,0.6816,,,,,,,
2389,0.6239,,,,,,,
2390,0.3189,,,,,,,
2391,0.3173,,,,,,,
2392,0.5319,,,,,,,
2393,0.7508,,,,,,,
2394,0.4567,,,,,,,
2395,0.1737,,,,,,,
2396,0.7049,,,,,,,
2397,0.7704,,,,,,,
2398,0.7937,,,,,,,
2399,0.7004,,,,,,,
2400,0.5059,,,,,,,
2401,0.4266,,,,,,,
2402,0.7436,,,,,,,
2403,0.464,,,,,,,
2404,0.6657,,,,,,,
2405,0.7085,,,,,,,
2406,0.47,,,,,,,
2407,0.3266,,,,,,,
2408,0.5705,,,,,,,
2409,0.7081,,,,,,,
2410,0.6023,,,,,,,
2411,0.504,,,,,,,
2412,0.3848,0.4119,0.3032,0.1819,0.027100000000000013,-0.10869999999999996,-0.12130000000000002,-0.20289999999999997
2413,0.584,0.5812,0.6301,0.4352,-0.0027999999999999137,0.048899999999999944,-0.19490000000000002,-0.1488
2414,0.5603,0.2789,0.4952,0.2174,-0.28140000000000004,0.2163,-0.27779999999999994,-0.3429
2415,0.4272,0.261,0.4154,0.2381,-0.16620000000000001,0.15439999999999998,-0.17729999999999999,-0.18910000000000002
2416,0.3112,0.4859,0.577,0.1143,0.17470000000000002,0.09109999999999996,-0.46269999999999994,-0.19689999999999996
2417,0.5324,0.5118,0.5695,0.1758,-0.02059999999999995,0.057699999999999974,-0.3937,-0.3566
2418,0.5887,0.3604,0.5968,0.386,-0.2283,0.2364,-0.2108,-0.2027
2419,0.4973,0.4216,0.3352,0.3022,-0.07570000000000005,-0.08639999999999998,-0.032999999999999974,-0.1951
2420,0.7637,0.1967,0.18,0.1415,-0.5670000000000001,-0.01670000000000002,-0.038500000000000006,-0.6222000000000001
2421,0.6705,0.4224,0.2495,0.3243,-0.2481,-0.1729,0.07479999999999998,-0.3462
2422,0.7447,0.2072,0.0965,0.17,-0.5375000000000001,-0.11069999999999999,0.07350000000000001,-0.5747
2423,0.5983,0.115,0.6561,0.3199,-0.48330000000000006,0.5411,-0.3362,-0.27840000000000004
2424,0.6149,0.1541,0.2401,0.2817,-0.4608,0.08600000000000002,0.0416,-0.3332
2425,0.6571,0.4965,0.8123,0.2972,-0.16060000000000002,0.3158,-0.5151,-0.3599
2426,0.624,0.6096,0.6661,0.2852,-0.014399999999999968,0.056499999999999995,-0.3809,-0.3388
2427,0.7013,,,,,,,
2428,0.6693,,,,,,,
2429,0.6552,,,,,,,
2430,0.6173,,,,,,,
2431,0.5276,,,,,,,
2432,0.5813,,,,,,,
2433,0.4593,,,,,,,
2434,0.6498,,,,,,,
2435,0.4871,,,,,,,
2436,0.3703,,,,,,,
2437,0.1724,,,,,,,
2438,0.4577,,,,,,,
2439,0.3714,,,,,,,
2440,0.1866,,,,,,,
2441,0.432,,,,,,,
2442,0.2774,,,,,,,
2443,0.5029,,,,,,,
2444,0.1893,,,,,,,
2445,0.198,,,,,,,
2446,0.2027,,,,,,,
2447,0.277,,,,,,,
2448,0.432,,,,,,,
2449,0.5731,,,,,,,
2450,0.6406,,,,,,,
2451,0.1039,,,,,,,
2452,0.2816,,,,,,,
2453,0.2164,,,,,,,
2454,0.3134,,,,,,,
2455,0.3862,,,,,,,
2456,0.7303,,,,,,,
2457,0.713,,,,,,,
2458,0.3256,,,,,,,
2459,0.3153,,,,,,,
2460,0.4658,,,,,,,
2461,0.4377,,,,,,,
2462,0.678,,,,,,,
2463,0.5108,,,,,,,
2464,0.6949,,,,,,,
2465,0.7002,,,,,,,
2466,0.7627,,,,,,,
2467,0.6665,,,,,,,
2468,0.4658,,,,,,,
2469,0.6174,,,,,,,
2470,0.3535,,,,,,,
2471,0.4344,,,,,,,
2472,0.5267,,,,,,,
2473,0.6014,,,,,,,
2474,0.2432,,,,,,,
2475,0.4698,,,,,,,
2476,0.5785,,,,,,,
2477,0.2962,,,,,,,
2478,0.448,,,,,,,
2479,0.4112,0.4276,0.611,0.2975,0.01639999999999997,0.1834,-0.3135,-0.11370000000000002
2480,0.6792,0.3751,0.2053,0.2291,-0.30410000000000004,-0.16979999999999998,0.023799999999999988,-0.45010000000000006
2481,0.7514,0.4306,0.2885,0.2382,-0.3208,-0.1421,-0.050299999999999984,-0.5132
2482,0.5109,0.478,0.2385,0.1551,-0.03290000000000004,-0.2395,-0.0834,-0.3558
2483,0.4341,0.3465,0.2913,0.1746,-0.08760000000000001,-0.05519999999999997,-0.1167,-0.25949999999999995
2484,0.4334,0.1351,0.3284,0.1236,-0.2983,0.19330000000000003,-0.20480000000000004,-0.3098
2485,0.3858,0.6182,0.701,0.3136,0.2324,0.08279999999999998,-0.38739999999999997,-0.07219999999999999
2486,0.6778,0.2613,0.212,0.15,-0.4165,-0.04929999999999998,-0.062,-0.5277999999999999
2487,0.7206,0.2345,0.547,0.2598,-0.48610000000000003,0.31250000000000006,-0.28720000000000007,-0.46080000000000004
2488,0.6852,0.3677,0.3675,0.4249,-0.3175,-0.00020000000000003348,0.05740000000000001,-0.26030000000000003
2489,0.7472,0.1262,0.0929,0.1477,-0.621,-0.03330000000000001,0.0548,-0.5994999999999999
2490,0.677,0.415,0.4434,0.1806,-0.26200000000000007,0.028400000000000036,-0.26280000000000003,-0.49640000000000006
2491,0.5907,0.3792,0.4074,0.2221,-0.21150000000000002,0.028200000000000003,-0.1853,-0.36860000000000004
2492,0.5966,0.7412,0.7682,0.1468,0.14459999999999995,0.027000000000000024,-0.6214,-0.4498
2493,0.6129,0.5207,0.5687,0.3089,-0.09219999999999995,0.04799999999999993,-0.2598,-0.304
2494,0.6577,,,,,,,
2495,0.734,,,,,,,
2496,0.585,,,,,,,
2497,0.5953,,,,,,,
2498,0.5739,,,,,,,
2499,0.5555,,,,,,,
2500,0.3667,,,,,,,
2501,0.6468,,,,,,,
2502,0.9045,,,,,,,
2503,0.496,,,,,,,
2504,0.5496,,,,,,,
2505,0.5633,,,,,,,
2506,0.2202,,,,,,,
2507,0.1216,,,,,,,
2508,0.2438,,,,,,,
2509,0.6703,,,,,,,
2510,0.3316,,,,,,,
2511,0.5573,,,,,,,
2512,0.2801,,,,,,,
2513,0.7205,,,,,,,
2514,0.2207,,,,,,,
2515,0.4144,,,,,,,
2516,0.3875,,,,,,,
2517,0.4795,,,,,,,
2518,0.2107,,,,,,,
2519,0.1424,,,,,,,
2520,0.3896,,,,,,,
2521,0.7405,,,,,,,
2522,0.4078,,,,,,,
2523,0.5361,,,,,,,
2524,0.2981,,,,,,,
2525,0.7066,,,,,,,
2526,0.3585,,,,,,,
2527,0.3917,,,,,,,
2528,0.6088,,,,,,,
2529,0.4375,,,,,,,
2530,0.5964,,,,,,,
2531,0.499,,,,,,,
2532,0.5759,,,,,,,
2533,0.5301,,,,,,,
2534,0.4784,,,,,,,
2535,0.5316,,,,,,,
2536,0.6184,,,,,,,
2537,0.5671,,,,,,,
2538,0.4709,,,,,,,
2539,0.5978,,,,,,,
2540,0.5452,,,,,,,
2541,0.5286,,,,,,,
2542,0.4693,,,,,,,
2543,0.4005,,,,,,,
2544,0.2364,,,,,,,
2545,0.5552,,,,,,,
2546,0.6835,0.222,0.1643,0.0902,-0.4615,-0.0577,-0.0741,-0.5932999999999999
2547,0.6648,0.2877,0.1243,0.226,-0.37709999999999994,-0.16340000000000002,0.10170000000000001,-0.43879999999999997
2548,0.6878,0.7428,0.6524,0.0953,0.05500000000000005,-0.09040000000000004,-0.5570999999999999,-0.5925
2549,0.6242,0.5378,0.3876,0.3719,-0.08640000000000003,-0.15019999999999994,-0.015699999999999992,-0.25229999999999997
2550,0.7052,0.3208,0.2281,0.1603,-0.3844000000000001,-0.09269999999999998,-0.0678,-0.5449
2551,0.5737,0.4961,0.3373,0.2461,-0.0776,-0.1588,-0.09119999999999998,-0.3276
2552,0.5533,0.0482,0.0435,0.0458,-0.5051,-0.004700000000000003,0.0023000000000000034,-0.5075000000000001
2553,0.6628,0.7561,0.7006,0.1285,0.09330000000000005,-0.055499999999999994,-0.5721,-0.5343
2554,0.6719,0.3603,0.215,0.1621,-0.31160000000000004,-0.1453,-0.0529,-0.5098
2555,0.6304,0.5959,0.5192,0.2274,-0.034499999999999975,-0.07669999999999999,-0.2918,-0.40299999999999997
2556,0.5615,0.315,0.4093,0.2095,-0.2465,0.0943,-0.1998,-0.352
2557,0.4901,0.144,0.1877,0.019,-0.34609999999999996,0.04370000000000002,-0.16870000000000002,-0.47109999999999996
2558,0.6116,0.3837,0.3059,0.1947,-0.22790000000000005,-0.07779999999999998,-0.1112,-0.41690000000000005
2559,0.7525,0.3529,0.2564,0.191,-0.39959999999999996,-0.09649999999999997,-0.06540000000000001,-0.5614999999999999
2560,0.2549,0.435,0.3922,0.0351,0.18009999999999998,-0.042800000000000005,-0.3571,-0.21980000000000002
2561,0.623,,,,,,,
2562,0.6655,,,,,,,
2563,0.4419,,,,,,,
2564,0.5162,,,,,,,
2565,0.5067,,,,,,,
2566,0.8433,,,,,,,
2567,0.1202,,,,,,,
2568,0.148,,,,,,,
2569,0.1607,,,,,,,
2570,0.2053,,,,,,,
2571,0.2003,,,,,,,
2572,0.7556,,,,,,,
2573,0.2737,,,,,,,
2574,0.8218,,,,,,,
2575,0.3125,,,,,,,
2576,0.169,,,,,,,
2577,-0.0146,,,,,,,
2578,0.5554,,,,,,,
2579,0.1846,,,,,,,
2580,0.3523,,,,,,,
2581,0.2686,,,,,,,
2582,0.5316,,,,,,,
2583,0.5289,,,,,,,
2584,0.4686,,,,,,,
2585,0.8103,,,,,,,
2586,0.1872,,,,,,,
2587,0.1486,,,,,,,
2588,0.723,,,,,,,
2589,0.7699,,,,,,,
2590,0.7917,,,,,,,
2591,0.7972,,,,,,,
2592,0.605,,,,,,,
2593,0.5375,,,,,,,
2594,0.5431,,,,,,,
2595,0.6262,,,,,,,
2596,0.5521,,,,,,,
2597,0.5576,,,,,,,
2598,0.6737,,,,,,,
2599,0.5034,,,,,,,
2600,0.7776,,,,,,,
2601,0.6647,,,,,,,
2602,0.4529,,,,,,,
2603,0.4473,,,,,,,
2604,0.6269,,,,,,,
2605,0.5314,,,,,,,
2606,0.4695,,,,,,,
2607,0.5029,,,,,,,
2608,0.4542,,,,,,,
2609,0.5832,,,,,,,
2610,0.2688,,,,,,,
2611,0.3166,,,,,,,
2612,0.287,,,,,,,
2613,0.6565,0.4208,0.021,0.106,-0.23569999999999997,-0.3998,0.08499999999999999,-0.5505
2614,0.7633,0.4446,0.676,0.149,-0.3187,0.23140000000000005,-0.527,-0.6143
2615,0.3003,0.4458,0.3077,0.0751,0.14549999999999996,-0.1381,-0.23259999999999997,-0.2252
2616,0.7628,0.1657,0.1959,0.335,-0.5971000000000001,0.030200000000000005,0.13910000000000003,-0.4278
2617,0.7358,0.1933,0.307,0.2298,-0.5425,0.1137,-0.07719999999999999,-0.506
2618,0.7291,0.2871,0.1733,0.2529,-0.44199999999999995,-0.11380000000000001,0.0796,-0.47619999999999996
2619,0.7438,0.4498,0.3418,0.2636,-0.29400000000000004,-0.10799999999999998,-0.07819999999999999,-0.4802
2620,0.7865,0.0739,0.115,0.1557,-0.7126,0.04110000000000001,0.0407,-0.6308
2621,0.7326,0.2214,0.1473,0.1193,-0.5112,-0.07410000000000003,-0.027999999999999983,-0.6133000000000001
2622,0.5571,0.1315,0.1342,0.202,-0.42560000000000003,0.002700000000000008,0.0678,-0.3551
2623,0.7639,0.0881,0.1517,0.1036,-0.6758000000000001,0.0636,-0.048100000000000004,-0.6603
2624,0.3132,0.4291,0.3052,0.2344,0.1159,-0.12389999999999995,-0.07080000000000003,-0.07879999999999998
2625,0.5663,0.0684,0.575,0.2024,-0.4979,0.5065999999999999,-0.37259999999999993,-0.3639
2626,0.7675,0.3624,0.6741,0.3277,-0.40509999999999996,0.31170000000000003,-0.34640000000000004,-0.43979999999999997
2627,0.7986,0.4821,0.6625,0.3422,-0.3165,0.1804,-0.3203,-0.4564
2628,0.4231,,,,,,,
2629,0.693,,,,,,,
2630,0.4433,,,,,,,
2631,0.5131,,,,,,,
2632,0.6761,,,,,,,
2633,0.2182,,,,,,,
2634,0.4772,,,,,,,
2635,0.3199,,,,,,,
2636,0.2972,,,,,,,
2637,0.7574,,,,,,,
2638,0.5628,,,,,,,
2639,0.7138,,,,,,,
2640,0.7417,,,,,,,
2641,0.6861,,,,,,,
2642,0.6962,,,,,,,
2643,0.2854,,,,,,,
2644,0.7628,,,,,,,
2645,0.6579,,,,,,,
2646,0.2763,,,,,,,
2647,0.2136,,,,,,,
2648,0.6221,,,,,,,
2649,0.3256,,,,,,,
2650,0.5134,,,,,,,
2651,0.234,,,,,,,
2652,0.3394,,,,,,,
2653,0.7521,,,,,,,
2654,0.6824,,,,,,,
2655,0.7714,,,,,,,
2656,0.6321,,,,,,,
2657,0.6716,,,,,,,
2658,0.4993,,,,,,,
2659,0.3151,,,,,,,
2660,0.5472,,,,,,,
2661,0.6362,,,,,,,
2662,0.4811,,,,,,,
2663,0.6324,,,,,,,
2664,0.3834,,,,,,,
2665,0.3597,,,,,,,
2666,0.6704,,,,,,,
2667,0.5819,,,,,,,
2668,0.5333,,,,,,,
2669,0.526,,,,,,,
2670,0.5834,,,,,,,
2671,0.593,,,,,,,
2672,0.669,,,,,,,
2673,0.6224,,,,,,,
2674,0.477,,,,,,,
2675,0.7611,,,,,,,
2676,0.4776,,,,,,,
2677,0.7326,,,,,,,
2678,0.38,,,,,,,
2679,0.4354,,,,,,,
2680,0.6113,0.2474,0.2206,0.1282,-0.36389999999999995,-0.026800000000000018,-0.09239999999999998,-0.4831
2681,0.5436,0.3324,0.4337,0.158,-0.2112,0.1013,-0.27569999999999995,-0.38559999999999994
2682,0.7119,0.365,0.2424,0.0279,-0.3469,-0.12259999999999999,-0.2145,-0.6839999999999999
2683,0.689,0.3193,0.7452,-0.0533,-0.3697,0.4259,-0.7985,-0.7423
2684,0.4877,0.0838,0.1203,0.0405,-0.40390000000000004,0.036500000000000005,-0.07980000000000001,-0.44720000000000004
2685,0.3552,0.3028,0.2672,,-0.0524,-0.03560000000000002,,
2686,0.6728,0.0665,0.3065,-0.0162,-0.6063,0.24,-0.3227,-0.689
2687,0.7203,0.1565,0.2125,0.1287,-0.5638000000000001,0.055999999999999994,-0.08379999999999999,-0.5916
2688,0.8272,0.4835,0.1248,0.0098,-0.34370000000000006,-0.3587,-0.11499999999999999,-0.8174
2689,0.6908,0.6323,0.6067,0.3415,-0.058499999999999996,-0.025599999999999956,-0.2652,-0.34929999999999994
2690,0.8396,0.5257,0.3893,0.2457,-0.31390000000000007,-0.13639999999999997,-0.14359999999999998,-0.5939
2691,0.3643,0.359,0.1666,0.1867,-0.005300000000000027,-0.1924,0.020100000000000007,-0.1776
2692,0.5011,0.5188,0.5081,0.1281,0.01770000000000005,-0.010700000000000043,-0.38,-0.373
2693,0.6822,0.585,0.3977,0.2118,-0.09720000000000006,-0.18729999999999997,-0.1859,-0.47040000000000004
2694,0.589,0.174,0.1744,0.0662,-0.415,0.00040000000000001146,-0.1082,-0.5227999999999999
2695,0.2745,,,,,,,
2696,0.739,,,,,,,
2697,0.7044,,,,,,,
2698,0.4981,,,,,,,
2699,0.614,,,,,,,
2700,0.7066,,,,,,,
2701,0.3273,,,,,,,
2702,0.8151,,,,,,,
2703,0.6367,,,,,,,
2704,0.7666,,,,,,,
2705,0.2415,,,,,,,
2706,0.7019,,,,,,,
2707,0.6889,,,,,,,
2708,0.2362,,,,,,,
2709,0.716,,,,,,,
2710,0.2408,,,,,,,
2711,0.1747,,,,,,,
2712,0.3007,,,,,,,
2713,0.2258,,,,,,,
2714,0.5301,,,,,,,
2715,0.3552,,,,,,,
2716,0.1902,,,,,,,
2717,0.7098,,,,,,,
2718,0.5948,,,,,,,
2719,0.4876,,,,,,,
2720,0.3773,,,,,,,
2721,0.5385,,,,,,,
2722,0.3581,,,,,,,
2723,0.2222,,,,,,,
2724,0.5534,,,,,,,
2725,0.238,,,,,,,
2726,0.5052,,,,,,,
2727,0.4556,,,,,,,
2728,0.6343,,,,,,,
2729,0.1152,,,,,,,
2730,0.6565,,,,,,,
2731,0.5735,,,,,,,
2732,0.8051,,,,,,,
2733,0.556,,,,,,,
2734,0.3983,,,,,,,
2735,0.3739,,,,,,,
2736,0.2215,,,,,,,
2737,0.7646,,,,,,,
2738,0.3316,,,,,,,
2739,0.5757,,,,,,,
2740,0.5191,,,,,,,
2741,0.5421,,,,,,,
2742,0.5524,,,,,,,
2743,0.3855,,,,,,,
2744,0.6504,,,,,,,
2745,0.5458,,,,,,,
2746,0.2794,,,,,,,
2747,0.5727,0.3294,0.8323,0.0735,-0.24329999999999996,0.5029,-0.7588,-0.4992
2748,0.3525,0.0392,0.0618,0.074,-0.31329999999999997,0.022600000000000002,0.012199999999999996,-0.27849999999999997
2749,0.4897,0.0209,0.0575,0.0532,-0.46880000000000005,0.03660000000000001,-0.004300000000000005,-0.4365
2750,0.435,0.1637,0.1039,0.0899,-0.2713,-0.059800000000000006,-0.014000000000000012,-0.3451
2751,0.5492,0.1714,0.2595,0.1497,-0.3778,0.08810000000000001,-0.10980000000000001,-0.3995
2752,0.5863,0.5762,0.4745,0.0391,-0.010099999999999998,-0.10170000000000007,-0.43539999999999995,-0.5472
2753,0.5176,0.3145,0.2609,0.0963,-0.20309999999999995,-0.05359999999999998,-0.16460000000000002,-0.42129999999999995
2754,0.7919,0.4338,0.1778,0.1142,-0.35810000000000003,-0.256,-0.06360000000000002,-0.6777000000000001
2755,0.6614,0.1057,0.09,0.3065,-0.5557,-0.015700000000000006,0.2165,-0.3549
2756,0.4669,0.4483,0.2149,0.0883,-0.018600000000000005,-0.23339999999999997,-0.1266,-0.3786
2757,0.6133,0.1201,0.2641,0.1295,-0.49319999999999997,0.14400000000000002,-0.1346,-0.48379999999999995
2758,0.6159,0.0351,0.1175,0.1048,-0.5808,0.0824,-0.012699999999999989,-0.5111
2759,0.6223,0.1841,0.1611,0.0329,-0.4381999999999999,-0.02300000000000002,-0.12819999999999998,-0.5893999999999999
2760,0.5875,0.3771,0.4008,0.0958,-0.21040000000000003,0.0237,-0.305,-0.4917
2761,0.7018,0.1881,0.1948,0.0947,-0.5137,0.0067000000000000115,-0.1001,-0.6071
2762,0.4435,,,,,,,
2763,0.7863,,,,,,,
2764,0.7478,,,,,,,
2765,0.506,,,,,,,
2766,0.7395,,,,,,,
2767,0.7032,,,,,,,
2768,0.4693,,,,,,,
2769,0.2844,,,,,,,
2770,0.2181,,,,,,,
2771,0.3366,,,,,,,
2772,0.2474,,,,,,,
2773,0.6084,,,,,,,
2774,0.4374,,,,,,,
2775,0.2805,,,,,,,
2776,0.654,,,,,,,
2777,0.7332,,,,,,,
2778,0.8207,,,,,,,
2779,0.363,,,,,,,
2780,0.632,,,,,,,
2781,0.358,,,,,,,
2782,0.5884,,,,,,,
2783,0.3127,,,,,,,
2784,0.4327,,,,,,,
2785,0.5154,,,,,,,
2786,0.6079,,,,,,,
2787,0.468,,,,,,,
2788,0.556,,,,,,,
2789,0.5789,,,,,,,
2790,0.6451,,,,,,,
2791,0.7338,,,,,,,
2792,0.7054,,,,,,,
2793,0.4782,,,,,,,
2794,0.6019,,,,,,,
2795,0.4365,,,,,,,
2796,0.1317,,,,,,,
2797,0.4865,,,,,,,
2798,0.2552,,,,,,,
2799,0.2971,,,,,,,
2800,0.3579,,,,,,,
2801,0.2939,,,,,,,
2802,0.3861,,,,,,,
2803,0.2325,,,,,,,
2804,0.2234,,,,,,,
2805,0.3759,,,,,,,
2806,0.617,,,,,,,
2807,0.23,,,,,,,
2808,0.5687,,,,,,,
2809,0.5358,,,,,,,
2810,0.4962,,,,,,,
2811,0.6507,,,,,,,
2812,0.4644,,,,,,,
2813,0.4004,,,,,,,
2814,0.5418,0.1596,0.6231,0.1383,-0.3822,0.4635,-0.4848,-0.40349999999999997
2815,0.4895,0.0177,0.1167,0.1903,-0.4718,0.099,0.0736,-0.2992
2816,0.3802,-0.0109,0.0964,0.0427,-0.3911,0.1073,-0.0537,-0.33749999999999997
2817,0.3865,0.1218,0.3007,0.1912,-0.2647,0.1789,-0.10950000000000001,-0.1953
2818,0.3952,0.1932,0.4719,0.4482,-0.20199999999999999,0.27869999999999995,-0.0237,0.05299999999999999
2819,0.4081,0.2472,0.264,0.3573,-0.16090000000000002,0.01680000000000001,0.0933,-0.05080000000000001
2820,0.4711,0.0772,0.1956,0.1945,-0.39390000000000003,0.11839999999999999,-0.0010999999999999899,-0.2766
2821,0.4839,0.3288,0.3304,0.0492,-0.15510000000000002,0.0016000000000000458,-0.2812,-0.4347
2822,0.5681,0.1818,0.1325,0.1147,-0.3863000000000001,-0.04929999999999998,-0.01780000000000001,-0.4534
2823,0.66,0.3772,0.1614,0.335,-0.28280000000000005,-0.2158,0.17360000000000003,-0.325
2824,0.5782,0.3344,0.5241,0.3752,-0.24380000000000007,0.18970000000000004,-0.14890000000000003,-0.20300000000000007
2825,0.3114,0.2583,0.13,0.0569,-0.053100000000000036,-0.12829999999999997,-0.0731,-0.2545
2826,0.6744,0.6771,0.7083,0.0115,0.0027000000000000357,0.031200000000000006,-0.6968000000000001,-0.6629
2827,0.6507,0.4481,0.5139,0.1243,-0.20259999999999995,0.06580000000000003,-0.38960000000000006,-0.5264
2828,0.6872,0.2206,0.3963,0.376,-0.4666,0.1757,-0.020299999999999985,-0.31120000000000003
2829,0.7193,,,,,,,
2830,0.6978,,,,,,,
2831,0.6408,,,,,,,
2832,0.7437,,,,,,,
2833,0.6238,,,,,,,
2834,0.2517,,,,,,,
2835,0.373,,,,,,,
2836,0.2418,,,,,,,
2837,0.6968,,,,,,,
2838,0.6463,,,,,,,
2839,0.5679,,,,,,,
2840,0.5429,,,,,,,
2841,0.3113,,,,,,,
2842,0.7704,,,,,,,
2843,0.4572,,,,,,,
2844,0.6419,,,,,,,
2845,0.7553,,,,,,,
2846,0.3466,,,,,,,
2847,0.237,,,,,,,
2848,0.2705,,,,,,,
2849,0.1876,,,,,,,
2850,0.4419,,,,,,,
2851,0.1446,,,,,,,
2852,0.5514,,,,,,,
2853,0.612,,,,,,,
2854,0.2457,,,,,,,
2855,0.7064,,,,,,,
2856,0.4754,,,,,,,
2857,0.7217,,,,,,,
2858,0.5714,,,,,,,
2859,0.2953,,,,,,,
2860,0.6543,,,,,,,
2861,0.497,,,,,,,
2862,0.5511,,,,,,,
2863,0.5283,,,,,,,
2864,0.4919,,,,,,,
2865,-0.0877,,,,,,,
2866,0.5264,,,,,,,
2867,0.622,,,,,,,
2868,0.532,,,,,,,
2869,0.446,,,,,,,
2870,0.7279,,,,,,,
2871,0.3223,,,,,,,
2872,0.465,,,,,,,
2873,0.7368,,,,,,,
2874,0.173,,,,,,,
2875,0.2891,,,,,,,
2876,0.5097,,,,,,,
2877,0.4764,,,,,,,
2878,0.5774,,,,,,,
2879,0.5629,,,,,,,
2880,0.5713,,,,,,,
2881,0.207,0.5603,0.3526,0.0777,0.35330000000000006,-0.2077,-0.27490000000000003,-0.12929999999999997
2882,0.1215,0.1021,0.6045,0.0168,-0.0194,0.5024000000000001,-0.5877,-0.1047
2883,0.1241,0.2575,0.7122,-0.0442,0.13340000000000002,0.45470000000000005,-0.7564000000000001,-0.1683
2884,0.3297,0.1175,0.1916,0.0325,-0.2122,0.0741,-0.1591,-0.2972
2885,0.1824,0.0256,0.6004,0.3638,-0.1568,0.5748000000000001,-0.23660000000000003,0.1814
2886,0.3291,0.0209,0.3637,0.5356,-0.30820000000000003,0.34280000000000005,0.17189999999999994,0.20649999999999996
2887,0.356,0.5755,0.0727,0.1553,0.21950000000000003,-0.5028,0.08259999999999999,-0.2007
2888,0.3397,0.0005,0.4095,0.5244,-0.3392,0.409,0.1149,0.18469999999999998
2889,0.391,0.0292,0.4577,0.462,-0.3618,0.4285,0.004300000000000026,0.07100000000000001
2890,0.4675,0.183,0.3094,0.0988,-0.28450000000000003,0.1264,-0.2106,-0.3687
2891,0.5216,0.5102,0.4466,0.2786,-0.011399999999999966,-0.06359999999999999,-0.16799999999999998,-0.24299999999999994
2892,0.2969,0.2659,0.5892,0.0361,-0.030999999999999972,0.3232999999999999,-0.5530999999999999,-0.2608
2893,0.2425,0.4045,0.5489,0.137,0.16200000000000003,0.14440000000000003,-0.41190000000000004,-0.10549999999999998
2894,0.4575,0.4589,0.5766,-0.0694,0.0013999999999999568,0.11770000000000003,-0.646,-0.5269
2895,0.5352,0.4255,0.5374,0.0992,-0.10970000000000002,0.1119,-0.4382,-0.436
2896,0.5471,,,,,,,
2897,0.1914,,,,,,,
2898,0.7731,,,,,,,
2899,0.6085,,,,,,,
2900,0.5298,,,,,,,
2901,0.4806,,,,,,,
2902,0.6834,,,,,,,
2903,0.7503,,,,,,,
2904,-0.0038,,,,,,,
2905,0.338,,,,,,,
2906,0.4873,,,,,,,
2907,0.3,,,,,,,
2908,0.3022,,,,,,,
2909,0.2646,,,,,,,
2910,0.37,,,,,,,
2911,0.2889,,,,,,,
2912,0.4633,,,,,,,
2913,0.6247,,,,,,,
2914,0.7414,,,,,,,
2915,0.7495,,,,,,,
2916,0.4609,,,,,,,
2917,0.5879,,,,,,,
2918,0.1765,,,,,,,
2919,0.5858,,,,,,,
2920,0.674,,,,,,,
2921,0.4611,,,,,,,
2922,0.3274,,,,,,,
2923,0.2799,,,,,,,
2924,0.6264,,,,,,,
2925,0.5112,,,,,,,
2926,0.4728,,,,,,,
2927,0.6208,,,,,,,
2928,0.7065,,,,,,,
2929,0.5947,,,,,,,
2930,0.3863,,,,,,,
2931,0.577,,,,,,,
2932,0.4558,,,,,,,
2933,0.5009,,,,,,,
2934,0.4272,,,,,,,
2935,0.4613,,,,,,,
2936,0.5894,,,,,,,
2937,0.4612,,,,,,,
2938,0.7062,,,,,,,
2939,0.5508,,,,,,,
2940,0.6844,,,,,,,
2941,0.674,,,,,,,
2942,0.3657,,,,,,,
2943,0.2527,,,,,,,
2944,0.5255,,,,,,,
2945,0.5841,,,,,,,
2946,0.3679,,,,,,,
2947,0.5987,,,,,,,
2948,0.1344,0.6256,0.5541,,0.4912000000000001,-0.07150000000000001,,
2949,0.137,0.1185,0.1598,,-0.018500000000000016,0.0413,,
2950,0.3179,0.2449,0.595,0.2568,-0.07300000000000001,0.35009999999999997,-0.3382,-0.06110000000000004
2951,0.2408,0.2676,0.1712,-0.0252,0.026800000000000018,-0.09640000000000001,-0.1964,-0.266
2952,0.1077,0.5014,0.7048,-0.0301,0.39369999999999994,0.20340000000000003,-0.7349,-0.1378
2953,0.122,0.1245,0.1898,0.169,0.0025000000000000022,0.0653,-0.020799999999999985,0.047000000000000014
2954,0.184,0.3827,0.4466,0.3134,0.1987,0.06390000000000001,-0.13319999999999999,0.12940000000000002
2955,0.4027,0.0113,0.4112,0.2651,-0.3914,0.39990000000000003,-0.1461,-0.1376
2956,0.3772,0.3022,0.0692,0.1895,-0.07499999999999996,-0.23300000000000004,0.1203,-0.18769999999999998
2957,0.5746,0.6812,0.659,0.3004,0.10660000000000003,-0.022199999999999998,-0.35860000000000003,-0.2742
2958,0.4793,0.2457,0.2957,0.2575,-0.2336,0.05000000000000002,-0.03820000000000001,-0.2218
2959,0.5546,0.1296,0.1625,0.057,-0.425,0.03290000000000001,-0.10550000000000001,-0.4976
2960,0.4519,0.1319,0.1346,0.1286,-0.32000000000000006,0.002700000000000008,-0.006000000000000005,-0.32330000000000003
2961,0.4672,0.1744,0.2551,,-0.2928,0.0807,,
2962,0.5276,0.4441,0.4477,0.1519,-0.08349999999999996,0.003599999999999992,-0.29579999999999995,-0.3756999999999999
2963,0.6601,,,,,,,
2964,0.6665,,,,,,,
2965,0.6799,,,,,,,
2966,0.5779,,,,,,,
2967,0.6445,,,,,,,
2968,0.4579,,,,,,,
2969,0.3361,,,,,,,
2970,0.7145,,,,,,,
2971,0.4358,,,,,,,
2972,0.6167,,,,,,,
2973,0.5809,,,,,,,
2974,0.6433,,,,,,,
2975,0.1695,,,,,,,
2976,0.7428,,,,,,,
2977,0.6267,,,,,,,
2978,0.6614,,,,,,,
2979,0.5902,,,,,,,
2980,0.6592,,,,,,,
2981,0.6846,,,,,,,
2982,0.809,,,,,,,
2983,0.3951,,,,,,,
2984,0.4104,,,,,,,
2985,0.267,,,,,,,
2986,0.4842,,,,,,,
2987,0.359,,,,,,,
2988,0.6086,,,,,,,
2989,0.1675,,,,,,,
2990,0.6755,,,,,,,
2991,0.4269,,,,,,,
2992,0.1778,,,,,,,
2993,0.5961,,,,,,,
2994,0.2732,,,,,,,
2995,0.3348,,,,,,,
2996,0.5694,,,,,,,
2997,0.6748,,,,,,,
2998,0.3582,,,,,,,
2999,0.4699,,,,,,,
3000,0.3501,,,,,,,
3001,0.39,,,,,,,
3002,0.6455,,,,,,,
3003,0.4975,,,,,,,
3004,0.3957,,,,,,,
3005,0.3989,,,,,,,
3006,0.5023,,,,,,,
3007,0.4504,,,,,,,
3008,0.6393,,,,,,,
3009,0.4919,,,,,,,
3010,0.3894,,,,,,,
3011,0.4857,,,,,,,
3012,0.4629,,,,,,,
3013,0.37,,,,,,,
3014,0.5642,,,,,,,
3015,0.2297,0.6738,0.6641,0.028,0.44409999999999994,-0.009699999999999931,-0.6361,-0.2017
3016,0.2409,0.1478,0.3491,-0.0081,-0.09310000000000002,0.20130000000000003,-0.3572,-0.249
3017,0.2201,0.1165,0.0464,-0.0168,-0.10359999999999998,-0.07010000000000001,-0.06319999999999999,-0.2369
3018,0.3451,0.16,0.2296,0.2255,-0.18510000000000001,0.0696,-0.0040999999999999925,-0.11960000000000001
3019,0.0888,0.0463,0.0315,0.0484,-0.0425,-0.0148,0.0169,-0.040400000000000005
3020,0.0774,0.2267,0.1154,0.2587,0.14930000000000002,-0.11130000000000001,0.14329999999999998,0.1813
3021,0.2679,0.1452,0.1031,0.173,-0.12270000000000003,-0.0421,0.06989999999999999,-0.09490000000000004
3022,0.2613,0.1187,-0.1706,0.236,-0.14259999999999998,-0.2893,0.40659999999999996,-0.02529999999999999
3023,0.2572,0.3686,0.8074,0.491,0.1114,0.4388,-0.3164,0.2338
3024,0.5536,0.2461,0.2769,0.2641,-0.3075,0.030799999999999966,-0.012799999999999978,-0.2895
3025,0.4788,0.5451,0.662,0.1394,0.06630000000000003,0.1169,-0.5226000000000001,-0.33940000000000003
3026,0.6039,0.3036,0.8006,0.4274,-0.3003,0.497,-0.3732,-0.1765
3027,0.5144,0.3943,0.2065,0.1904,-0.12009999999999998,-0.1878,-0.016099999999999975,-0.32399999999999995
3028,0.6785,0.0765,0.0636,0.0177,-0.602,-0.012899999999999995,-0.0459,-0.6607999999999999
3029,0.7388,0.165,0.2267,0.1024,-0.5738,0.061700000000000005,-0.12430000000000001,-0.6364
3030,0.3434,,,,,,,
3031,0.4161,,,,,,,
3032,0.6224,,,,,,,
3033,0.676,,,,,,,
3034,0.3778,,,,,,,
3035,0.4641,,,,,,,
3036,0.5113,,,,,,,
3037,0.7696,,,,,,,
3038,0.5452,,,,,,,
3039,0.551,,,,,,,
3040,0.7021,,,,,,,
3041,0.7445,,,,,,,
3042,0.5921,,,,,,,
3043,0.5854,,,,,,,
3044,0.6204,,,,,,,
3045,0.5752,,,,,,,
3046,0.8102,,,,,,,
3047,0.1147,,,,,,,
3048,0.7086,,,,,,,
3049,0.5648,,,,,,,
3050,0.2435,,,,,,,
3051,0.3654,,,,,,,
3052,0.5831,,,,,,,
3053,0.125,,,,,,,
3054,0.4184,,,,,,,
3055,0.7456,,,,,,,
3056,0.4068,,,,,,,
3057,0.2245,,,,,,,
3058,0.2844,,,,,,,
3059,0.7157,,,,,,,
3060,0.7683,,,,,,,
3061,0.7383,,,,,,,
3062,0.5958,,,,,,,
3063,0.6952,,,,,,,
3064,0.6086,,,,,,,
3065,0.5762,,,,,,,
3066,0.4883,,,,,,,
3067,0.3306,,,,,,,
3068,0.6368,,,,,,,
3069,0.4716,,,,,,,
3070,0.3428,,,,,,,
3071,0.6039,,,,,,,
3072,0.3275,,,,,,,
3073,0.5706,,,,,,,
3074,0.5705,,,,,,,
3075,0.3342,,,,,,,
3076,0.3997,,,,,,,
3077,0.3094,,,,,,,
3078,0.527,,,,,,,
3079,0.3366,,,,,,,
3080,0.233,,,,,,,
3081,0.4903,,,,,,,
3082,0.2417,0.0764,0.1381,0.1582,-0.1653,0.061700000000000005,0.020100000000000007,-0.08349999999999999
3083,0.2316,0.3485,0.1159,0.1378,0.11689999999999998,-0.23259999999999997,0.021900000000000003,-0.0938
3084,0.2222,0.0481,0.2823,0.2744,-0.1741,0.2342,-0.007900000000000018,0.05219999999999997
3085,0.2952,0.37,0.3461,0.0928,0.07479999999999998,-0.023899999999999977,-0.2533,-0.20240000000000002
3086,0.3159,0.1616,0.1938,0.2105,-0.15430000000000002,0.032200000000000006,0.016699999999999993,-0.10540000000000002
3087,0.2923,0.2949,0.087,0.2095,0.002599999999999991,-0.2079,0.1225,-0.08280000000000001
3088,0.3818,0.0112,0.227,0.1154,-0.3706,0.21580000000000002,-0.1116,-0.26639999999999997
3089,0.587,0.2192,0.2455,0.1948,-0.36779999999999996,0.02629999999999999,-0.050699999999999995,-0.3922
3090,0.5981,0.3404,0.6151,0.119,-0.2577,0.2747,-0.4961,-0.47909999999999997
3091,0.4848,0.0233,0.1165,0.311,-0.4615,0.0932,0.1945,-0.1738
3092,0.4079,0.4316,0.3262,0.174,0.0237,-0.1054,-0.1522,-0.2339
3093,0.6251,0.6878,0.6535,0.4062,0.06269999999999998,-0.0343,-0.24729999999999996,-0.21889999999999998
3094,0.7649,0.4497,0.5963,0.4297,-0.31520000000000004,0.14660000000000006,-0.16660000000000003,-0.3352
3095,0.6906,0.2129,0.3465,0.1589,-0.4777,0.13359999999999997,-0.18759999999999996,-0.5317
3096,0.7663,0.4733,0.4022,0.2715,-0.293,-0.0711,-0.13069999999999998,-0.49479999999999996
3097,0.6443,,,,,,,
3098,0.7942,,,,,,,
3099,0.63,,,,,,,
3100,0.4444,,,,,,,
3101,0.6796,,,,,,,
3102,0.4316,,,,,,,
3103,0.2213,,,,,,,
3104,0.7509,,,,,,,
3105,0.4386,,,,,,,
3106,0.7531,,,,,,,
3107,0.5596,,,,,,,
3108,0.6925,,,,,,,
3109,0.4472,,,,,,,
3110,0.6118,,,,,,,
3111,0.5718,,,,,,,
3112,0.6762,,,,,,,
3113,0.4544,,,,,,,
3114,0.6495,,,,,,,
3115,0.791,,,,,,,
3116,0.7336,,,,,,,
3117,0.3124,,,,,,,
3118,0.2734,,,,,,,
3119,0.6812,,,,,,,
3120,0.3356,,,,,,,
3121,0.7392,,,,,,,
3122,-0.1678,,,,,,,
3123,0.5018,,,,,,,
3124,0.613,,,,,,,
3125,0.5685,,,,,,,
3126,0.5531,,,,,,,
3127,0.5054,,,,,,,
3128,0.5468,,,,,,,
3129,0.502,,,,,,,
3130,0.6242,,,,,,,
3131,0.5976,,,,,,,
3132,0.5652,,,,,,,
3133,0.5359,,,,,,,
3134,0.5694,,,,,,,
3135,0.533,,,,,,,
3136,0.2581,,,,,,,
3137,0.225,,,,,,,
3138,0.1468,,,,,,,
3139,0.5655,,,,,,,
3140,0.357,,,,,,,
3141,0.6309,,,,,,,
3142,0.3229,,,,,,,
3143,0.476,,,,,,,
3144,0.2975,,,,,,,
3145,0.6266,,,,,,,
3146,0.2543,,,,,,,
3147,0.2683,,,,,,,
3148,0.4243,,,,,,,
3149,0.3788,0.1521,0.2673,0.0697,-0.2267,0.11519999999999997,-0.1976,-0.30910000000000004
3150,0.4608,0.0067,0.1008,0.112,-0.4541,0.0941,0.011200000000000002,-0.3488
3151,0.4274,0.0149,0.3444,0.2826,-0.4125,0.32949999999999996,-0.061799999999999966,-0.14479999999999998
3152,0.6895,-0.0128,0.5331,0.2958,-0.7023,0.5459,-0.2373,-0.3937
3153,0.5013,,0.3431,0.3126,,,-0.030500000000000027,-0.18869999999999998
3154,0.6147,0.3634,0.4344,0.2063,-0.2513,0.07100000000000001,-0.2281,-0.4084
3155,0.5114,0.0201,0.2883,0.2292,-0.49129999999999996,0.2682,-0.059100000000000014,-0.2822
3156,0.46,0.0205,0.3355,0.1165,-0.4395,0.315,-0.21900000000000003,-0.3435
3157,0.6845,0.0837,0.185,0.0897,-0.6008,0.1013,-0.0953,-0.5948
3158,0.4048,0.1075,0.1792,0.0864,-0.2973,0.0717,-0.0928,-0.3184
3159,0.4215,0.4209,0.45,0.186,-0.0005999999999999894,0.029100000000000015,-0.264,-0.2355
3160,0.3396,0.5215,0.7303,0.464,0.18189999999999995,0.20879999999999999,-0.2662999999999999,0.12440000000000001
3161,0.2221,0.173,0.8099,0.3454,-0.049100000000000005,0.6369,-0.46449999999999997,0.12329999999999999
3162,0.6452,0.0998,0.2839,0.1777,-0.5454,0.18409999999999999,-0.10619999999999999,-0.4675
3163,0.5161,0.5341,0.7276,0.4628,0.018000000000000016,0.1935,-0.26480000000000004,-0.053300000000000014
3164,0.5916,,,,,,,
3165,0.5411,,,,,,,
3166,0.6491,,,,,,,
3167,0.2541,,,,,,,
3168,0.7917,,,,,,,
3169,0.6804,,,,,,,
3170,0.79,,,,,,,
3171,0.5414,,,,,,,
3172,0.6657,,,,,,,
3173,0.5388,,,,,,,
3174,0.3528,,,,,,,
3175,0.6219,,,,,,,
3176,0.4329,,,,,,,
3177,0.6635,,,,,,,
3178,0.3848,,,,,,,
3179,0.6387,,,,,,,
3180,0.6461,,,,,,,
3181,0.5013,,,,,,,
3182,0.77,,,,,,,
3183,0.5828,,,,,,,
3184,0.6307,,,,,,,
3185,0.649,,,,,,,
3186,0.3763,,,,,,,
3187,0.3655,,,,,,,
3188,0.5837,,,,,,,
3189,0.7348,,,,,,,
3190,0.5887,,,,,,,
3191,0.5873,,,,,,,
3192,0.6111,,,,,,,
3193,0.4963,,,,,,,
3194,0.4068,,,,,,,
3195,0.5195,,,,,,,
3196,0.5854,,,,,,,
3197,0.7522,,,,,,,
3198,0.5831,,,,,,,
3199,0.5113,,,,,,,
3200,0.2889,,,,,,,
3201,0.6167,,,,,,,
3202,0.3504,,,,,,,
3203,0.4573,,,,,,,
3204,0.3802,,,,,,,
3205,0.3256,,,,,,,
3206,0.5981,,,,,,,
3207,0.5971,,,,,,,
3208,0.4451,,,,,,,
3209,0.4099,,,,,,,
3210,0.5271,,,,,,,
3211,0.5532,,,,,,,
3212,0.6738,,,,,,,
3213,0.4227,,,,,,,
3214,0.5259,,,,,,,
3215,0.6039,,,,,,,
3216,0.5794,0.0675,0.1429,0.1584,-0.5119,0.0754,0.015500000000000014,-0.42100000000000004
3217,0.5351,0.0588,0.13,0.1171,-0.4763,0.07120000000000001,-0.012900000000000009,-0.41800000000000004
3218,0.4831,0.0307,0.2783,0.1626,-0.45239999999999997,0.2476,-0.1157,-0.3205
3219,0.61,0.1193,0.2318,0.1962,-0.49069999999999997,0.1125,-0.03559999999999999,-0.41379999999999995
3220,0.6482,0.1143,0.1982,0.1107,-0.5339,0.08389999999999999,-0.08749999999999998,-0.5375
3221,0.6713,0.0413,0.5954,0.3235,-0.63,0.5541,-0.27190000000000003,-0.3478
3222,0.3964,0.0671,0.0795,0.1811,-0.3293,0.012399999999999994,0.10160000000000001,-0.21529999999999996
3223,0.5444,0.4119,0.4401,0.1667,-0.1325,0.028200000000000003,-0.2734,-0.37770000000000004
3224,0.3896,0.1442,0.3727,0.2691,-0.2454,0.22849999999999998,-0.10359999999999997,-0.1205
3225,0.4057,0.4135,0.4562,0.1128,0.007799999999999974,0.042700000000000016,-0.3434,-0.2929
3226,0.5887,0.3882,0.122,0.2787,-0.2005,-0.2662,0.1567,-0.31
3227,0.8349,0.4304,0.0806,0.2502,-0.40449999999999997,-0.3498,0.16959999999999997,-0.5847
3228,0.7664,0.1753,0.4011,0.088,-0.5911,0.2258,-0.31310000000000004,-0.6784
3229,0.6303,0.3676,0.5368,0.3671,-0.2627,0.16920000000000007,-0.16970000000000007,-0.2632
3230,0.7268,0.0539,0.3802,0.1347,-0.6729,0.3263,-0.2455,-0.5921000000000001
3231,0.316,,,,,,,
3232,0.7182,,,,,,,
3233,0.5408,,,,,,,
3234,0.6235,,,,,,,
3235,0.5253,,,,,,,
3236,0.6356,,,,,,,
3237,0.7828,,,,,,,
3238,0.725,,,,,,,
3239,0.4026,,,,,,,
3240,0.4064,,,,,,,
3241,0.6233,,,,,,,
3242,0.3366,,,,,,,
3243,0.5384,,,,,,,
3244,0.4539,,,,,,,
3245,0.2953,,,,,,,
3246,0.7706,,,,,,,
3247,0.6457,,,,,,,
3248,0.1779,,,,,,,
3249,0.6501,,,,,,,
3250,0.5805,,,,,,,
3251,0.4876,,,,,,,
3252,0.6723,,,,,,,
3253,0.2949,,,,,,,
3254,0.6897,,,,,,,
3255,0.5372,,,,,,,
3256,0.7341,,,,,,,
3257,0.6735,,,,,,,
3258,0.364,,,,,,,
3259,0.4428,,,,,,,
3260,0.3575,,,,,,,
3261,0.4724,,,,,,,
3262,0.3273,,,,,,,
3263,0.3915,,,,,,,
3264,0.6248,,,,,,,
3265,0.233,,,,,,,
3266,0.5108,,,,,,,
3267,0.4249,,,,,,,
3268,0.5149,,,,,,,
3269,0.6458,,,,,,,
3270,0.7912,,,,,,,
3271,0.4746,,,,,,,
3272,0.2278,,,,,,,
3273,0.2008,,,,,,,
3274,0.1713,,,,,,,
3275,0.4928,,,,,,,
3276,0.2256,,,,,,,
3277,0.5139,,,,,,,
3278,0.5013,,,,,,,
3279,0.5265,,,,,,,
3280,0.6368,,,,,,,
3281,0.4942,,,,,,,
3282,0.5537,,,,,,,
3283,0.7226,0.2554,0.1024,0.0981,-0.4672,-0.15300000000000002,-0.004299999999999998,-0.6245
3284,0.6103,0.3296,0.2862,0.2078,-0.28069999999999995,-0.043399999999999994,-0.0784,-0.40249999999999997
3285,0.5811,0.1817,0.1655,0.2401,-0.3994,-0.016199999999999992,0.0746,-0.34099999999999997
3286,0.2725,0.3047,0.3679,0.1129,0.032200000000000006,0.06319999999999998,-0.255,-0.15960000000000002
3287,0.4695,0.3877,0.3653,0.1432,-0.08179999999999998,-0.022399999999999975,-0.22210000000000002,-0.3263
3288,0.774,0.1647,0.6632,0.1545,-0.6093,0.4985,-0.5087,-0.6195
3289,0.1779,0.146,0.1871,0.3069,-0.03190000000000001,0.0411,0.11980000000000002,0.129
3290,0.6259,0.2113,0.0778,0.0708,-0.4146,-0.1335,-0.006999999999999992,-0.5551
3291,0.1148,0.1115,0.2568,0.0856,-0.0032999999999999974,0.14529999999999998,-0.17119999999999996,-0.029200000000000004
3292,0.5519,0.3499,0.3029,0.2328,-0.20199999999999996,-0.046999999999999986,-0.0701,-0.31909999999999994
3293,0.5947,0.6146,0.5259,0.0263,0.01990000000000003,-0.0887,-0.49960000000000004,-0.5684
3294,0.5747,0.4119,0.2308,0.2143,-0.1628,-0.18109999999999998,-0.016500000000000015,-0.3604
3295,0.836,0.6659,0.7019,0.4192,-0.17009999999999992,0.03599999999999992,-0.28269999999999995,-0.41679999999999995
3296,0.6067,0.4192,0.5443,0.2952,-0.1875,0.1251,-0.2491,-0.3115
3297,0.3176,0.1504,0.1931,0.1621,-0.1672,0.04269999999999999,-0.031,-0.1555
3298,0.7626,,,,,,,
3299,0.608,,,,,,,
3300,0.4255,,,,,,,
3301,0.8344,,,,,,,
3302,0.6503,,,,,,,
3303,0.4982,,,,,,,
3304,0.7412,,,,,,,
3305,0.7263,,,,,,,
3306,0.276,,,,,,,
3307,0.5482,,,,,,,
3308,0.5135,,,,,,,
3309,0.3972,,,,,,,
3310,0.6935,,,,,,,
3311,0.5064,,,,,,,
3312,0.5777,,,,,,,
3313,0.4566,,,,,,,
3314,0.5599,,,,,,,
3315,0.4285,,,,,,,
3316,0.6426,,,,,,,
3317,0.4938,,,,,,,
3318,0.2914,,,,,,,
3319,0.5435,,,,,,,
3320,0.489,,,,,,,
3321,0.5313,,,,,,,
3322,0.6904,,,,,,,
3323,0.7085,,,,,,,
3324,0.2924,,,,,,,
3325,0.3621,,,,,,,
3326,0.3691,,,,,,,
3327,0.3192,,,,,,,
3328,0.6798,,,,,,,
3329,0.4682,,,,,,,
3330,0.3318,,,,,,,
3331,0.4552,,,,,,,
3332,0.5547,,,,,,,
3333,0.5335,,,,,,,
3334,0.5367,,,,,,,
3335,0.5446,,,,,,,
3336,0.4193,,,,,,,
3337,0.491,,,,,,,
3338,0.5321,,,,,,,
3339,0.6182,,,,,,,
3340,0.3815,,,,,,,
3341,0.4379,,,,,,,
3342,0.7224,,,,,,,
3343,0.4617,,,,,,,
3344,0.5594,,,,,,,
3345,0.5134,,,,,,,
3346,0.515,,,,,,,
3347,0.3319,,,,,,,
3348,0.5108,,,,,,,
3349,0.3961,,,,,,,
3350,0.7645,0.1123,0.2016,0.0992,-0.6522,0.0893,-0.1024,-0.6653
3351,0.6532,0.3151,0.2974,0.1897,-0.3381,-0.017699999999999994,-0.10769999999999999,-0.4635
3352,0.3764,0.1701,0.1192,0.1092,-0.2063,-0.0509,-0.009999999999999995,-0.2672
3353,0.2884,0.4008,0.15,0.5081,0.1124,-0.2508,0.3581,0.2197
3354,0.3648,0.5597,0.5355,0.3269,0.19489999999999996,-0.0242,-0.20859999999999995,-0.03789999999999999
3355,0.6464,0.4637,0.5475,0.3228,-0.18269999999999997,0.08379999999999999,-0.2247,-0.3236
3356,0.4148,0.1545,0.4373,0.2905,-0.2603,0.28280000000000005,-0.14680000000000004,-0.12430000000000002
3357,0.4745,0.2254,0.4174,0.2763,-0.2491,0.192,-0.1411,-0.1982
3358,0.6395,0.1663,0.3876,0.4734,-0.47319999999999995,0.2213,0.08579999999999999,-0.16609999999999997
3359,0.5008,0.1436,0.5635,0.0863,-0.3572,0.4199,-0.4772,-0.41450000000000004
3360,0.7689,-0.0232,0.3236,0.3672,-0.7921,0.3468,0.04360000000000003,-0.4017
3361,0.7481,0.0518,0.1224,0.0913,-0.6963,0.0706,-0.03109999999999999,-0.6567999999999999
3362,0.7545,0.5869,0.4419,0.2439,-0.16759999999999997,-0.14499999999999996,-0.198,-0.5105999999999999
3363,0.5624,0.1761,0.1734,0.0977,-0.3863,-0.002700000000000008,-0.0757,-0.4647
3364,0.5383,0.4751,0.309,0.0837,-0.06319999999999998,-0.16610000000000003,-0.2253,-0.4546
3365,0.4895,,,,,,,
3366,0.5562,,,,,,,
3367,0.8316,,,,,,,
3368,0.5088,,,,,,,
3369,0.8153,,,,,,,
3370,0.6582,,,,,,,
3371,0.7044,,,,,,,
3372,0.779,,,,,,,
3373,0.6972,,,,,,,
3374,0.2102,,,,,,,
3375,0.5531,,,,,,,
3376,0.6444,,,,,,,
3377,0.69,,,,,,,
3378,0.1926,,,,,,,
3379,0.2753,,,,,,,
3380,0.6245,,,,,,,
3381,0.5551,,,,,,,
3382,0.4456,,,,,,,
3383,0.6173,,,,,,,
3384,0.7522,,,,,,,
3385,0.5771,,,,,,,
3386,0.258,,,,,,,
3387,0.2212,,,,,,,
3388,0.4049,,,,,,,
3389,0.2495,,,,,,,
3390,0.7468,,,,,,,
3391,0.4178,,,,,,,
3392,0.4235,,,,,,,
3393,0.2142,,,,,,,
3394,0.1865,,,,,,,
3395,0.4272,,,,,,,
3396,0.4417,,,,,,,
3397,0.3555,,,,,,,
3398,0.2802,,,,,,,
3399,0.4593,,,,,,,
3400,0.5509,,,,,,,
3401,0.7253,,,,,,,
3402,0.5121,,,,,,,
3403,0.5855,,,,,,,
3404,0.2282,,,,,,,
3405,0.6739,,,,,,,
3406,0.2672,,,,,,,
3407,0.4184,,,,,,,
3408,0.533,,,,,,,
3409,0.2672,,,,,,,
3410,0.4436,,,,,,,
3411,0.5859,,,,,,,
3412,0.2736,,,,,,,
3413,0.3114,,,,,,,
3414,0.533,,,,,,,
3415,0.3517,,,,,,,
3416,0.5202,,,,,,,
3417,0.6973,0.1728,0.1359,0.3457,-0.5245,-0.036900000000000016,0.20980000000000001,-0.3516
3418,0.4785,0.3666,0.3379,0.1148,-0.1119,-0.028700000000000003,-0.22309999999999997,-0.36369999999999997
3419,0.6811,0.4693,0.3312,0.3553,-0.21180000000000004,-0.1381,0.02410000000000001,-0.32580000000000003
3420,0.6244,0.1632,0.24,0.1491,-0.46119999999999994,0.07679999999999998,-0.09089999999999998,-0.47529999999999994
3421,0.727,0.4,0.4682,0.4212,-0.32699999999999996,0.06819999999999998,-0.046999999999999986,-0.30579999999999996
3422,0.8139,0.2015,0.4194,0.374,-0.6123999999999999,0.21789999999999998,-0.045399999999999996,-0.43989999999999996
3423,0.4726,0.6472,0.2664,0.4319,0.17459999999999998,-0.38079999999999997,0.16549999999999998,-0.040700000000000014
3424,0.5513,0.618,0.5059,0.3309,0.06669999999999998,-0.11209999999999998,-0.175,-0.22039999999999998
3425,0.2936,0.4954,0.3617,0.3396,0.20179999999999998,-0.13369999999999999,-0.02210000000000001,0.045999999999999985
3426,0.5584,0.6106,0.4353,0.3746,0.052200000000000024,-0.1753,-0.06070000000000003,-0.18380000000000002
3427,0.5753,0.6812,0.6112,0.3864,0.1059,-0.07000000000000006,-0.22479999999999994,-0.1889
3428,0.5326,0.4586,0.1979,0.3061,-0.07399999999999995,-0.26070000000000004,0.10819999999999999,-0.22649999999999998
3429,0.5486,0.6335,0.6588,0.4272,0.08489999999999998,0.0253000000000001,-0.23160000000000003,-0.12139999999999995
3430,0.5516,0.2687,0.441,0.2765,-0.2829,0.1723,-0.16449999999999998,-0.27509999999999996
3431,0.6135,0.1307,0.3441,0.2192,-0.4828,0.2134,-0.12490000000000001,-0.39430000000000004
3432,0.7296,,,,,,,
3433,0.7433,,,,,,,
3434,0.7112,,,,,,,
3435,0.6246,,,,,,,
3436,0.7593,,,,,,,
3437,0.6808,,,,,,,
3438,0.7887,,,,,,,
3439,0.8296,,,,,,,
3440,0.5089,,,,,,,
3441,0.4174,,,,,,,
3442,0.4921,,,,,,,
3443,0.334,,,,,,,
3444,0.581,,,,,,,
3445,0.4802,,,,,,,
3446,0.492,,,,,,,
3447,0.6712,,,,,,,
3448,0.7017,,,,,,,
3449,0.474,,,,,,,
3450,0.4865,,,,,,,
3451,0.3921,,,,,,,
3452,0.2157,,,,,,,
3453,0.3964,,,,,,,
3454,0.3892,,,,,,,
3455,0.2576,,,,,,,
3456,0.5288,,,,,,,
3457,0.3094,,,,,,,
3458,0.4763,,,,,,,
3459,0.5652,,,,,,,
3460,0.5462,,,,,,,
3461,0.3303,,,,,,,
3462,0.413,,,,,,,
3463,0.7498,,,,,,,
3464,0.5713,,,,,,,
3465,0.6778,,,,,,,
3466,0.5394,,,,,,,
3467,0.4781,,,,,,,
3468,0.7983,,,,,,,
3469,0.4528,,,,,,,
3470,0.5291,,,,,,,
3471,0.3874,,,,,,,
3472,0.7054,,,,,,,
3473,0.5662,,,,,,,
3474,0.3941,,,,,,,
3475,0.6197,,,,,,,
3476,0.3791,,,,,,,
3477,0.2426,,,,,,,
3478,0.7223,,,,,,,
3479,0.2123,,,,,,,
3480,0.5049,,,,,,,
3481,0.4971,,,,,,,
3482,0.2837,,,,,,,
3483,0.5152,,,,,,,
3484,0.7081,0.4051,0.3309,0.2096,-0.30299999999999994,-0.07419999999999999,-0.12130000000000002,-0.49849999999999994
3485,0.4153,0.1766,0.0791,0.0774,-0.2387,-0.0975,-0.001700000000000007,-0.3379
3486,0.6132,0.4824,0.5308,0.2935,-0.13079999999999997,0.048400000000000054,-0.23730000000000007,-0.3197
3487,0.3952,0.4308,0.6003,0.3599,0.03560000000000002,0.16949999999999993,-0.24039999999999995,-0.0353
3488,0.498,-0.0032,0.1443,0.4667,-0.5012,0.14750000000000002,0.3224,-0.031299999999999994
3489,0.7817,0.3772,0.1996,0.167,-0.40449999999999997,-0.17759999999999998,-0.03259999999999999,-0.6146999999999999
3490,0.5157,0.1236,0.2022,0.1084,-0.39210000000000006,0.07859999999999999,-0.0938,-0.40730000000000005
3491,0.3533,0.3878,0.5519,0.2154,0.034499999999999975,0.16409999999999997,-0.3364999999999999,-0.1379
3492,0.6865,0.2,0.2695,0.4008,-0.4865,0.0695,0.13129999999999997,-0.2857
3493,0.4041,0.0648,0.6662,0.5592,-0.33930000000000005,0.6014,-0.10699999999999998,0.15510000000000002
3494,0.5094,0.1732,0.2227,0.1345,-0.33619999999999994,0.049500000000000016,-0.0882,-0.37489999999999996
3495,0.6724,0.2942,0.1204,0.19,-0.3782,-0.1738,0.06960000000000001,-0.4824
3496,0.66,0.0905,0.1399,0.1333,-0.5695,0.0494,-0.006599999999999995,-0.5267000000000001
3497,0.6947,0.1691,0.2923,0.1032,-0.5256,0.1232,-0.1891,-0.5915
3498,0.6506,0.1105,0.6215,0.3529,-0.5400999999999999,0.511,-0.26860000000000006,-0.29769999999999996
3499,0.4187,,,,,,,
3500,0.6117,,,,,,,
3501,0.4883,,,,,,,
3502,0.608,,,,,,,
3503,0.7477,,,,,,,
3504,0.6383,,,,,,,
3505,0.7798,,,,,,,
3506,0.8243,,,,,,,
3507,0.7611,,,,,,,
3508,0.6562,,,,,,,
3509,0.4911,,,,,,,
3510,0.4827,,,,,,,
3511,0.5306,,,,,,,
3512,0.3512,,,,,,,
3513,0.363,,,,,,,
3514,0.7481,,,,,,,
3515,0.7322,,,,,,,
3516,0.6381,,,,,,,
3517,0.6309,,,,,,,
3518,0.5013,,,,,,,
3519,0.6066,,,,,,,
3520,0.7571,,,,,,,
3521,0.3908,,,,,,,
3522,0.5161,,,,,,,
3523,0.64,,,,,,,
3524,0.774,,,,,,,
3525,0.6123,,,,,,,
3526,0.6959,,,,,,,
3527,0.3192,,,,,,,
3528,0.4234,,,,,,,
3529,0.3896,,,,,,,
3530,0.4958,,,,,,,
3531,0.485,,,,,,,
3532,0.5623,,,,,,,
3533,0.6591,,,,,,,
3534,0.4884,,,,,,,
3535,0.3746,,,,,,,
3536,0.5704,,,,,,,
3537,0.3969,,,,,,,
3538,0.229,,,,,,,
3539,0.3614,,,,,,,
3540,0.241,,,,,,,
3541,0.2973,,,,,,,
3542,0.644,,,,,,,
3543,0.5351,,,,,,,
3544,0.4875,,,,,,,
3545,0.5775,,,,,,,
3546,0.1573,,,,,,,
3547,0.6513,,,,,,,
3548,0.3572,,,,,,,
3549,0.6194,,,,,,,
3550,0.1832,,,,,,,
3551,0.6518,0.0064,0.3066,0.1327,-0.6454000000000001,0.30019999999999997,-0.17389999999999997,-0.5191
3552,0.3782,0.1798,0.1416,0.1471,-0.1984,-0.038199999999999984,0.005500000000000005,-0.23109999999999997
3553,0.5596,0.2228,0.2031,0.3418,-0.3368,-0.019699999999999995,0.1387,-0.2178
3554,0.5918,0.1889,0.3473,0.1705,-0.4029,0.15839999999999999,-0.17679999999999998,-0.4213
3555,0.5897,-0.0399,0.1722,0.0769,-0.6296,0.21209999999999998,-0.0953,-0.5128
3556,0.75,0.0292,0.6258,0.5068,-0.7208,0.5966,-0.119,-0.24319999999999997
3557,0.5588,0.3774,0.3566,0.2119,-0.18139999999999995,-0.02080000000000004,-0.14469999999999997,-0.3469
3558,0.2585,0.3455,0.4777,0.2741,0.08699999999999997,0.13220000000000004,-0.2036,0.015600000000000003
3559,0.3632,0.4603,0.4429,0.3851,0.09709999999999996,-0.01739999999999997,-0.05780000000000002,0.021899999999999975
3560,0.7202,0.5183,0.3135,0.3518,-0.20189999999999997,-0.20479999999999998,0.0383,-0.36839999999999995
3561,0.797,0.2828,0.3276,0.3002,-0.5142,0.044800000000000006,-0.02739999999999998,-0.4968
3562,0.734,0.5652,0.0528,0.0986,-0.16879999999999995,-0.5124000000000001,0.045799999999999993,-0.6354
3563,0.3281,0.3565,0.6071,0.3745,0.02839999999999998,0.2506,-0.23259999999999997,0.0464
3564,0.6695,0.27,0.3274,0.0125,-0.39949999999999997,0.05740000000000001,-0.3149,-0.657
3565,0.6913,0.4243,0.4175,0.1751,-0.267,-0.006800000000000028,-0.24239999999999998,-0.5162
3566,0.6802,,,,,,,
3567,0.5087,,,,,,,
3568,0.7034,,,,,,,
3569,0.4543,,,,,,,
3570,0.7579,,,,,,,
3571,0.2943,,,,,,,
3572,0.7073,,,,,,,
3573,0.6775,,,,,,,
3574,0.6496,,,,,,,
3575,0.6632,,,,,,,
3576,0.7582,,,,,,,
3577,0.5674,,,,,,,
3578,0.4352,,,,,,,
3579,0.3438,,,,,,,
3580,0.7759,,,,,,,
3581,0.597,,,,,,,
3582,0.528,,,,,,,
3583,0.7347,,,,,,,
3584,0.1905,,,,,,,
3585,0.5677,,,,,,,
3586,0.2533,,,,,,,
3587,0.6704,,,,,,,
3588,0.3938,,,,,,,
3589,0.6955,,,,,,,
3590,0.496,,,,,,,
3591,0.5634,,,,,,,
3592,0.4319,,,,,,,
3593,0.2806,,,,,,,
3594,0.5058,,,,,,,
3595,0.2533,,,,,,,
3596,0.7806,,,,,,,
3597,0.3617,,,,,,,
3598,0.2365,,,,,,,
3599,0.739,,,,,,,
3600,0.3075,,,,,,,
3601,0.2701,,,,,,,
3602,0.2512,,,,,,,
3603,0.2416,,,,,,,
3604,0.5092,,,,,,,
3605,0.6825,,,,,,,
3606,0.2656,,,,,,,
3607,0.7643,,,,,,,
3608,0.4131,,,,,,,
3609,0.2604,,,,,,,
3610,0.3815,,,,,,,
3611,0.4445,,,,,,,
3612,0.3252,,,,,,,
3613,0.4436,,,,,,,
3614,0.3179,,,,,,,
3615,0.5709,,,,,,,
3616,0.1827,,,,,,,
3617,0.4919,,,,,,,
3618,0.4295,-0.0403,0.0504,0.1364,-0.4698,0.0907,0.086,-0.2931
3619,0.8364,0.1241,0.7785,0.5454,-0.7123,0.6544,-0.23309999999999997,-0.29100000000000004
3620,0.6914,0.3636,0.1521,0.1873,-0.32780000000000004,-0.21149999999999997,0.03519999999999998,-0.5041
3621,0.5162,0.1032,0.1569,0.0586,-0.413,0.05370000000000001,-0.09830000000000001,-0.4576
3622,0.5594,0.0389,0.2213,0.3276,-0.5205,0.1824,0.1063,-0.2318
3623,0.2439,0.0688,0.279,0.2803,-0.1751,0.21020000000000003,0.0012999999999999678,0.03639999999999999
3624,0.4565,0.0697,0.179,0.082,-0.38680000000000003,0.1093,-0.09699999999999999,-0.3745
3625,0.6737,0.2325,0.2196,0.2538,-0.4411999999999999,-0.012900000000000023,0.034200000000000036,-0.41989999999999994
3626,0.7772,0.1503,0.2419,0.1608,-0.6269,0.09160000000000001,-0.0811,-0.6164000000000001
3627,0.3837,0.4759,0.1019,0.1544,0.0922,-0.374,0.052500000000000005,-0.22929999999999998
3628,0.5074,0.1784,0.2541,0.2268,-0.32899999999999996,0.07569999999999999,-0.02729999999999999,-0.28059999999999996
3629,0.5712,0.444,0.283,0.4015,-0.12720000000000004,-0.16100000000000003,0.11850000000000005,-0.16970000000000002
3630,0.5297,0.1528,0.559,0.3252,-0.37689999999999996,0.40620000000000006,-0.23380000000000006,-0.20449999999999996
3631,0.6196,-0.0014,0.5886,0.268,-0.621,0.59,-0.3206,-0.3516
3632,0.3214,0.1623,0.6181,0.2027,-0.15910000000000002,0.4558,-0.4154,-0.11870000000000003
3633,0.6786,,,,,,,
3634,0.6173,,,,,,,
3635,0.7845,,,,,,,
3636,0.7196,,,,,,,
3637,0.794,,,,,,,
3638,0.3594,,,,,,,
3639,0.5894,,,,,,,
3640,0.4013,,,,,,,
3641,0.3881,,,,,,,
3642,0.8385,,,,,,,
3643,0.5703,,,,,,,
3644,0.5998,,,,,,,
3645,0.614,,,,,,,
3646,0.7684,,,,,,,
3647,0.4208,,,,,,,
3648,0.2843,,,,,,,
3649,0.3608,,,,,,,
3650,0.3894,,,,,,,
3651,0.2695,,,,,,,
3652,0.6686,,,,,,,
3653,0.5959,,,,,,,
3654,0.3603,,,,,,,
3655,0.6473,,,,,,,
3656,0.31,,,,,,,
3657,0.5994,,,,,,,
3658,0.6514,,,,,,,
3659,0.368,,,,,,,
3660,0.5153,,,,,,,
3661,0.535,,,,,,,
3662,0.5671,,,,,,,
3663,0.4467,,,,,,,
3664,0.3887,,,,,,,
3665,0.5244,,,,,,,
3666,0.6539,,,,,,,
3667,0.206,,,,,,,
3668,0.3389,,,,,,,
3669,0.4074,,,,,,,
3670,0.348,,,,,,,
3671,0.4422,,,,,,,
3672,0.6413,,,,,,,
3673,0.3802,,,,,,,
3674,0.3076,,,,,,,
3675,0.2745,,,,,,,
3676,0.5907,,,,,,,
3677,0.408,,,,,,,
3678,0.5134,,,,,,,
3679,0.5566,,,,,,,
3680,0.6448,,,,,,,
3681,0.4327,,,,,,,
3682,0.3872,,,,,,,
3683,0.6616,,,,,,,
3684,-0.0388,,,,,,,
3685,0.4526,0.31,0.4989,0.346,-0.1426,0.1889,-0.15290000000000004,-0.10660000000000003
3686,0.6969,0.087,0.6276,0.359,-0.6099,0.5406000000000001,-0.26860000000000006,-0.3379
3687,0.52,0.0297,0.7204,0.205,-0.4903,0.6907000000000001,-0.5154000000000001,-0.31500000000000006
3688,0.5279,0.0301,0.444,0.4282,-0.4978,0.4139,-0.01579999999999998,-0.09970000000000001
3689,0.5277,0.0605,0.1788,0.2135,-0.46719999999999995,0.11829999999999999,0.03470000000000001,-0.3141999999999999
3690,0.4335,0.413,0.8318,0.5271,-0.020500000000000018,0.4188,-0.30469999999999997,0.09360000000000002
3691,0.6828,0.2498,0.4639,0.29,-0.43299999999999994,0.21409999999999998,-0.1739,-0.3928
3692,0.732,0.2444,0.6275,0.4124,-0.4876,0.38309999999999994,-0.21509999999999996,-0.3196
3693,0.4152,0.4323,0.4229,0.316,0.017100000000000004,-0.00940000000000002,-0.1069,-0.09920000000000001
3694,0.5631,0.1021,0.2254,0.1019,-0.4610000000000001,0.12329999999999999,-0.12349999999999998,-0.46120000000000005
3695,0.5127,0.4484,0.4904,0.3014,-0.06430000000000002,0.04199999999999998,-0.189,-0.21130000000000004
3696,0.5726,0.1529,0.7597,0.5009,-0.41969999999999996,0.6068,-0.25880000000000003,-0.07169999999999999
3697,0.6112,0.2618,0.6302,0.3322,-0.3494,0.3684,-0.298,-0.27899999999999997
3698,0.5214,0.4547,0.6576,0.2958,-0.06669999999999998,0.20289999999999997,-0.36179999999999995,-0.22559999999999997
3699,0.4832,0.5744,0.6989,0.298,0.0912,0.12449999999999994,-0.4009,-0.18520000000000003
3700,0.3116,,,,,,,
3701,0.6158,,,,,,,
3702,0.4356,,,,,,,
3703,0.471,,,,,,,
3704,0.4313,,,,,,,
3705,0.2898,,,,,,,
3706,0.4737,,,,,,,
3707,0.6717,,,,,,,
3708,0.7984,,,,,,,
3709,0.7119,,,,,,,
3710,0.3908,,,,,,,
3711,0.3446,,,,,,,
3712,0.7257,,,,,,,
3713,0.4871,,,,,,,
3714,0.2511,,,,,,,
3715,0.4836,,,,,,,
3716,0.4473,,,,,,,
3717,0.5458,,,,,,,
3718,0.4861,,,,,,,
3719,0.7491,,,,,,,
3720,0.4514,,,,,,,
3721,0.345,,,,,,,
3722,0.6482,,,,,,,
3723,0.483,,,,,,,
3724,0.5207,,,,,,,
3725,0.4326,,,,,,,
3726,0.3836,,,,,,,
3727,0.5165,,,,,,,
3728,0.3607,,,,,,,
3729,0.1655,,,,,,,
3730,0.0363,,,,,,,
3731,0.4266,,,,,,,
3732,0.5005,,,,,,,
3733,0.5095,,,,,,,
3734,0.6141,,,,,,,
3735,0.5173,,,,,,,
3736,0.5068,,,,,,,
3737,0.54,,,,,,,
3738,0.3366,,,,,,,
3739,0.3538,,,,,,,
3740,0.6671,,,,,,,
3741,0.2434,,,,,,,
3742,0.631,,,,,,,
3743,0.2902,,,,,,,
3744,0.2966,,,,,,,
3745,0.4022,,,,,,,
3746,0.4782,,,,,,,
3747,0.4144,,,,,,,
3748,0.2756,,,,,,,
3749,0.5335,,,,,,,
3750,0.4949,,,,,,,
3751,0.3374,,,,,,,
